word1,word2,semantic_distance
azbeszt,bagett,0.8800652623176575
azbeszt,bagger,0.9090424180030823
azbeszt,bakter,1.05037522315979
azbeszt,balek,1.1023187637329102
azbeszt,balett,1.0425105094909668
azbeszt,bankett,1.0710859298706055
azbeszt,barrel,0.7968989014625549
azbeszt,barter,0.9727062582969666
azbeszt,bojler,0.7161287069320679
azbeszt,bovden,0.9474496841430664
azbeszt,brojler,0.8049652576446533
azbeszt,bróker,1.0421323776245117
azbeszt,bukfenc,1.0877032279968262
azbeszt,bunker,0.8982784748077393
azbeszt,burleszk,0.9840020537376404
azbeszt,charter,1.0000014305114746
azbeszt,codec,0.8787329792976379
azbeszt,docens,1.0101900100708008
azbeszt,dodzsem,0.9435194134712219
azbeszt,doppler,0.8277386426925659
azbeszt,drukker,1.1061736345291138
azbeszt,duett,1.0328123569488525
azbeszt,dzsungel,0.956114649772644
azbeszt,dózer,0.9897978901863098
azbeszt,falzett,0.9262130260467529
azbeszt,farmer,0.9060922265052795
azbeszt,fater,1.0592269897460938
azbeszt,flanel,0.8096513748168945
azbeszt,flaszter,0.9199404120445251
azbeszt,flóbert,0.8093611001968384
azbeszt,fotel,0.9492347240447998
azbeszt,fráter,1.0843828916549683
azbeszt,fuser,0.903190016746521
azbeszt,gatyesz,0.951052188873291
azbeszt,gukker,0.9729523062705994
azbeszt,gólem,0.9861491322517395
azbeszt,hardver,0.9124051928520203
azbeszt,haver,1.0655709505081177
azbeszt,hotel,1.03457772731781
azbeszt,jampec,0.9660727977752686
azbeszt,junker,1.0492199659347534
azbeszt,kadet,1.1637792587280273
azbeszt,kampec,1.0643151998519897
azbeszt,karcer,0.9431723356246948
azbeszt,kartell,0.9027469158172607
azbeszt,karter,0.7695517539978027
azbeszt,klapec,0.9484673142433167
azbeszt,klaszter,0.9973621368408203
azbeszt,klozet,0.9864174127578735
azbeszt,koffer,0.8991156816482544
azbeszt,kolesz,1.0045374631881714
azbeszt,koncert,1.0315512418746948
azbeszt,konszern,0.934677243232727
azbeszt,konzerv,0.6979487538337708
azbeszt,kopek,0.9437578320503235
azbeszt,korner,1.022261619567871
azbeszt,kornett,0.9907264709472656
azbeszt,korrekt,1.0245497226715088
azbeszt,korvett,0.8614619374275208
azbeszt,krapek,1.0935486555099487
azbeszt,krokett,0.7869601845741272
azbeszt,kráter,0.8353231549263
azbeszt,kukker,0.9001610279083252
azbeszt,kupec,1.0623127222061157
azbeszt,kábel,0.8718056678771973
azbeszt,káder,0.9694167375564575
azbeszt,kódex,0.8857460618019104
azbeszt,kókler,1.0376657247543335
azbeszt,kóter,0.9519827365875244
azbeszt,lasztex,0.9263477921485901
azbeszt,latex,0.610153317451477
azbeszt,luesz,0.7209147214889526
azbeszt,lumen,0.86054527759552
azbeszt,lumpen,0.8699839115142822
azbeszt,láger,0.945574164390564
azbeszt,lóden,0.935150682926178
azbeszt,macesz,0.7699580192565918
azbeszt,macher,0.9703124761581421
azbeszt,majszter,1.0738590955734253
azbeszt,makett,0.8524390459060669
azbeszt,malter,0.7453280687332153
azbeszt,maszek,1.0421955585479736
azbeszt,matek,1.1301219463348389
azbeszt,mater,0.9297468066215515
azbeszt,modell,0.993730366230011
azbeszt,modem,1.0099787712097168
azbeszt,modern,0.9889346957206726
azbeszt,moped,0.9122610688209534
azbeszt,motel,0.9349005222320557
azbeszt,muter,0.9611878395080566
azbeszt,mutter,0.9691720008850098
azbeszt,mágnes,0.8142873644828796
azbeszt,nonszensz,1.0374970436096191
azbeszt,notesz,0.9701053500175476
azbeszt,okker,0.692638635635376
azbeszt,omlett,0.7720946073532104
azbeszt,pajesz,0.8890585899353027
azbeszt,pakett,0.9569035768508911
azbeszt,pamflet,0.9656254649162292
azbeszt,panel,0.8895690441131592
azbeszt,parkett,0.9759940505027771
azbeszt,parszek,0.9403606057167053
azbeszt,partner,1.062048077583313
azbeszt,pasztell,0.7663763165473938
azbeszt,plakett,0.8657693862915039
azbeszt,pollen,0.5468224287033081
azbeszt,poszter,0.9381476640701294
azbeszt,prakker,0.9866347908973694
azbeszt,projekt,0.9572170972824097
azbeszt,puffer,0.7007476091384888
azbeszt,pátens,0.9000864624977112
azbeszt,páter,1.1426727771759033
azbeszt,póker,1.0378509759902954
azbeszt,púder,0.7640331983566284
azbeszt,raszter,0.8425436615943909
azbeszt,rocker,1.0285301208496094
azbeszt,roller,0.8513340353965759
azbeszt,rubel,0.9554470181465149
azbeszt,rulett,1.0024868249893188
azbeszt,sakter,0.9336207509040833
azbeszt,saller,0.9973520636558533
azbeszt,samesz,0.9697673916816711
azbeszt,skanzen,0.9775450229644775
azbeszt,sláger,0.9413955807685852
azbeszt,sparherd,0.8254435658454895
azbeszt,srapnel,0.8699294328689575
azbeszt,stukker,1.0619817972183228
azbeszt,subler,0.8355801701545715
azbeszt,sumer,0.9309507012367249
azbeszt,suszter,1.0357574224472046
azbeszt,szkander,1.082729458808899
azbeszt,szlogen,1.0249532461166382
azbeszt,szoftver,0.8981757164001465
azbeszt,szonett,0.9941491484642029
azbeszt,szovjet,0.9606158137321472
azbeszt,szubrett,1.0199339389801025
azbeszt,sábesz,0.9301944375038147
azbeszt,sóder,0.6364703178405762
azbeszt,sólet,0.839102029800415
azbeszt,tandem,1.051306128501892
azbeszt,token,0.9316847920417786
azbeszt,totem,0.9019321203231812
azbeszt,transzfer,0.8733389377593994
azbeszt,traverz,0.9878156781196594
azbeszt,tróger,1.0760563611984253
azbeszt,valcer,0.9966233968734741
azbeszt,vamzer,0.9766144156455994
azbeszt,vátesz,1.0757622718811035
azbeszt,zsakett,0.8608418703079224
azbeszt,zsorzsett,0.8228809237480164
azbeszt,zsáner,0.9898351430892944
azbeszt,ágens,0.9228795170783997
azbeszt,ájer,0.8299664258956909
azbeszt,ámen,1.0996851921081543
azbeszt,ómen,1.0467551946640015
bagett,bagger,0.9462315440177917
bagett,bakter,0.9277210235595703
bagett,balek,1.0113465785980225
bagett,balett,0.9418119788169861
bagett,bankett,0.902972936630249
bagett,barrel,0.8748449087142944
bagett,barter,0.876680850982666
bagett,bojler,0.9488768577575684
bagett,bovden,0.9594829082489014
bagett,brojler,0.8572136759757996
bagett,bróker,0.9648094177246094
bagett,bukfenc,0.9589968919754028
bagett,bunker,0.9559532999992371
bagett,burleszk,0.8322845101356506
bagett,charter,0.9287338256835938
bagett,codec,0.8717979192733765
bagett,docens,1.0068836212158203
bagett,dodzsem,0.8735891580581665
bagett,doppler,0.9959582090377808
bagett,drukker,0.971062421798706
bagett,duett,0.8442214131355286
bagett,dzsungel,0.9338322281837463
bagett,dózer,1.004502773284912
bagett,falzett,0.8261243104934692
bagett,farmer,0.8512895703315735
bagett,fater,0.9401012659072876
bagett,flanel,0.7728914022445679
bagett,flaszter,0.9458324313163757
bagett,flóbert,0.8631939888000488
bagett,fotel,0.8138881921768188
bagett,fráter,0.9249880909919739
bagett,fuser,0.9209097623825073
bagett,gatyesz,0.7868565917015076
bagett,gukker,0.9180597066879272
bagett,gólem,1.0010509490966797
bagett,hardver,0.9223371148109436
bagett,haver,0.946096658706665
bagett,hotel,0.8786799907684326
bagett,jampec,0.8937714099884033
bagett,junker,0.8701326847076416
bagett,kadet,1.0126794576644897
bagett,kampec,0.950731098651886
bagett,karcer,0.8158287405967712
bagett,kartell,0.9413323402404785
bagett,karter,0.887060284614563
bagett,klapec,0.8144686222076416
bagett,klaszter,0.933110237121582
bagett,klozet,0.9602620005607605
bagett,koffer,0.8453342318534851
bagett,kolesz,0.9535080790519714
bagett,koncert,0.9358423352241516
bagett,konszern,0.8709267377853394
bagett,konzerv,0.7658487558364868
bagett,kopek,0.8590394258499146
bagett,korner,0.9130851030349731
bagett,kornett,0.845915675163269
bagett,korrekt,0.9545626044273376
bagett,korvett,0.8558347225189209
bagett,krapek,0.9407578706741333
bagett,krokett,0.7167403697967529
bagett,kráter,0.8977780938148499
bagett,kukker,0.8862828612327576
bagett,kupec,0.9758754968643188
bagett,kábel,0.8497883081436157
bagett,káder,0.9717764854431152
bagett,kódex,0.9016509056091309
bagett,kókler,0.9703653454780579
bagett,kóter,0.9505414366722107
bagett,lasztex,0.8726433515548706
bagett,latex,0.7501595616340637
bagett,luesz,0.9123632311820984
bagett,lumen,0.9279654622077942
bagett,lumpen,0.9947904944419861
bagett,láger,0.9685693979263306
bagett,lóden,0.7998431921005249
bagett,macesz,0.7816211581230164
bagett,macher,0.9377061724662781
bagett,majszter,0.9520500898361206
bagett,makett,0.8283814787864685
bagett,malter,0.9288761615753174
bagett,maszek,1.0267292261123657
bagett,matek,0.9881558418273926
bagett,mater,0.9057403206825256
bagett,modell,0.8379342555999756
bagett,modem,0.8720805048942566
bagett,modern,0.923845112323761
bagett,moped,0.9406270980834961
bagett,motel,0.9347855448722839
bagett,muter,0.9056066870689392
bagett,mutter,0.9052311182022095
bagett,mágnes,0.9332189559936523
bagett,nonszensz,1.0119348764419556
bagett,notesz,0.8071053624153137
bagett,okker,0.7853035926818848
bagett,omlett,0.7072727084159851
bagett,pajesz,0.8782142400741577
bagett,pakett,0.9146027565002441
bagett,pamflet,0.882658839225769
bagett,panel,0.9174495935440063
bagett,parkett,0.8965096473693848
bagett,parszek,0.8321632742881775
bagett,partner,0.9320123791694641
bagett,pasztell,0.7785266041755676
bagett,plakett,0.8353162407875061
bagett,pollen,0.9632102847099304
bagett,poszter,0.7978135347366333
bagett,prakker,0.8708846569061279
bagett,projekt,0.918746292591095
bagett,puffer,0.9085361361503601
bagett,pátens,0.8864397406578064
bagett,páter,0.9732754230499268
bagett,póker,0.9012826085090637
bagett,púder,0.7209070920944214
bagett,raszter,0.8931356072425842
bagett,rocker,0.8753237724304199
bagett,roller,0.8587222099304199
bagett,rubel,0.9299502968788147
bagett,rulett,0.8359850645065308
bagett,sakter,0.7903680205345154
bagett,saller,0.8787680268287659
bagett,samesz,0.9495144486427307
bagett,skanzen,0.8943626284599304
bagett,sláger,0.8146302103996277
bagett,sparherd,0.7941072583198547
bagett,srapnel,0.8773850202560425
bagett,stukker,0.865856409072876
bagett,subler,0.8474316596984863
bagett,sumer,0.9429328441619873
bagett,suszter,0.9532994031906128
bagett,szkander,0.934298038482666
bagett,szlogen,0.9218236207962036
bagett,szoftver,0.8820687532424927
bagett,szonett,0.8072789907455444
bagett,szovjet,1.0292264223098755
bagett,szubrett,0.8396993279457092
bagett,sábesz,0.8756154775619507
bagett,sóder,0.863601803779602
bagett,sólet,0.7247952222824097
bagett,tandem,0.8691549897193909
bagett,token,0.8658149838447571
bagett,totem,0.8699096441268921
bagett,transzfer,0.9220961928367615
bagett,traverz,0.9105615019798279
bagett,tróger,0.9706621170043945
bagett,valcer,0.7969579696655273
bagett,vamzer,0.9512643218040466
bagett,vátesz,0.9566670656204224
bagett,zsakett,0.7270137071609497
bagett,zsorzsett,0.7881326675415039
bagett,zsáner,0.850769579410553
bagett,ágens,0.982506513595581
bagett,ájer,0.965177595615387
bagett,ámen,0.9761707186698914
bagett,ómen,0.9942830801010132
bagger,bakter,0.96429842710495
bagger,balek,0.931915819644928
bagger,balett,0.9309682250022888
bagger,bankett,0.9730483889579773
bagger,barrel,0.8624690771102905
bagger,barter,0.9543161392211914
bagger,bojler,0.9547075033187866
bagger,bovden,0.9366227388381958
bagger,brojler,0.9333190321922302
bagger,bróker,1.0416123867034912
bagger,bukfenc,0.8813512325286865
bagger,bunker,0.9245525002479553
bagger,burleszk,0.8793689012527466
bagger,charter,0.9753143191337585
bagger,codec,0.8550829291343689
bagger,docens,1.0587031841278076
bagger,dodzsem,0.913314700126648
bagger,doppler,0.9227549433708191
bagger,drukker,1.0117616653442383
bagger,duett,0.9084407687187195
bagger,dzsungel,0.9127477407455444
bagger,dózer,0.9187179207801819
bagger,falzett,0.9218536019325256
bagger,farmer,0.9119982719421387
bagger,fater,0.902985692024231
bagger,flanel,0.8810907602310181
bagger,flaszter,0.8094512820243835
bagger,flóbert,0.9817209243774414
bagger,fotel,0.9114202260971069
bagger,fráter,0.9718811511993408
bagger,fuser,0.8667601346969604
bagger,gatyesz,0.8689196109771729
bagger,gukker,0.8926991820335388
bagger,gólem,0.9314345717430115
bagger,hardver,1.007993221282959
bagger,haver,0.8454553484916687
bagger,hotel,1.0278078317642212
bagger,jampec,0.9318269491195679
bagger,junker,1.002134084701538
bagger,kadet,1.0657310485839844
bagger,kampec,0.8690177798271179
bagger,karcer,0.8610963821411133
bagger,kartell,1.0179662704467773
bagger,karter,0.8814725875854492
bagger,klapec,0.9506042003631592
bagger,klaszter,0.9750105142593384
bagger,klozet,0.8176352977752686
bagger,koffer,0.8894346356391907
bagger,kolesz,0.9254969954490662
bagger,koncert,0.9368388056755066
bagger,konszern,1.0249440670013428
bagger,konzerv,0.8392636179924011
bagger,kopek,0.8964474201202393
bagger,korner,0.8056092262268066
bagger,kornett,0.9079115986824036
bagger,korrekt,1.0306274890899658
bagger,korvett,0.9814711213111877
bagger,krapek,0.9267075657844543
bagger,krokett,0.8674776554107666
bagger,kráter,0.9276138544082642
bagger,kukker,0.9294170141220093
bagger,kupec,0.927441418170929
bagger,kábel,1.031643271446228
bagger,káder,0.9958543181419373
bagger,kódex,1.0740675926208496
bagger,kókler,0.9623229503631592
bagger,kóter,0.8543474674224854
bagger,lasztex,0.8669726252555847
bagger,latex,0.8961789011955261
bagger,luesz,0.8845329284667969
bagger,lumen,0.9196987152099609
bagger,lumpen,0.9311826229095459
bagger,láger,1.036910057067871
bagger,lóden,0.9120860695838928
bagger,macesz,0.8986541032791138
bagger,macher,1.0136438608169556
bagger,majszter,0.881212592124939
bagger,makett,0.8978369235992432
bagger,malter,0.8870101571083069
bagger,maszek,0.9126486778259277
bagger,matek,0.9498134255409241
bagger,mater,0.9351004958152771
bagger,modell,1.0495634078979492
bagger,modem,1.048627257347107
bagger,modern,0.9835532307624817
bagger,moped,0.9808956980705261
bagger,motel,0.947789192199707
bagger,muter,0.880204439163208
bagger,mutter,0.9067672491073608
bagger,mágnes,0.9859105944633484
bagger,nonszensz,0.9703323245048523
bagger,notesz,0.864223837852478
bagger,okker,0.8415663242340088
bagger,omlett,0.8514728546142578
bagger,pajesz,0.9358366131782532
bagger,pakett,0.9822605848312378
bagger,pamflet,1.0007195472717285
bagger,panel,0.9591601490974426
bagger,parkett,0.9394579529762268
bagger,parszek,0.9150838851928711
bagger,partner,1.0732641220092773
bagger,pasztell,0.9158804416656494
bagger,plakett,0.9918638467788696
bagger,pollen,0.8605263233184814
bagger,poszter,0.9290186166763306
bagger,prakker,0.998036801815033
bagger,projekt,0.9850994944572449
bagger,puffer,0.9108131527900696
bagger,pátens,1.0563822984695435
bagger,páter,1.033282995223999
bagger,póker,0.9089792966842651
bagger,púder,0.9105162024497986
bagger,raszter,0.9297013282775879
bagger,rocker,0.9286015629768372
bagger,roller,0.9237561821937561
bagger,rubel,0.9367864727973938
bagger,rulett,0.9221325516700745
bagger,sakter,0.9649699926376343
bagger,saller,0.8913536667823792
bagger,samesz,0.9208383560180664
bagger,skanzen,0.9378291964530945
bagger,sláger,0.9244049191474915
bagger,sparherd,0.9042402505874634
bagger,srapnel,0.9518358707427979
bagger,stukker,0.9098044037818909
bagger,subler,0.8451414108276367
bagger,sumer,0.9214470386505127
bagger,suszter,0.9823410511016846
bagger,szkander,0.9371625185012817
bagger,szlogen,0.9956963658332825
bagger,szoftver,0.9832037687301636
bagger,szonett,0.9650314450263977
bagger,szovjet,0.990764319896698
bagger,szubrett,0.9300552010536194
bagger,sábesz,0.9960920214653015
bagger,sóder,0.8814858794212341
bagger,sólet,0.8917578458786011
bagger,tandem,0.9457264542579651
bagger,token,0.9499661326408386
bagger,totem,0.9486069679260254
bagger,transzfer,1.0119102001190186
bagger,traverz,0.8361413478851318
bagger,tróger,0.9004693627357483
bagger,valcer,0.9155039191246033
bagger,vamzer,0.9421836733818054
bagger,vátesz,1.0222376585006714
bagger,zsakett,0.8899194598197937
bagger,zsorzsett,0.8671355247497559
bagger,zsáner,0.9434323310852051
bagger,ágens,1.031187653541565
bagger,ájer,0.838266134262085
bagger,ámen,1.0092835426330566
bagger,ómen,1.0240933895111084
bakter,balek,0.7517160177230835
bakter,balett,0.9429453015327454
bakter,bankett,0.8529049754142761
bakter,barrel,1.0397415161132812
bakter,barter,1.0327446460723877
bakter,bojler,0.7798359394073486
bakter,bovden,0.8536183834075928
bakter,brojler,1.0037230253219604
bakter,bróker,0.8847048282623291
bakter,bukfenc,0.9202383160591125
bakter,bunker,0.6737982034683228
bakter,burleszk,0.8884734511375427
bakter,charter,0.938627302646637
bakter,codec,1.052479863166809
bakter,docens,0.9371165633201599
bakter,dodzsem,0.7239618301391602
bakter,doppler,0.9270346164703369
bakter,drukker,0.7947054505348206
bakter,duett,0.8892959952354431
bakter,dzsungel,0.7706292867660522
bakter,dózer,0.738727331161499
bakter,falzett,0.8968629240989685
bakter,farmer,0.7401492595672607
bakter,fater,0.6093693971633911
bakter,flanel,0.7640299797058105
bakter,flaszter,0.7733093500137329
bakter,flóbert,0.8330047130584717
bakter,fotel,0.6646811962127686
bakter,fráter,0.5890401601791382
bakter,fuser,0.8609800934791565
bakter,gatyesz,0.8228261470794678
bakter,gukker,0.8788730502128601
bakter,gólem,0.7798964977264404
bakter,hardver,1.0515763759613037
bakter,haver,0.6540032625198364
bakter,hotel,0.8129956126213074
bakter,jampec,0.8024313449859619
bakter,junker,0.8778986930847168
bakter,kadet,0.9809346795082092
bakter,kampec,0.8704797029495239
bakter,karcer,0.8128961324691772
bakter,kartell,1.0292681455612183
bakter,karter,0.8581976890563965
bakter,klapec,0.7918118834495544
bakter,klaszter,1.0837221145629883
bakter,klozet,0.6828134059906006
bakter,koffer,0.6511333584785461
bakter,kolesz,0.7332005500793457
bakter,koncert,0.8787262439727783
bakter,konszern,1.034376859664917
bakter,konzerv,0.8760066032409668
bakter,kopek,0.93440842628479
bakter,korner,0.947135329246521
bakter,kornett,0.8319941759109497
bakter,korrekt,1.1139651536941528
bakter,korvett,0.8539881706237793
bakter,krapek,0.6698028445243835
bakter,krokett,0.9449302554130554
bakter,kráter,0.8303435444831848
bakter,kukker,0.9129717350006104
bakter,kupec,0.5359654426574707
bakter,kábel,0.8655425310134888
bakter,káder,0.8871641159057617
bakter,kódex,0.9646726250648499
bakter,kókler,0.837378978729248
bakter,kóter,0.889959990978241
bakter,lasztex,0.94113689661026
bakter,latex,0.9285554885864258
bakter,luesz,0.9783424735069275
bakter,lumen,0.9770634174346924
bakter,lumpen,0.9317989945411682
bakter,láger,0.6724023818969727
bakter,lóden,0.8460901379585266
bakter,macesz,0.7645364999771118
bakter,macher,0.9984934329986572
bakter,majszter,0.856170654296875
bakter,makett,0.8904936909675598
bakter,malter,0.7170883417129517
bakter,maszek,0.7799046039581299
bakter,matek,0.8007780909538269
bakter,mater,0.8593743443489075
bakter,modell,1.0534979104995728
bakter,modem,0.9141917824745178
bakter,modern,1.0459221601486206
bakter,moped,0.8159725666046143
bakter,motel,0.769313395023346
bakter,muter,0.6765304207801819
bakter,mutter,0.7084338068962097
bakter,mágnes,0.8185868263244629
bakter,nonszensz,1.082859992980957
bakter,notesz,0.8424735069274902
bakter,okker,0.8333479166030884
bakter,omlett,0.7812756299972534
bakter,pajesz,0.8027263879776001
bakter,pakett,0.9609155654907227
bakter,pamflet,0.9407715797424316
bakter,panel,0.9742471575737
bakter,parkett,0.6717710494995117
bakter,parszek,0.877247154712677
bakter,partner,1.0671600103378296
bakter,pasztell,0.8663301467895508
bakter,plakett,0.9432405233383179
bakter,pollen,0.9326968193054199
bakter,poszter,0.9307692646980286
bakter,prakker,0.811367928981781
bakter,projekt,1.0540624856948853
bakter,puffer,1.0594578981399536
bakter,pátens,0.8494938611984253
bakter,páter,0.7063955664634705
bakter,póker,0.9555369019508362
bakter,púder,0.8844212293624878
bakter,raszter,1.0448273420333862
bakter,rocker,0.7515807151794434
bakter,roller,0.8240845203399658
bakter,rubel,0.8905421495437622
bakter,rulett,0.8474719524383545
bakter,sakter,0.8588000535964966
bakter,saller,0.7170302867889404
bakter,samesz,0.7888908386230469
bakter,skanzen,0.8150739669799805
bakter,sláger,0.8220533132553101
bakter,sparherd,0.7268961071968079
bakter,srapnel,0.7086749076843262
bakter,stukker,0.7049264907836914
bakter,subler,0.9617013335227966
bakter,sumer,0.9506499171257019
bakter,suszter,0.5092199444770813
bakter,szkander,0.9396392107009888
bakter,szlogen,0.8741142153739929
bakter,szoftver,1.0637919902801514
bakter,szonett,0.7789122462272644
bakter,szovjet,0.9253053665161133
bakter,szubrett,0.773532509803772
bakter,sábesz,0.9311334490776062
bakter,sóder,0.8214780688285828
bakter,sólet,0.7053728103637695
bakter,tandem,0.9013764262199402
bakter,token,0.968060314655304
bakter,totem,0.8272650241851807
bakter,transzfer,1.1040904521942139
bakter,traverz,0.8284120559692383
bakter,tróger,0.6361840963363647
bakter,valcer,0.7658490538597107
bakter,vamzer,0.7411395311355591
bakter,vátesz,0.8473222255706787
bakter,zsakett,0.7707429528236389
bakter,zsorzsett,0.8356150984764099
bakter,zsáner,0.9589849710464478
bakter,ágens,1.0583654642105103
bakter,ájer,0.8380759358406067
bakter,ámen,0.7831886410713196
bakter,ómen,0.8804605007171631
balek,balett,0.9130851030349731
balek,bankett,0.8895721435546875
balek,barrel,1.0315662622451782
balek,barter,0.942767322063446
balek,bojler,1.0693163871765137
balek,bovden,0.9161825776100159
balek,brojler,1.0435900688171387
balek,bróker,0.7236646413803101
balek,bukfenc,0.8612209558486938
balek,bunker,0.9030863046646118
balek,burleszk,0.8062189817428589
balek,charter,1.0795329809188843
balek,codec,1.0790154933929443
balek,docens,0.9593351483345032
balek,dodzsem,0.8720806837081909
balek,doppler,1.051794171333313
balek,drukker,0.7314664125442505
balek,duett,0.8462860584259033
balek,dzsungel,0.8447210192680359
balek,dózer,0.9024021029472351
balek,falzett,0.9508124589920044
balek,farmer,0.7174100279808044
balek,fater,0.687028169631958
balek,flanel,0.8553240895271301
balek,flaszter,0.9676723480224609
balek,flóbert,0.9232739210128784
balek,fotel,0.8455346822738647
balek,fráter,0.5901689529418945
balek,fuser,0.9636324644088745
balek,gatyesz,0.882795512676239
balek,gukker,0.9121338725090027
balek,gólem,0.7948113679885864
balek,hardver,1.0465644598007202
balek,haver,0.6031447649002075
balek,hotel,0.9469985365867615
balek,jampec,0.7866256237030029
balek,junker,0.891645073890686
balek,kadet,0.9837371110916138
balek,kampec,0.871826708316803
balek,karcer,0.8826057314872742
balek,kartell,1.016943335533142
balek,karter,0.9778168797492981
balek,klapec,0.7663136720657349
balek,klaszter,1.0437387228012085
balek,klozet,0.8617376089096069
balek,koffer,0.7561589479446411
balek,kolesz,0.8280402421951294
balek,koncert,0.9108297228813171
balek,konszern,1.0253465175628662
balek,konzerv,0.8584399223327637
balek,kopek,0.9072388410568237
balek,korner,0.9071065187454224
balek,kornett,0.9407167434692383
balek,korrekt,0.9723419547080994
balek,korvett,0.9536961317062378
balek,krapek,0.6465005874633789
balek,krokett,0.9510366916656494
balek,kráter,0.9942635893821716
balek,kukker,0.9596500396728516
balek,kupec,0.6018892526626587
balek,kábel,1.0704092979431152
balek,káder,0.6524353623390198
balek,kódex,1.0068323612213135
balek,kókler,0.5723768472671509
balek,kóter,0.9813001751899719
balek,lasztex,0.9815230369567871
balek,latex,0.9233248829841614
balek,luesz,0.9421921372413635
balek,lumen,1.012690782546997
balek,lumpen,0.7562322616577148
balek,láger,0.8072010278701782
balek,lóden,1.019215703010559
balek,macesz,0.9011732339859009
balek,macher,0.8814278244972229
balek,majszter,0.8922433257102966
balek,makett,1.0518105030059814
balek,malter,0.9215475916862488
balek,maszek,0.7060303688049316
balek,matek,0.7980250120162964
balek,mater,0.9730091094970703
balek,modell,0.9999517202377319
balek,modem,0.953702449798584
balek,modern,0.9722908139228821
balek,moped,0.9788317084312439
balek,motel,0.894355297088623
balek,muter,0.8097066879272461
balek,mutter,0.7285527586936951
balek,mágnes,0.8788666129112244
balek,nonszensz,0.8728044033050537
balek,notesz,0.8407250046730042
balek,okker,0.9260507822036743
balek,omlett,0.8629652261734009
balek,pajesz,0.916632890701294
balek,pakett,0.961686372756958
balek,pamflet,0.8094134330749512
balek,panel,1.0431774854660034
balek,parkett,0.862069308757782
balek,parszek,1.032773733139038
balek,partner,0.8193797469139099
balek,pasztell,0.9874961376190186
balek,plakett,0.9906726479530334
balek,pollen,0.9931581020355225
balek,poszter,0.9961886405944824
balek,prakker,0.8634553551673889
balek,projekt,1.0669413805007935
balek,puffer,1.0328648090362549
balek,pátens,1.0043634176254272
balek,páter,0.7897598743438721
balek,póker,0.809711217880249
balek,púder,0.8185886144638062
balek,raszter,1.1182758808135986
balek,rocker,0.6272997856140137
balek,roller,0.9543132781982422
balek,rubel,0.8890612721443176
balek,rulett,0.8026183843612671
balek,sakter,0.9560075998306274
balek,saller,0.7213984727859497
balek,samesz,0.7524000406265259
balek,skanzen,1.013241171836853
balek,sláger,0.8170366287231445
balek,sparherd,0.9024196863174438
balek,srapnel,0.7968714237213135
balek,stukker,0.8202691078186035
balek,subler,0.9604961276054382
balek,sumer,0.9788697957992554
balek,suszter,0.6319477558135986
balek,szkander,1.0049329996109009
balek,szlogen,0.8542904853820801
balek,szoftver,0.9906366467475891
balek,szonett,0.8622260093688965
balek,szovjet,0.9550075531005859
balek,szubrett,0.7961876392364502
balek,sábesz,0.9393694996833801
balek,sóder,0.9779396057128906
balek,sólet,0.8409223556518555
balek,tandem,0.9171698689460754
balek,token,1.0002377033233643
balek,totem,0.821260392665863
balek,transzfer,1.1521215438842773
balek,traverz,0.9876855611801147
balek,tróger,0.5874149203300476
balek,valcer,0.8562487363815308
balek,vamzer,0.7301223874092102
balek,vátesz,0.6550158262252808
balek,zsakett,0.9260228276252747
balek,zsorzsett,0.9589551687240601
balek,zsáner,0.9851623177528381
balek,ágens,0.8379732370376587
balek,ájer,0.8681067824363708
balek,ámen,0.8396193981170654
balek,ómen,0.8272940516471863
balett,bankett,0.7352980375289917
balett,barrel,1.0005732774734497
balett,barter,0.9676576852798462
balett,bojler,0.9878697991371155
balett,bovden,0.9910122156143188
balett,brojler,0.9806251525878906
balett,bróker,0.9609411954879761
balett,bukfenc,0.8924871683120728
balett,bunker,0.922400176525116
balett,burleszk,0.6232236623764038
balett,charter,0.993347704410553
balett,codec,1.0088012218475342
balett,docens,0.9327667355537415
balett,dodzsem,0.7616034150123596
balett,doppler,0.9596805572509766
balett,drukker,0.8856310844421387
balett,duett,0.6532756090164185
balett,dzsungel,0.8842615485191345
balett,dózer,0.9474923014640808
balett,falzett,0.7901641130447388
balett,farmer,0.8425584435462952
balett,fater,0.9532942771911621
balett,flanel,0.9022703170776367
balett,flaszter,0.9911637306213379
balett,flóbert,0.9473659992218018
balett,fotel,0.8716882467269897
balett,fráter,1.00697660446167
balett,fuser,1.054847240447998
balett,gatyesz,0.9211486577987671
balett,gukker,0.9113337993621826
balett,gólem,0.9394111037254333
balett,hardver,0.9829422831535339
balett,haver,0.9040612578392029
balett,hotel,0.809511661529541
balett,jampec,0.9108023643493652
balett,junker,0.9392756819725037
balett,kadet,0.873218834400177
balett,kampec,1.0631473064422607
balett,karcer,0.9130606651306152
balett,kartell,1.0036290884017944
balett,karter,1.0060501098632812
balett,klapec,0.8948306441307068
balett,klaszter,0.9058668613433838
balett,klozet,0.85475754737854
balett,koffer,0.8874436616897583
balett,kolesz,0.8408564329147339
balett,koncert,0.5899171829223633
balett,konszern,0.9461869597434998
balett,konzerv,0.9001993536949158
balett,kopek,0.9310159087181091
balett,korner,0.9024532437324524
balett,kornett,0.796716570854187
balett,korrekt,1.0799063444137573
balett,korvett,0.9624388813972473
balett,krapek,0.8732521533966064
balett,krokett,0.8713744282722473
balett,kráter,0.9641332626342773
balett,kukker,0.974845290184021
balett,kupec,0.8951259851455688
balett,kábel,1.0259697437286377
balett,káder,0.8571085929870605
balett,kódex,0.9216188788414001
balett,kókler,0.8865762948989868
balett,kóter,0.9591379761695862
balett,lasztex,0.8763660192489624
balett,latex,0.939017117023468
balett,luesz,0.9548044800758362
balett,lumen,0.9448729157447815
balett,lumpen,0.9259390234947205
balett,láger,0.8837453722953796
balett,lóden,0.8769419193267822
balett,macesz,0.9665006399154663
balett,macher,0.9959020018577576
balett,majszter,1.0647609233856201
balett,makett,0.7533915042877197
balett,malter,0.9814010858535767
balett,maszek,0.9506505131721497
balett,matek,0.7588891386985779
balett,mater,0.8415359258651733
balett,modell,0.8829392194747925
balett,modem,1.0133988857269287
balett,modern,0.7202298641204834
balett,moped,0.9147272109985352
balett,motel,0.8599205017089844
balett,muter,0.9990625977516174
balett,mutter,0.9207169413566589
balett,mágnes,0.9227524399757385
balett,nonszensz,0.9590198397636414
balett,notesz,0.9152434468269348
balett,okker,0.8823767900466919
balett,omlett,0.8417813181877136
balett,pajesz,0.8760537505149841
balett,pakett,0.9902859330177307
balett,pamflet,0.8222995400428772
balett,panel,1.0402401685714722
balett,parkett,0.84455406665802
balett,parszek,1.048723816871643
balett,partner,0.9558002352714539
balett,pasztell,0.7800843119621277
balett,plakett,0.8514049649238586
balett,pollen,1.0482368469238281
balett,poszter,0.7625885605812073
balett,prakker,0.9747443795204163
balett,projekt,0.9255278706550598
balett,puffer,1.098562479019165
balett,pátens,1.067157506942749
balett,páter,0.9513936638832092
balett,póker,0.7120625376701355
balett,púder,0.8932653069496155
balett,raszter,1.0201847553253174
balett,rocker,0.6782069802284241
balett,roller,0.7753867506980896
balett,rubel,1.0086915493011475
balett,rulett,0.7468917369842529
balett,sakter,0.9384626746177673
balett,saller,0.9229143261909485
balett,samesz,0.9229661822319031
balett,skanzen,0.7188988327980042
balett,sláger,0.7069165706634521
balett,sparherd,0.9781109690666199
balett,srapnel,0.9147284030914307
balett,stukker,0.8901669979095459
balett,subler,0.9387435913085938
balett,sumer,0.937559962272644
balett,suszter,0.8822721242904663
balett,szkander,0.8176720142364502
balett,szlogen,0.9375666379928589
balett,szoftver,0.9808574318885803
balett,szonett,0.6811437606811523
balett,szovjet,0.953562319278717
balett,szubrett,0.6874231100082397
balett,sábesz,1.012151837348938
balett,sóder,1.0323666334152222
balett,sólet,0.8445899486541748
balett,tandem,0.776537299156189
balett,token,1.0045243501663208
balett,totem,0.9341209530830383
balett,transzfer,0.9524064660072327
balett,traverz,0.9619873762130737
balett,tróger,0.9266040325164795
balett,valcer,0.7307454347610474
balett,vamzer,1.0883244276046753
balett,vátesz,0.8526228070259094
balett,zsakett,0.8375186920166016
balett,zsorzsett,0.8785190582275391
balett,zsáner,0.7215962409973145
balett,ágens,0.9499455690383911
balett,ájer,0.936094343662262
balett,ámen,0.9628850221633911
balett,ómen,0.9904435276985168
bankett,barrel,1.0653001070022583
bankett,barter,0.9141990542411804
bankett,bojler,0.9571176171302795
bankett,bovden,0.9930132031440735
bankett,brojler,0.9548078775405884
bankett,bróker,0.9159255623817444
bankett,bukfenc,0.8419809341430664
bankett,bunker,0.8547860383987427
bankett,burleszk,0.8923655152320862
bankett,charter,1.0018563270568848
bankett,codec,1.0309582948684692
bankett,docens,0.970521092414856
bankett,dodzsem,0.7674825191497803
bankett,doppler,1.0136346817016602
bankett,drukker,0.8214417695999146
bankett,duett,0.8023239970207214
bankett,dzsungel,0.9276769161224365
bankett,dózer,0.9488497376441956
bankett,falzett,0.972392737865448
bankett,farmer,0.8883837461471558
bankett,fater,0.8286297917366028
bankett,flanel,0.7746904492378235
bankett,flaszter,0.9320521354675293
bankett,flóbert,1.0620697736740112
bankett,fotel,0.8153954148292542
bankett,fráter,0.9006407260894775
bankett,fuser,1.11487877368927
bankett,gatyesz,0.8782703876495361
bankett,gukker,0.8982258439064026
bankett,gólem,0.9520139694213867
bankett,hardver,1.0812281370162964
bankett,haver,0.8540202975273132
bankett,hotel,0.7054042816162109
bankett,jampec,0.8914695978164673
bankett,junker,0.9828504323959351
bankett,kadet,0.915667712688446
bankett,kampec,0.9653880000114441
bankett,karcer,0.8227631449699402
bankett,kartell,0.9839136600494385
bankett,karter,0.9436857104301453
bankett,klapec,0.9763138890266418
bankett,klaszter,1.0059038400650024
bankett,klozet,0.8070911765098572
bankett,koffer,0.8803583383560181
bankett,kolesz,0.7032482028007507
bankett,koncert,0.5157822370529175
bankett,konszern,1.0581128597259521
bankett,konzerv,0.8603776097297668
bankett,kopek,0.9106771945953369
bankett,korner,0.9144211411476135
bankett,kornett,0.9377578496932983
bankett,korrekt,1.0685439109802246
bankett,korvett,0.9755075573921204
bankett,krapek,0.9242808818817139
bankett,krokett,0.85020512342453
bankett,kráter,0.9876059889793396
bankett,kukker,0.9328536987304688
bankett,kupec,0.8500419855117798
bankett,kábel,0.9960534572601318
bankett,káder,0.9636703133583069
bankett,kódex,0.9495358467102051
bankett,kókler,0.9613901376724243
bankett,kóter,0.8631455898284912
bankett,lasztex,0.887346088886261
bankett,latex,0.9074267745018005
bankett,luesz,1.008727788925171
bankett,lumen,1.0019437074661255
bankett,lumpen,1.0566487312316895
bankett,láger,0.8163909912109375
bankett,lóden,0.8224665522575378
bankett,macesz,0.8692150712013245
bankett,macher,0.9732894897460938
bankett,majszter,0.9618012309074402
bankett,makett,0.842475950717926
bankett,malter,0.9514004588127136
bankett,maszek,0.9382151961326599
bankett,matek,0.7866798639297485
bankett,mater,0.79168701171875
bankett,modell,1.0097941160202026
bankett,modem,0.9837422370910645
bankett,modern,1.082767367362976
bankett,moped,0.9205465316772461
bankett,motel,0.7727183699607849
bankett,muter,0.8460793495178223
bankett,mutter,0.8375802040100098
bankett,mágnes,0.9600364565849304
bankett,nonszensz,1.0206040143966675
bankett,notesz,0.8210999965667725
bankett,okker,0.8722306489944458
bankett,omlett,0.7893684506416321
bankett,pajesz,0.8543558120727539
bankett,pakett,1.0152122974395752
bankett,pamflet,0.8450270891189575
bankett,panel,0.9222216606140137
bankett,parkett,0.7694661021232605
bankett,parszek,0.9976019263267517
bankett,partner,0.9738490581512451
bankett,pasztell,0.9187634587287903
bankett,plakett,0.8946330547332764
bankett,pollen,1.0124561786651611
bankett,poszter,0.7106847763061523
bankett,prakker,0.9086351990699768
bankett,projekt,0.9122495651245117
bankett,puffer,1.1349066495895386
bankett,pátens,0.8897777199745178
bankett,páter,0.9199355840682983
bankett,póker,0.825911283493042
bankett,púder,0.8737053275108337
bankett,raszter,1.1017639636993408
bankett,rocker,0.8700099587440491
bankett,roller,0.7621772885322571
bankett,rubel,0.9393635392189026
bankett,rulett,0.8545446395874023
bankett,sakter,0.8911674618721008
bankett,saller,0.796960711479187
bankett,samesz,0.8670103549957275
bankett,skanzen,0.7816513776779175
bankett,sláger,0.7944079637527466
bankett,sparherd,0.8935936093330383
bankett,srapnel,0.9663744568824768
bankett,stukker,0.9263396263122559
bankett,subler,1.053649663925171
bankett,sumer,1.0810807943344116
bankett,suszter,0.8386697173118591
bankett,szkander,0.7254965305328369
bankett,szlogen,0.9111619591712952
bankett,szoftver,1.02364981174469
bankett,szonett,0.8417577743530273
bankett,szovjet,1.0114825963974
bankett,szubrett,0.832026481628418
bankett,sábesz,0.85782790184021
bankett,sóder,0.9594650268554688
bankett,sólet,0.7191784381866455
bankett,tandem,0.8276135921478271
bankett,token,0.9653255939483643
bankett,totem,0.8538134098052979
bankett,transzfer,0.907302975654602
bankett,traverz,0.8953218460083008
bankett,tróger,0.8262882232666016
bankett,valcer,0.6854263544082642
bankett,vamzer,0.982391893863678
bankett,vátesz,0.9869545698165894
bankett,zsakett,0.9092363715171814
bankett,zsorzsett,0.8741580247879028
bankett,zsáner,0.9437844157218933
bankett,ágens,1.0816833972930908
bankett,ájer,0.9298062324523926
bankett,ámen,0.9001519083976746
bankett,ómen,0.9255537986755371
barrel,barter,0.9363973736763
barrel,bojler,0.8421992063522339
barrel,bovden,1.022972583770752
barrel,brojler,0.8743326663970947
barrel,bróker,0.9470430612564087
barrel,bukfenc,1.02849543094635
barrel,bunker,0.9424223303794861
barrel,burleszk,0.9431254863739014
barrel,charter,0.9328044652938843
barrel,codec,0.8847700357437134
barrel,docens,0.9253698587417603
barrel,dodzsem,1.0039846897125244
barrel,doppler,0.854503870010376
barrel,drukker,0.9530659914016724
barrel,duett,0.9064692258834839
barrel,dzsungel,1.028923511505127
barrel,dózer,0.9276708364486694
barrel,falzett,0.9099225401878357
barrel,farmer,0.8839963674545288
barrel,fater,0.9931696653366089
barrel,flanel,0.9025943875312805
barrel,flaszter,0.9802815318107605
barrel,flóbert,0.8333753347396851
barrel,fotel,0.9653041362762451
barrel,fráter,1.066284418106079
barrel,fuser,0.8683728575706482
barrel,gatyesz,0.8391579985618591
barrel,gukker,0.8996008038520813
barrel,gólem,0.9871593713760376
barrel,hardver,0.9659857749938965
barrel,haver,1.0008258819580078
barrel,hotel,0.9432174563407898
barrel,jampec,0.8965132832527161
barrel,junker,0.9367362260818481
barrel,kadet,1.0019350051879883
barrel,kampec,0.8917336463928223
barrel,karcer,0.9148297309875488
barrel,kartell,0.9282146096229553
barrel,karter,0.8817638754844666
barrel,klapec,0.9598284363746643
barrel,klaszter,0.8979645371437073
barrel,klozet,0.9708163738250732
barrel,koffer,0.9175665974617004
barrel,kolesz,1.0061347484588623
barrel,koncert,0.9809831380844116
barrel,konszern,0.838638186454773
barrel,konzerv,0.7585771083831787
barrel,kopek,0.8960913419723511
barrel,korner,0.9918481707572937
barrel,kornett,0.9441651105880737
barrel,korrekt,1.0179932117462158
barrel,korvett,0.8146471977233887
barrel,krapek,0.9883078932762146
barrel,krokett,0.8149818778038025
barrel,kráter,0.8805630207061768
barrel,kukker,0.908096432685852
barrel,kupec,0.995269775390625
barrel,kábel,0.9069230556488037
barrel,káder,1.008459210395813
barrel,kódex,0.9506338238716125
barrel,kókler,1.0048571825027466
barrel,kóter,0.9742268323898315
barrel,lasztex,0.9745022654533386
barrel,latex,0.8442115783691406
barrel,luesz,0.8873171806335449
barrel,lumen,0.7652116417884827
barrel,lumpen,1.044878363609314
barrel,láger,1.0491005182266235
barrel,lóden,0.9633119106292725
barrel,macesz,0.8694918155670166
barrel,macher,0.9038137793540955
barrel,majszter,1.0155683755874634
barrel,makett,0.9587985873222351
barrel,malter,0.9833604693412781
barrel,maszek,0.9912840723991394
barrel,matek,1.0329545736312866
barrel,mater,0.947223961353302
barrel,modell,0.940403163433075
barrel,modem,0.9252840876579285
barrel,modern,1.0091525316238403
barrel,moped,0.868205189704895
barrel,motel,0.9496996402740479
barrel,muter,0.9484260678291321
barrel,mutter,0.9402747750282288
barrel,mágnes,0.9462562799453735
barrel,nonszensz,0.9610515236854553
barrel,notesz,0.9483451247215271
barrel,okker,0.9094817638397217
barrel,omlett,0.7997903823852539
barrel,pajesz,0.9778927564620972
barrel,pakett,0.8231388926506042
barrel,pamflet,1.0163334608078003
barrel,panel,0.9550962448120117
barrel,parkett,0.9629803895950317
barrel,parszek,0.7404680848121643
barrel,partner,1.0104660987854004
barrel,pasztell,0.9772157669067383
barrel,plakett,0.9521785974502563
barrel,pollen,0.8531765937805176
barrel,poszter,0.905523419380188
barrel,prakker,0.9985578656196594
barrel,projekt,0.9754005074501038
barrel,puffer,0.8328801393508911
barrel,pátens,0.9628611207008362
barrel,páter,1.0387667417526245
barrel,póker,0.9434973001480103
barrel,púder,0.9587177634239197
barrel,raszter,0.9309030771255493
barrel,rocker,0.9421181678771973
barrel,roller,0.9367274641990662
barrel,rubel,0.7018354535102844
barrel,rulett,0.8399314284324646
barrel,sakter,0.9117059707641602
barrel,saller,0.9491150379180908
barrel,samesz,1.0154750347137451
barrel,skanzen,1.0292284488677979
barrel,sláger,0.8372291326522827
barrel,sparherd,0.9379663467407227
barrel,srapnel,0.9001067876815796
barrel,stukker,1.0477938652038574
barrel,subler,0.8157764673233032
barrel,sumer,0.8844364881515503
barrel,suszter,0.9859667420387268
barrel,szkander,0.9703940749168396
barrel,szlogen,1.0314096212387085
barrel,szoftver,0.9230828881263733
barrel,szonett,1.0569885969161987
barrel,szovjet,0.9211814999580383
barrel,szubrett,1.0070478916168213
barrel,sábesz,0.9788592457771301
barrel,sóder,0.8722359538078308
barrel,sólet,0.8862026333808899
barrel,tandem,0.9192594289779663
barrel,token,0.8527962565422058
barrel,totem,0.9708632826805115
barrel,transzfer,0.9096976518630981
barrel,traverz,0.9412207007408142
barrel,tróger,0.9670560956001282
barrel,valcer,0.9632915258407593
barrel,vamzer,0.9898485541343689
barrel,vátesz,1.0383230447769165
barrel,zsakett,0.9169739484786987
barrel,zsorzsett,0.9062512516975403
barrel,zsáner,0.9930295944213867
barrel,ágens,0.9621545076370239
barrel,ájer,0.9806585311889648
barrel,ámen,0.9822556376457214
barrel,ómen,1.0591789484024048
barter,bojler,1.0504226684570312
barter,bovden,1.0731720924377441
barter,brojler,0.9000062346458435
barter,bróker,0.7178061604499817
barter,bukfenc,1.0644019842147827
barter,bunker,1.009888768196106
barter,burleszk,0.9683201909065247
barter,charter,0.7511557340621948
barter,codec,0.9499471187591553
barter,docens,1.0529513359069824
barter,dodzsem,1.0225681066513062
barter,doppler,1.0976990461349487
barter,drukker,1.0115023851394653
barter,duett,1.0087471008300781
barter,dzsungel,1.080728530883789
barter,dózer,0.9635781049728394
barter,falzett,0.97488933801651
barter,farmer,0.8679808378219604
barter,fater,1.0017365217208862
barter,flanel,0.9486346244812012
barter,flaszter,0.9823672771453857
barter,flóbert,0.9093363881111145
barter,fotel,1.0103970766067505
barter,fráter,1.0375276803970337
barter,fuser,0.9049741625785828
barter,gatyesz,0.9218451380729675
barter,gukker,0.933625340461731
barter,gólem,1.0693777799606323
barter,hardver,0.8801537156105042
barter,haver,0.9423372745513916
barter,hotel,0.8611155152320862
barter,jampec,0.9486303925514221
barter,junker,0.974668025970459
barter,kadet,1.0015498399734497
barter,kampec,1.0727417469024658
barter,karcer,0.9727745652198792
barter,kartell,0.7200654745101929
barter,karter,0.9877209663391113
barter,klapec,0.9370190501213074
barter,klaszter,0.822300136089325
barter,klozet,1.0632524490356445
barter,koffer,0.9836795330047607
barter,kolesz,0.9870949387550354
barter,koncert,0.9870695471763611
barter,konszern,0.7863654494285583
barter,konzerv,0.8651443719863892
barter,kopek,0.961430013179779
barter,korner,0.9593284130096436
barter,kornett,0.9659087657928467
barter,korrekt,0.8815787434577942
barter,korvett,0.9062182307243347
barter,krapek,1.0138262510299683
barter,krokett,0.9266216158866882
barter,kráter,1.0599796772003174
barter,kukker,0.9432298541069031
barter,kupec,0.9462925791740417
barter,kábel,0.9643406867980957
barter,káder,0.9909767508506775
barter,kódex,0.9281357526779175
barter,kókler,0.9184095859527588
barter,kóter,1.0364927053451538
barter,lasztex,0.949813961982727
barter,latex,0.93326735496521
barter,luesz,1.0295381546020508
barter,lumen,1.0222678184509277
barter,lumpen,0.9519034624099731
barter,láger,1.0756659507751465
barter,lóden,0.979367733001709
barter,macesz,1.0283634662628174
barter,macher,0.9341796636581421
barter,majszter,0.9717735052108765
barter,makett,0.950175404548645
barter,malter,0.9586535692214966
barter,maszek,0.751943051815033
barter,matek,1.0548546314239502
barter,mater,0.9941428899765015
barter,modell,0.884117066860199
barter,modem,0.9330945014953613
barter,modern,0.9734076857566833
barter,moped,0.9588915109634399
barter,motel,0.857674241065979
barter,muter,0.9536024928092957
barter,mutter,0.9833480715751648
barter,mágnes,1.0621041059494019
barter,nonszensz,0.9198101758956909
barter,notesz,0.9446060061454773
barter,okker,0.9774117469787598
barter,omlett,0.9054437279701233
barter,pajesz,0.9219601154327393
barter,pakett,0.7576225399971008
barter,pamflet,0.9458658695220947
barter,panel,0.9371607899665833
barter,parkett,0.9659003615379333
barter,parszek,1.0159660577774048
barter,partner,0.757606029510498
barter,pasztell,1.0142650604248047
barter,plakett,0.9553960561752319
barter,pollen,1.0674444437026978
barter,poszter,0.8807321190834045
barter,prakker,0.9742059111595154
barter,projekt,0.823874831199646
barter,puffer,0.9164294600486755
barter,pátens,0.9192630648612976
barter,páter,1.1418589353561401
barter,póker,0.8313966393470764
barter,púder,1.0085300207138062
barter,raszter,1.0488615036010742
barter,rocker,1.0107953548431396
barter,roller,0.9102674722671509
barter,rubel,0.7555398344993591
barter,rulett,0.8424983024597168
barter,sakter,0.954156756401062
barter,saller,0.9265178442001343
barter,samesz,1.0413798093795776
barter,skanzen,0.9533944725990295
barter,sláger,0.9142690300941467
barter,sparherd,0.9367084503173828
barter,srapnel,0.9852811098098755
barter,stukker,1.0462030172348022
barter,subler,0.8926653861999512
barter,sumer,0.9923566579818726
barter,suszter,1.0395864248275757
barter,szkander,0.9243767261505127
barter,szlogen,0.9187162518501282
barter,szoftver,0.8659772276878357
barter,szonett,1.0450975894927979
barter,szovjet,0.9660276174545288
barter,szubrett,0.936050534248352
barter,sábesz,0.9520798325538635
barter,sóder,0.9498650431632996
barter,sólet,0.9610942006111145
barter,tandem,0.9122044444084167
barter,token,0.8958319425582886
barter,totem,1.048505187034607
barter,transzfer,0.7895386815071106
barter,traverz,1.006792426109314
barter,tróger,0.9613641500473022
barter,valcer,0.9618338346481323
barter,vamzer,0.9889593124389648
barter,vátesz,1.0830411911010742
barter,zsakett,0.978461503982544
barter,zsorzsett,0.9762997627258301
barter,zsáner,0.9896979928016663
barter,ágens,1.017250418663025
barter,ájer,1.036229133605957
barter,ámen,1.0499285459518433
barter,ómen,1.0209970474243164
bojler,bovden,0.6731234788894653
bojler,brojler,0.8929451704025269
bojler,bróker,0.9798572063446045
bojler,bukfenc,0.8774927854537964
bojler,bunker,0.6379916071891785
bojler,burleszk,0.932417631149292
bojler,charter,0.9515110850334167
bojler,codec,0.7213144302368164
bojler,docens,1.045640230178833
bojler,dodzsem,0.7605266571044922
bojler,doppler,0.703580379486084
bojler,drukker,0.9766420125961304
bojler,duett,0.9517518877983093
bojler,dzsungel,0.8729007244110107
bojler,dózer,0.826851487159729
bojler,falzett,0.9200084805488586
bojler,farmer,0.8618859052658081
bojler,fater,0.8019025921821594
bojler,flanel,0.8068450689315796
bojler,flaszter,0.8286648988723755
bojler,flóbert,0.7947707176208496
bojler,fotel,0.6285778284072876
bojler,fráter,0.9775309562683105
bojler,fuser,0.8560410737991333
bojler,gatyesz,0.8549859523773193
bojler,gukker,0.8642681837081909
bojler,gólem,0.8513662219047546
bojler,hardver,0.7770153284072876
bojler,haver,0.8636507391929626
bojler,hotel,0.762803852558136
bojler,jampec,0.9055513739585876
bojler,junker,1.0729442834854126
bojler,kadet,1.0230494737625122
bojler,kampec,0.9242045283317566
bojler,karcer,0.8168281316757202
bojler,kartell,1.005412220954895
bojler,karter,0.620523989200592
bojler,klapec,0.9073116779327393
bojler,klaszter,0.8974937200546265
bojler,klozet,0.7776288986206055
bojler,koffer,0.6378912925720215
bojler,kolesz,0.8288683295249939
bojler,koncert,0.9149335622787476
bojler,konszern,0.8900115489959717
bojler,konzerv,0.7186417579650879
bojler,kopek,0.8228743672370911
bojler,korner,0.9622716903686523
bojler,kornett,0.9357449412345886
bojler,korrekt,1.0336381196975708
bojler,korvett,0.7747771739959717
bojler,krapek,0.9633686542510986
bojler,krokett,0.7851309776306152
bojler,kráter,0.7188504934310913
bojler,kukker,0.8380250334739685
bojler,kupec,0.9213563799858093
bojler,kábel,0.529664158821106
bojler,káder,1.0102767944335938
bojler,kódex,0.9977307915687561
bojler,kókler,0.9664877653121948
bojler,kóter,0.9533072710037231
bojler,lasztex,0.8823016881942749
bojler,latex,0.7168457508087158
bojler,luesz,0.92391037940979
bojler,lumen,0.6756322979927063
bojler,lumpen,0.9770761132240295
bojler,láger,0.8733806014060974
bojler,lóden,0.9676429629325867
bojler,macesz,0.7831379771232605
bojler,macher,0.9275123476982117
bojler,majszter,0.9949005842208862
bojler,makett,0.7626903057098389
bojler,malter,0.7089316248893738
bojler,maszek,1.0011364221572876
bojler,matek,0.9411094188690186
bojler,mater,0.997480571269989
bojler,modell,0.8805966973304749
bojler,modem,0.6090376377105713
bojler,modern,0.9891303777694702
bojler,moped,0.6733464002609253
bojler,motel,0.7273087501525879
bojler,muter,0.8868651986122131
bojler,mutter,0.8476792573928833
bojler,mágnes,0.5525312423706055
bojler,nonszensz,1.0790457725524902
bojler,notesz,0.7887541055679321
bojler,okker,0.7772365808486938
bojler,omlett,0.7719177007675171
bojler,pajesz,0.9479458332061768
bojler,pakett,0.9478142857551575
bojler,pamflet,1.070061445236206
bojler,panel,0.6510898470878601
bojler,parkett,0.7313111424446106
bojler,parszek,0.8046985864639282
bojler,partner,0.94758540391922
bojler,pasztell,0.7578964233398438
bojler,plakett,0.8864898681640625
bojler,pollen,0.6745073795318604
bojler,poszter,0.9171868562698364
bojler,prakker,0.8877815008163452
bojler,projekt,0.9210309982299805
bojler,puffer,0.623490035533905
bojler,pátens,0.9906555414199829
bojler,páter,1.0610404014587402
bojler,póker,0.9519513845443726
bojler,púder,0.7324670553207397
bojler,raszter,0.7492513656616211
bojler,rocker,0.9663610458374023
bojler,roller,0.7152667045593262
bojler,rubel,0.9458131790161133
bojler,rulett,0.9274980425834656
bojler,sakter,0.9613495469093323
bojler,saller,0.8145837783813477
bojler,samesz,0.842671275138855
bojler,skanzen,0.8502359986305237
bojler,sláger,0.9078947901725769
bojler,sparherd,0.6747257709503174
bojler,srapnel,0.7410026788711548
bojler,stukker,0.8789130449295044
bojler,subler,0.8840343356132507
bojler,sumer,1.008278727531433
bojler,suszter,0.8343111872673035
bojler,szkander,0.9667625427246094
bojler,szlogen,0.9313324689865112
bojler,szoftver,0.8072882294654846
bojler,szonett,0.9459930062294006
bojler,szovjet,0.980583667755127
bojler,szubrett,0.9056647419929504
bojler,sábesz,0.8551836013793945
bojler,sóder,0.6120010614395142
bojler,sólet,0.7567391991615295
bojler,tandem,0.8429117798805237
bojler,token,0.7563486099243164
bojler,totem,0.8401796221733093
bojler,transzfer,0.9000595211982727
bojler,traverz,0.7952871322631836
bojler,tróger,0.905056893825531
bojler,valcer,0.8610092401504517
bojler,vamzer,0.9557685256004333
bojler,vátesz,1.0787558555603027
bojler,zsakett,0.7746541500091553
bojler,zsorzsett,0.9550467133522034
bojler,zsáner,1.055619716644287
bojler,ágens,0.9428319931030273
bojler,ájer,0.7708159685134888
bojler,ámen,0.9657309055328369
bojler,ómen,0.9723559021949768
bovden,brojler,1.010857343673706
bovden,bróker,0.9482758045196533
bovden,bukfenc,0.7863273620605469
bovden,bunker,0.802202045917511
bovden,burleszk,0.9649016857147217
bovden,charter,0.9452094435691833
bovden,codec,0.8622155785560608
bovden,docens,1.0597761869430542
bovden,dodzsem,0.7955909967422485
bovden,doppler,0.7833462953567505
bovden,drukker,0.8880036473274231
bovden,duett,0.914473295211792
bovden,dzsungel,0.941014289855957
bovden,dózer,0.8318249583244324
bovden,falzett,0.9234752655029297
bovden,farmer,0.8649362921714783
bovden,fater,0.856919527053833
bovden,flanel,0.7915569543838501
bovden,flaszter,0.859190046787262
bovden,flóbert,0.9498350024223328
bovden,fotel,0.7164425849914551
bovden,fráter,0.9714270234107971
bovden,fuser,0.9410429000854492
bovden,gatyesz,0.8497176766395569
bovden,gukker,0.9120862483978271
bovden,gólem,0.9161781668663025
bovden,hardver,0.883815348148346
bovden,haver,0.7890098690986633
bovden,hotel,0.9723373651504517
bovden,jampec,0.8883033394813538
bovden,junker,1.0332155227661133
bovden,kadet,0.9853426218032837
bovden,kampec,0.895281195640564
bovden,karcer,0.8413155674934387
bovden,kartell,1.0322887897491455
bovden,karter,0.7676849365234375
bovden,klapec,0.9511325359344482
bovden,klaszter,0.9656330347061157
bovden,klozet,0.8017148971557617
bovden,koffer,0.7190120220184326
bovden,kolesz,0.9306609630584717
bovden,koncert,0.9522932767868042
bovden,konszern,0.9388671517372131
bovden,konzerv,0.8991230130195618
bovden,kopek,0.9300100803375244
bovden,korner,0.8845427632331848
bovden,kornett,0.8943325281143188
bovden,korrekt,0.9867024421691895
bovden,korvett,0.897584855556488
bovden,krapek,0.9076374173164368
bovden,krokett,0.915834903717041
bovden,kráter,0.8631818294525146
bovden,kukker,0.9329559206962585
bovden,kupec,0.938073456287384
bovden,kábel,0.7139003276824951
bovden,káder,0.9547468423843384
bovden,kódex,1.057355523109436
bovden,kókler,0.8906837105751038
bovden,kóter,0.9228729605674744
bovden,lasztex,0.8700037002563477
bovden,latex,0.8888009190559387
bovden,luesz,0.9831327795982361
bovden,lumen,0.845369815826416
bovden,lumpen,0.9694905877113342
bovden,láger,0.9977349638938904
bovden,lóden,0.9446701407432556
bovden,macesz,0.9050267934799194
bovden,macher,1.0050917863845825
bovden,majszter,0.9866983890533447
bovden,makett,0.8322989344596863
bovden,malter,0.8181698322296143
bovden,maszek,0.9144457578659058
bovden,matek,0.9021960496902466
bovden,mater,1.0203614234924316
bovden,modell,0.9666761755943298
bovden,modem,0.7854193449020386
bovden,modern,0.9941184520721436
bovden,moped,0.7546634078025818
bovden,motel,0.8410188555717468
bovden,muter,0.9984064102172852
bovden,mutter,0.9428455233573914
bovden,mágnes,0.7270982265472412
bovden,nonszensz,0.9709542393684387
bovden,notesz,0.8558063507080078
bovden,okker,0.8879949450492859
bovden,omlett,0.8897299766540527
bovden,pajesz,0.9394679665565491
bovden,pakett,0.975386381149292
bovden,pamflet,1.0400441884994507
bovden,panel,0.8040754199028015
bovden,parkett,0.7786794900894165
bovden,parszek,0.9585176110267639
bovden,partner,0.9450934529304504
bovden,pasztell,0.9154825210571289
bovden,plakett,1.0205217599868774
bovden,pollen,0.9471556544303894
bovden,poszter,0.9226990938186646
bovden,prakker,0.9467745423316956
bovden,projekt,0.9988803267478943
bovden,puffer,0.8861600756645203
bovden,pátens,1.1251996755599976
bovden,páter,0.9745004773139954
bovden,póker,0.978485643863678
bovden,púder,0.8603222966194153
bovden,raszter,0.8707053065299988
bovden,rocker,0.9567483067512512
bovden,roller,0.7555760145187378
bovden,rubel,0.9997950792312622
bovden,rulett,0.9199092984199524
bovden,sakter,0.9942374229431152
bovden,saller,0.8346821069717407
bovden,samesz,0.8713800311088562
bovden,skanzen,1.0233540534973145
bovden,sláger,0.9437399506568909
bovden,sparherd,0.8726309537887573
bovden,srapnel,0.81451416015625
bovden,stukker,0.853918194770813
bovden,subler,0.9621944427490234
bovden,sumer,1.041061282157898
bovden,suszter,0.8973100185394287
bovden,szkander,0.9962729811668396
bovden,szlogen,0.9880883097648621
bovden,szoftver,0.9488643407821655
bovden,szonett,0.8678865432739258
bovden,szovjet,1.015498161315918
bovden,szubrett,0.8761014938354492
bovden,sábesz,1.0022810697555542
bovden,sóder,0.7837754487991333
bovden,sólet,0.918200671672821
bovden,tandem,0.8259459137916565
bovden,token,0.8110091090202332
bovden,totem,1.012837529182434
bovden,transzfer,0.9396668672561646
bovden,traverz,0.7755078077316284
bovden,tróger,0.8783982396125793
bovden,valcer,0.8866441249847412
bovden,vamzer,0.9269638061523438
bovden,vátesz,0.9844830632209778
bovden,zsakett,0.8608021140098572
bovden,zsorzsett,0.9506708979606628
bovden,zsáner,1.005240797996521
bovden,ágens,0.9938188195228577
bovden,ájer,0.8550114631652832
bovden,ámen,0.9557015895843506
bovden,ómen,0.9365159869194031
brojler,bróker,1.0376003980636597
brojler,bukfenc,1.0488148927688599
brojler,bunker,1.0751807689666748
brojler,burleszk,0.9951841235160828
brojler,charter,0.9434651136398315
brojler,codec,0.9209437966346741
brojler,docens,1.021105170249939
brojler,dodzsem,0.9110437035560608
brojler,doppler,0.8614988923072815
brojler,drukker,0.993813693523407
brojler,duett,0.966245174407959
brojler,dzsungel,0.9839096069335938
brojler,dózer,0.947421133518219
brojler,falzett,0.8848966956138611
brojler,farmer,0.8900317549705505
brojler,fater,0.9797230362892151
brojler,flanel,0.8505764603614807
brojler,flaszter,0.9880526661872864
brojler,flóbert,0.915322482585907
brojler,fotel,1.0058350563049316
brojler,fráter,1.0926038026809692
brojler,fuser,0.9334427714347839
brojler,gatyesz,0.9064169526100159
brojler,gukker,0.8714730739593506
brojler,gólem,1.0527985095977783
brojler,hardver,0.9357331395149231
brojler,haver,1.0361835956573486
brojler,hotel,1.01895272731781
brojler,jampec,0.9798827171325684
brojler,junker,1.0024187564849854
brojler,kadet,0.9215877056121826
brojler,kampec,1.064650297164917
brojler,karcer,0.885151743888855
brojler,kartell,0.9458358287811279
brojler,karter,0.8889011144638062
brojler,klapec,0.9129647016525269
brojler,klaszter,0.8593794107437134
brojler,klozet,1.0171842575073242
brojler,koffer,0.9772006273269653
brojler,kolesz,1.0005548000335693
brojler,koncert,0.9818240404129028
brojler,konszern,0.8921793103218079
brojler,konzerv,0.7445003986358643
brojler,kopek,0.9453030824661255
brojler,korner,0.9838122129440308
brojler,kornett,0.8972318172454834
brojler,korrekt,1.06297767162323
brojler,korvett,0.9305537343025208
brojler,krapek,0.9972367882728577
brojler,krokett,0.7688721418380737
brojler,kráter,1.010941982269287
brojler,kukker,0.9434648752212524
brojler,kupec,0.9319235682487488
brojler,kábel,1.0275958776474
brojler,káder,1.0193710327148438
brojler,kódex,1.0681999921798706
brojler,kókler,1.0381710529327393
brojler,kóter,1.0170097351074219
brojler,lasztex,0.9096373319625854
brojler,latex,0.815688967704773
brojler,luesz,0.8317935466766357
brojler,lumen,0.8802748322486877
brojler,lumpen,0.9978359937667847
brojler,láger,1.0756925344467163
brojler,lóden,0.9458706974983215
brojler,macesz,0.7946100234985352
brojler,macher,0.9827175140380859
brojler,majszter,0.996682345867157
brojler,makett,0.9190667271614075
brojler,malter,0.9446896314620972
brojler,maszek,1.0154144763946533
brojler,matek,0.990759015083313
brojler,mater,0.8777087926864624
brojler,modell,0.9711030721664429
brojler,modem,0.9943495392799377
brojler,modern,0.9613211154937744
brojler,moped,0.9281873106956482
brojler,motel,1.0038585662841797
brojler,muter,0.8869404792785645
brojler,mutter,0.944947361946106
brojler,mágnes,0.9644951820373535
brojler,nonszensz,1.124995231628418
brojler,notesz,0.9911858439445496
brojler,okker,0.9146422147750854
brojler,omlett,0.7760857939720154
brojler,pajesz,0.8662453889846802
brojler,pakett,0.9241917133331299
brojler,pamflet,1.0951759815216064
brojler,panel,1.0107653141021729
brojler,parkett,0.9277225136756897
brojler,parszek,0.9641826152801514
brojler,partner,0.9565479159355164
brojler,pasztell,0.900607168674469
brojler,plakett,0.9238060712814331
brojler,pollen,0.780594527721405
brojler,poszter,0.9763776063919067
brojler,prakker,0.9780839681625366
brojler,projekt,0.9897152781486511
brojler,puffer,0.913769006729126
brojler,pátens,0.9532838463783264
brojler,páter,1.0614550113677979
brojler,póker,0.9327565431594849
brojler,púder,0.8336217999458313
brojler,raszter,0.937147855758667
brojler,rocker,0.9523606300354004
brojler,roller,0.8940214514732361
brojler,rubel,0.9859830737113953
brojler,rulett,0.899796724319458
brojler,sakter,0.8639969229698181
brojler,saller,0.9993369579315186
brojler,samesz,0.9399872422218323
brojler,skanzen,0.9715299606323242
brojler,sláger,0.9358090758323669
brojler,sparherd,0.8981011509895325
brojler,srapnel,0.9296965003013611
brojler,stukker,1.0265668630599976
brojler,subler,0.9193690419197083
brojler,sumer,1.0183876752853394
brojler,suszter,0.9473337531089783
brojler,szkander,0.818871796131134
brojler,szlogen,0.9957228899002075
brojler,szoftver,0.9473782777786255
brojler,szonett,1.0056326389312744
brojler,szovjet,1.0294162034988403
brojler,szubrett,0.8985799551010132
brojler,sábesz,0.938190221786499
brojler,sóder,0.9030207991600037
brojler,sólet,0.7960038185119629
brojler,tandem,0.9270962476730347
brojler,token,0.9664545655250549
brojler,totem,0.8953996300697327
brojler,transzfer,0.8446813821792603
brojler,traverz,0.9171206951141357
brojler,tróger,0.9967033863067627
brojler,valcer,0.9616808891296387
brojler,vamzer,1.039147973060608
brojler,vátesz,1.0578584671020508
brojler,zsakett,0.8080506920814514
brojler,zsorzsett,0.8407185673713684
brojler,zsáner,0.855191171169281
brojler,ágens,1.0090047121047974
brojler,ájer,0.9153088331222534
brojler,ámen,1.0316781997680664
brojler,ómen,1.0416736602783203
bróker,bukfenc,0.9816168546676636
bróker,bunker,0.8643028140068054
bróker,burleszk,0.9774768352508545
bróker,charter,0.8710035681724548
bróker,codec,0.9709769487380981
bróker,docens,0.9474008083343506
bróker,dodzsem,0.9785773158073425
bróker,doppler,1.0275347232818604
bróker,drukker,0.8283172249794006
bróker,duett,0.933855414390564
bróker,dzsungel,1.0037990808486938
bróker,dózer,0.9249213337898254
bróker,falzett,1.068009376525879
bróker,farmer,0.7839008569717407
bróker,fater,0.8634747266769409
bróker,flanel,0.9156869649887085
bróker,flaszter,1.0307236909866333
bróker,flóbert,0.8752207159996033
bróker,fotel,0.8904536366462708
bróker,fráter,0.8485993146896362
bróker,fuser,0.9788625836372375
bróker,gatyesz,0.9462374448776245
bróker,gukker,0.945978045463562
bróker,gólem,0.8654301166534424
bróker,hardver,0.8953308463096619
bróker,haver,0.7977801561355591
bróker,hotel,0.8121672868728638
bróker,jampec,0.9178311824798584
bróker,junker,1.0548546314239502
bróker,kadet,0.9795738458633423
bróker,kampec,1.002126932144165
bróker,karcer,0.9472033381462097
bróker,kartell,0.6636579036712646
bróker,karter,1.0066062211990356
bróker,klapec,0.960266649723053
bróker,klaszter,0.8367810249328613
bróker,klozet,0.9665934443473816
bróker,koffer,0.8974573612213135
bróker,kolesz,0.9618397951126099
bróker,koncert,0.9522277116775513
bróker,konszern,0.7009471654891968
bróker,konzerv,0.9865761995315552
bróker,kopek,0.9503219723701477
bróker,korner,0.971084713935852
bróker,kornett,0.9679985642433167
bróker,korrekt,0.8903771638870239
bróker,korvett,0.8960622549057007
bróker,krapek,0.8489023447036743
bróker,krokett,1.0124411582946777
bróker,kráter,0.9892993569374084
bróker,kukker,0.9866861701011658
bróker,kupec,0.7567669153213501
bróker,kábel,0.9239378571510315
bróker,káder,0.7921494841575623
bróker,kódex,0.8492445349693298
bróker,kókler,0.7472581267356873
bróker,kóter,0.985599160194397
bróker,lasztex,0.9241295456886292
bróker,latex,0.9970719218254089
bróker,luesz,1.0041208267211914
bróker,lumen,1.0500160455703735
bróker,lumpen,0.9494702219963074
bróker,láger,0.8979922533035278
bróker,lóden,1.0394026041030884
bróker,macesz,1.028408169746399
bróker,macher,0.930077314376831
bróker,majszter,0.9865208864212036
bróker,makett,0.9729712605476379
bróker,malter,0.9459428787231445
bróker,maszek,0.6536946296691895
bróker,matek,0.9667104482650757
bróker,mater,1.0981613397598267
bróker,modell,0.8916081786155701
bróker,modem,0.8324621915817261
bróker,modern,1.0240706205368042
bróker,moped,0.9442840218544006
bróker,motel,0.8661273121833801
bróker,muter,0.9386171698570251
bróker,mutter,0.8458012938499451
bróker,mágnes,0.915021538734436
bróker,nonszensz,0.9421390891075134
bróker,notesz,0.836122453212738
bróker,okker,1.0212268829345703
bróker,omlett,1.000533103942871
bróker,pajesz,1.0023714303970337
bróker,pakett,0.7467880249023438
bróker,pamflet,0.8840413093566895
bróker,panel,0.9332313537597656
bróker,parkett,0.8630852103233337
bróker,parszek,1.0592985153198242
bróker,partner,0.7902662754058838
bróker,pasztell,1.040116548538208
bróker,plakett,0.9997121691703796
bróker,pollen,0.9942632913589478
bróker,poszter,0.9834157228469849
bróker,prakker,0.9905472993850708
bróker,projekt,0.8640197515487671
bróker,puffer,0.9528849124908447
bróker,pátens,0.9951111674308777
bróker,páter,0.9515109062194824
bróker,póker,0.7877152562141418
bróker,púder,0.9753533601760864
bróker,raszter,1.062088131904602
bróker,rocker,0.8908101320266724
bróker,roller,0.9525487422943115
bróker,rubel,0.7828804850578308
bróker,rulett,0.8551799058914185
bróker,sakter,0.9738674163818359
bróker,saller,0.8550336360931396
bróker,samesz,0.8993421792984009
bróker,skanzen,1.0166902542114258
bróker,sláger,0.8705593347549438
bróker,sparherd,1.0344370603561401
bróker,srapnel,0.9425158500671387
bróker,stukker,0.8796400427818298
bróker,subler,1.0119850635528564
bróker,sumer,1.063523530960083
bróker,suszter,0.7851648330688477
bróker,szkander,1.0123392343521118
bróker,szlogen,0.9175834059715271
bróker,szoftver,0.7882887125015259
bróker,szonett,0.9926647543907166
bróker,szovjet,0.9943166971206665
bróker,szubrett,0.9152430891990662
bróker,sábesz,1.0752570629119873
bróker,sóder,1.0246939659118652
bróker,sólet,0.9575923681259155
bróker,tandem,0.8992131352424622
bróker,token,0.8569180965423584
bróker,totem,1.0721080303192139
bróker,transzfer,0.9061494469642639
bróker,traverz,1.0516014099121094
bróker,tróger,0.7903825640678406
bróker,valcer,0.9559383392333984
bróker,vamzer,0.8207314014434814
bróker,vátesz,0.968498170375824
bróker,zsakett,0.9367231130599976
bróker,zsorzsett,1.0044686794281006
bróker,zsáner,1.0349116325378418
bróker,ágens,0.908047080039978
bróker,ájer,0.9562057256698608
bróker,ámen,1.0119597911834717
bróker,ómen,1.0484200716018677
bukfenc,bunker,0.809476912021637
bukfenc,burleszk,0.8047689199447632
bukfenc,charter,1.0802891254425049
bukfenc,codec,0.8547815680503845
bukfenc,docens,0.9581321477890015
bukfenc,dodzsem,0.8859633803367615
bukfenc,doppler,0.9315460324287415
bukfenc,drukker,0.9223573207855225
bukfenc,duett,0.8456425666809082
bukfenc,dzsungel,0.8593860864639282
bukfenc,dózer,0.9230978488922119
bukfenc,falzett,1.0279136896133423
bukfenc,farmer,0.9629582166671753
bukfenc,fater,0.8743290901184082
bukfenc,flanel,0.9403092861175537
bukfenc,flaszter,0.8515349626541138
bukfenc,flóbert,0.9787449836730957
bukfenc,fotel,0.8377395272254944
bukfenc,fráter,0.825663149356842
bukfenc,fuser,1.0897389650344849
bukfenc,gatyesz,0.8312156200408936
bukfenc,gukker,0.9170711636543274
bukfenc,gólem,0.818080484867096
bukfenc,hardver,0.97701495885849
bukfenc,haver,0.8291022181510925
bukfenc,hotel,1.087416648864746
bukfenc,jampec,0.8522734642028809
bukfenc,junker,0.9838225841522217
bukfenc,kadet,0.9803264141082764
bukfenc,kampec,0.9220514893531799
bukfenc,karcer,0.8444302678108215
bukfenc,kartell,1.0587190389633179
bukfenc,karter,0.8957178592681885
bukfenc,klapec,0.8157939314842224
bukfenc,klaszter,0.9812764525413513
bukfenc,klozet,0.8865437507629395
bukfenc,koffer,0.7658389210700989
bukfenc,kolesz,0.9294579029083252
bukfenc,koncert,0.8895860314369202
bukfenc,konszern,1.044184684753418
bukfenc,konzerv,0.9699187278747559
bukfenc,kopek,0.9107283353805542
bukfenc,korner,0.8586005568504333
bukfenc,kornett,0.9097808599472046
bukfenc,korrekt,1.020180106163025
bukfenc,korvett,0.9384301900863647
bukfenc,krapek,0.9056759476661682
bukfenc,krokett,1.0182284116744995
bukfenc,kráter,0.8326930403709412
bukfenc,kukker,0.8586889505386353
bukfenc,kupec,0.9309870600700378
bukfenc,kábel,0.904599130153656
bukfenc,káder,0.9417645931243896
bukfenc,kódex,0.9221006035804749
bukfenc,kókler,0.8547970056533813
bukfenc,kóter,0.8930304646492004
bukfenc,lasztex,0.8685042858123779
bukfenc,latex,1.0215672254562378
bukfenc,luesz,0.949407696723938
bukfenc,lumen,0.9189891815185547
bukfenc,lumpen,1.035149335861206
bukfenc,láger,0.909737765789032
bukfenc,lóden,0.9913412928581238
bukfenc,macesz,0.9704336524009705
bukfenc,macher,0.8566882014274597
bukfenc,majszter,0.9789527058601379
bukfenc,makett,0.8279101252555847
bukfenc,malter,0.8880820870399475
bukfenc,maszek,1.0471142530441284
bukfenc,matek,0.7784525156021118
bukfenc,mater,0.989308774471283
bukfenc,modell,0.7805905938148499
bukfenc,modem,0.9467092752456665
bukfenc,modern,0.9372078776359558
bukfenc,moped,0.8552576899528503
bukfenc,motel,0.9539501667022705
bukfenc,muter,0.8811109066009521
bukfenc,mutter,0.915254533290863
bukfenc,mágnes,0.8035503625869751
bukfenc,nonszensz,0.7479327917098999
bukfenc,notesz,0.8032469749450684
bukfenc,okker,0.92240971326828
bukfenc,omlett,0.9031414985656738
bukfenc,pajesz,1.036104440689087
bukfenc,pakett,1.0831878185272217
bukfenc,pamflet,0.7984468936920166
bukfenc,panel,0.9238541722297668
bukfenc,parkett,0.8513712882995605
bukfenc,parszek,0.8644499778747559
bukfenc,partner,1.0027124881744385
bukfenc,pasztell,0.9412564039230347
bukfenc,plakett,0.9750750064849854
bukfenc,pollen,0.9921493530273438
bukfenc,poszter,0.8934106230735779
bukfenc,prakker,0.9442407488822937
bukfenc,projekt,1.0213576555252075
bukfenc,puffer,0.9839982986450195
bukfenc,pátens,0.9486954212188721
bukfenc,páter,0.9281792640686035
bukfenc,póker,0.8807249069213867
bukfenc,púder,0.8569982051849365
bukfenc,raszter,0.8937413692474365
bukfenc,rocker,0.956595242023468
bukfenc,roller,0.8125795125961304
bukfenc,rubel,0.9968136548995972
bukfenc,rulett,0.7978862524032593
bukfenc,sakter,0.9558069705963135
bukfenc,saller,0.7713274955749512
bukfenc,samesz,0.9135798215866089
bukfenc,skanzen,1.0139875411987305
bukfenc,sláger,0.8901803493499756
bukfenc,sparherd,0.9219977259635925
bukfenc,srapnel,0.9725870490074158
bukfenc,stukker,0.8755432367324829
bukfenc,subler,0.936171293258667
bukfenc,sumer,0.9630840420722961
bukfenc,suszter,0.902686595916748
bukfenc,szkander,0.8412998914718628
bukfenc,szlogen,0.8581069111824036
bukfenc,szoftver,0.951530933380127
bukfenc,szonett,0.744185745716095
bukfenc,szovjet,1.018584132194519
bukfenc,szubrett,0.8882194757461548
bukfenc,sábesz,0.9012853503227234
bukfenc,sóder,0.8801112174987793
bukfenc,sólet,0.961906909942627
bukfenc,tandem,0.7985563278198242
bukfenc,token,0.8908982872962952
bukfenc,totem,0.8889315128326416
bukfenc,transzfer,0.9893438220024109
bukfenc,traverz,0.8453055620193481
bukfenc,tróger,0.8553186655044556
bukfenc,valcer,0.8224514722824097
bukfenc,vamzer,0.9806280732154846
bukfenc,vátesz,0.9393287301063538
bukfenc,zsakett,0.9207558631896973
bukfenc,zsorzsett,1.1172388792037964
bukfenc,zsáner,0.9528530240058899
bukfenc,ágens,0.860288143157959
bukfenc,ájer,0.913822591304779
bukfenc,ámen,0.8983035087585449
bukfenc,ómen,0.8531627655029297
bunker,burleszk,0.8530524969100952
bunker,charter,0.9118497371673584
bunker,codec,0.9178517460823059
bunker,docens,1.028912901878357
bunker,dodzsem,0.7636611461639404
bunker,doppler,0.9226978421211243
bunker,drukker,0.9067221283912659
bunker,duett,0.9441050887107849
bunker,dzsungel,0.6198068261146545
bunker,dózer,0.7716091275215149
bunker,falzett,1.003093957901001
bunker,farmer,0.7911720275878906
bunker,fater,0.8316044807434082
bunker,flanel,0.8429905772209167
bunker,flaszter,0.7125942707061768
bunker,flóbert,0.7758174538612366
bunker,fotel,0.5667366981506348
bunker,fráter,0.8640020489692688
bunker,fuser,0.954551100730896
bunker,gatyesz,0.912672758102417
bunker,gukker,1.0546575784683228
bunker,gólem,0.7110713124275208
bunker,hardver,0.9506680965423584
bunker,haver,0.8288226127624512
bunker,hotel,0.6087050437927246
bunker,jampec,0.8887883424758911
bunker,junker,0.9706331491470337
bunker,kadet,1.0477283000946045
bunker,kampec,0.9643223881721497
bunker,karcer,0.8015820980072021
bunker,kartell,0.9349418878555298
bunker,karter,0.7372608184814453
bunker,klapec,0.8743727207183838
bunker,klaszter,0.9569802284240723
bunker,klozet,0.76093590259552
bunker,koffer,0.5997127294540405
bunker,kolesz,0.6967057585716248
bunker,koncert,0.8598689436912537
bunker,konszern,0.8490291833877563
bunker,konzerv,0.8890950679779053
bunker,kopek,0.9136524796485901
bunker,korner,0.9188615679740906
bunker,kornett,0.9336768984794617
bunker,korrekt,1.1478947401046753
bunker,korvett,0.652292788028717
bunker,krapek,0.9498777985572815
bunker,krokett,0.9629157781600952
bunker,kráter,0.5278710722923279
bunker,kukker,0.8951747417449951
bunker,kupec,0.8568495512008667
bunker,kábel,0.7313835024833679
bunker,káder,0.9137023687362671
bunker,kódex,0.9035369157791138
bunker,kókler,0.9103877544403076
bunker,kóter,0.8066307306289673
bunker,lasztex,0.8685197830200195
bunker,latex,0.8890456557273865
bunker,luesz,0.9308550953865051
bunker,lumen,0.867394745349884
bunker,lumpen,1.0034847259521484
bunker,láger,0.5167024731636047
bunker,lóden,0.9535289406776428
bunker,macesz,0.8319739699363708
bunker,macher,0.9626430869102478
bunker,majszter,0.9739649295806885
bunker,makett,0.6647201776504517
bunker,malter,0.7222061157226562
bunker,maszek,0.9026094079017639
bunker,matek,1.0048972368240356
bunker,mater,0.9632576107978821
bunker,modell,0.8677427768707275
bunker,modem,0.8434289693832397
bunker,modern,0.9202279448509216
bunker,moped,0.7626774311065674
bunker,motel,0.6325715780258179
bunker,muter,0.8903671503067017
bunker,mutter,0.8632657527923584
bunker,mágnes,0.6062948703765869
bunker,nonszensz,0.9997499585151672
bunker,notesz,0.7952544093132019
bunker,okker,0.824176549911499
bunker,omlett,0.8358519077301025
bunker,pajesz,0.9339063167572021
bunker,pakett,0.9607126116752625
bunker,pamflet,0.9345223903656006
bunker,panel,0.7262297868728638
bunker,parkett,0.646324634552002
bunker,parszek,0.7732259035110474
bunker,partner,1.022858738899231
bunker,pasztell,0.9057053923606873
bunker,plakett,0.8728215098381042
bunker,pollen,0.8829661011695862
bunker,poszter,0.8359808921813965
bunker,prakker,0.8408592343330383
bunker,projekt,0.9229368567466736
bunker,puffer,0.8211991786956787
bunker,pátens,0.89043128490448
bunker,páter,0.8501853942871094
bunker,póker,0.8774712681770325
bunker,púder,0.8949543237686157
bunker,raszter,0.8893895149230957
bunker,rocker,0.9373316764831543
bunker,roller,0.8454495668411255
bunker,rubel,0.9148153066635132
bunker,rulett,0.7990735769271851
bunker,sakter,0.8741055727005005
bunker,saller,0.8217394351959229
bunker,samesz,0.8406827449798584
bunker,skanzen,0.686385989189148
bunker,sláger,0.8948811292648315
bunker,sparherd,0.6849842071533203
bunker,srapnel,0.7849894762039185
bunker,stukker,0.7890822887420654
bunker,subler,0.9925141930580139
bunker,sumer,0.9098283052444458
bunker,suszter,0.7446673512458801
bunker,szkander,1.0286768674850464
bunker,szlogen,0.9032576084136963
bunker,szoftver,0.9090365767478943
bunker,szonett,0.8767853379249573
bunker,szovjet,0.7902124524116516
bunker,szubrett,0.9535022377967834
bunker,sábesz,0.9597761631011963
bunker,sóder,0.7275276184082031
bunker,sólet,0.8160014748573303
bunker,tandem,0.7649643421173096
bunker,token,0.8339781761169434
bunker,totem,0.7668900489807129
bunker,transzfer,0.9744657874107361
bunker,traverz,0.814346194267273
bunker,tróger,0.8614988327026367
bunker,valcer,0.8022018671035767
bunker,vamzer,0.8896387815475464
bunker,vátesz,1.0358641147613525
bunker,zsakett,0.8355779647827148
bunker,zsorzsett,0.9553832411766052
bunker,zsáner,1.006193995475769
bunker,ágens,0.8954505324363708
bunker,ájer,0.8566699028015137
bunker,ámen,0.9032059907913208
bunker,ómen,0.9421036839485168
burleszk,charter,1.060203194618225
burleszk,codec,0.9322726726531982
burleszk,docens,1.0183894634246826
burleszk,dodzsem,0.8595412969589233
burleszk,doppler,0.950935423374176
burleszk,drukker,0.9188904166221619
burleszk,duett,0.6454002857208252
burleszk,dzsungel,0.6841172575950623
burleszk,dózer,0.9085835814476013
burleszk,falzett,0.6663230061531067
burleszk,farmer,0.7938829660415649
burleszk,fater,0.9283626079559326
burleszk,flanel,0.8736382126808167
burleszk,flaszter,0.7999653220176697
burleszk,flóbert,0.9412568211555481
burleszk,fotel,0.8162481784820557
burleszk,fráter,0.8258985280990601
burleszk,fuser,0.9803163409233093
burleszk,gatyesz,0.7763931751251221
burleszk,gukker,0.8828689455986023
burleszk,gólem,0.7387987971305847
burleszk,hardver,1.024340271949768
burleszk,haver,0.8716244101524353
burleszk,hotel,0.8530607223510742
burleszk,jampec,0.791833758354187
burleszk,junker,0.904906690120697
burleszk,kadet,1.0614979267120361
burleszk,kampec,0.9913209676742554
burleszk,karcer,0.8726614713668823
burleszk,kartell,1.0087889432907104
burleszk,karter,0.8821977972984314
burleszk,klapec,0.7351318597793579
burleszk,klaszter,1.0207455158233643
burleszk,klozet,0.8560309410095215
burleszk,koffer,0.840216338634491
burleszk,kolesz,0.9248092174530029
burleszk,koncert,0.7878838777542114
burleszk,konszern,1.024900197982788
burleszk,konzerv,0.8288989067077637
burleszk,kopek,1.0240225791931152
burleszk,korner,0.9148034453392029
burleszk,kornett,0.7631085515022278
burleszk,korrekt,0.9734994769096375
burleszk,korvett,0.8954232931137085
burleszk,krapek,0.8430566787719727
burleszk,krokett,0.866553783416748
burleszk,kráter,0.9061530232429504
burleszk,kukker,0.8623694181442261
burleszk,kupec,0.7941585183143616
burleszk,kábel,0.9895927906036377
burleszk,káder,0.9076381325721741
burleszk,kódex,0.9280133843421936
burleszk,kókler,0.8295595645904541
burleszk,kóter,0.9696879982948303
burleszk,lasztex,0.8193395733833313
burleszk,latex,0.7878497838973999
burleszk,luesz,0.88841313123703
burleszk,lumen,0.8771657347679138
burleszk,lumpen,0.8143566250801086
burleszk,láger,0.871129035949707
burleszk,lóden,0.900863528251648
burleszk,macesz,0.8389433026313782
burleszk,macher,0.8851696252822876
burleszk,majszter,1.0080379247665405
burleszk,makett,0.7211422920227051
burleszk,malter,0.911902666091919
burleszk,maszek,0.9367772340774536
burleszk,matek,0.890523374080658
burleszk,mater,0.9326187968254089
burleszk,modell,0.8690506815910339
burleszk,modem,1.0016533136367798
burleszk,modern,0.6389962434768677
burleszk,moped,0.8537628650665283
burleszk,motel,0.821784257888794
burleszk,muter,0.9136769771575928
burleszk,mutter,0.9268353581428528
burleszk,mágnes,0.8808538913726807
burleszk,nonszensz,0.9450201392173767
burleszk,notesz,0.7595630884170532
burleszk,okker,0.7926268577575684
burleszk,omlett,0.7590426206588745
burleszk,pajesz,0.8437198996543884
burleszk,pakett,1.1312748193740845
burleszk,pamflet,0.5998753309249878
burleszk,panel,0.9367239475250244
burleszk,parkett,0.7900047898292542
burleszk,parszek,0.9040452241897583
burleszk,partner,0.9917934536933899
burleszk,pasztell,0.6344524621963501
burleszk,plakett,0.8557304739952087
burleszk,pollen,0.9777160286903381
burleszk,poszter,0.774023175239563
burleszk,prakker,0.8959558010101318
burleszk,projekt,1.0195345878601074
burleszk,puffer,1.0017428398132324
burleszk,pátens,1.001985788345337
burleszk,páter,0.9285885095596313
burleszk,póker,0.6866086721420288
burleszk,púder,0.8034904599189758
burleszk,raszter,0.8718271255493164
burleszk,rocker,0.6859840154647827
burleszk,roller,0.7235159873962402
burleszk,rubel,1.031434178352356
burleszk,rulett,0.753366231918335
burleszk,sakter,0.8598256707191467
burleszk,saller,0.8854615688323975
burleszk,samesz,0.9804921746253967
burleszk,skanzen,0.8282215595245361
burleszk,sláger,0.7571192979812622
burleszk,sparherd,0.945690393447876
burleszk,srapnel,0.8471714854240417
burleszk,stukker,0.9599812626838684
burleszk,subler,0.7952086925506592
burleszk,sumer,0.8318004608154297
burleszk,suszter,0.8477122783660889
burleszk,szkander,0.8832091093063354
burleszk,szlogen,0.8497966527938843
burleszk,szoftver,0.9841574430465698
burleszk,szonett,0.599035382270813
burleszk,szovjet,0.9159619808197021
burleszk,szubrett,0.6277012825012207
burleszk,sábesz,0.9891435503959656
burleszk,sóder,0.9434335231781006
burleszk,sólet,0.7633623480796814
burleszk,tandem,0.831106424331665
burleszk,token,0.9405288100242615
burleszk,totem,0.7567278146743774
burleszk,transzfer,1.015320897102356
burleszk,traverz,0.9092856049537659
burleszk,tróger,0.8413564562797546
burleszk,valcer,0.7290705442428589
burleszk,vamzer,0.9455385208129883
burleszk,vátesz,0.8012548089027405
burleszk,zsakett,0.7284759283065796
burleszk,zsorzsett,0.8499946594238281
burleszk,zsáner,0.6049553155899048
burleszk,ágens,0.8913359045982361
burleszk,ájer,0.9460611343383789
burleszk,ámen,0.9433300495147705
burleszk,ómen,0.9472929239273071
charter,codec,0.9442527294158936
charter,docens,1.0567524433135986
charter,dodzsem,0.8462690114974976
charter,doppler,0.9829548597335815
charter,drukker,0.9042150974273682
charter,duett,1.0495167970657349
charter,dzsungel,0.9395714998245239
charter,dózer,0.8942931890487671
charter,falzett,1.0546599626541138
charter,farmer,0.8940903544425964
charter,fater,0.9668526649475098
charter,flanel,0.9323185682296753
charter,flaszter,0.92528235912323
charter,flóbert,0.8890595436096191
charter,fotel,0.976685643196106
charter,fráter,1.1264210939407349
charter,fuser,0.9664721488952637
charter,gatyesz,0.9431280493736267
charter,gukker,0.9336149096488953
charter,gólem,1.0046402215957642
charter,hardver,0.9114587903022766
charter,haver,0.9452816843986511
charter,hotel,0.7333246469497681
charter,jampec,1.0053651332855225
charter,junker,1.0211257934570312
charter,kadet,1.00327467918396
charter,kampec,0.9661741852760315
charter,karcer,0.9472644329071045
charter,kartell,0.8385967016220093
charter,karter,0.9398781061172485
charter,klapec,1.0594936609268188
charter,klaszter,0.8850104808807373
charter,klozet,0.9195204377174377
charter,koffer,1.0051417350769043
charter,kolesz,0.9764735102653503
charter,koncert,0.9754154682159424
charter,konszern,0.8126395344734192
charter,konzerv,0.9543002247810364
charter,kopek,1.00078284740448
charter,korner,0.9186258912086487
charter,kornett,0.9731938242912292
charter,korrekt,1.0388058423995972
charter,korvett,0.740394115447998
charter,krapek,1.0472164154052734
charter,krokett,0.9792231321334839
charter,kráter,0.9668208360671997
charter,kukker,1.000109076499939
charter,kupec,0.9830782413482666
charter,kábel,0.8662025332450867
charter,káder,1.1430734395980835
charter,kódex,1.0907169580459595
charter,kókler,1.0497583150863647
charter,kóter,1.0535376071929932
charter,lasztex,0.9572513699531555
charter,latex,0.9990447163581848
charter,luesz,1.0138311386108398
charter,lumen,0.9577648639678955
charter,lumpen,1.0298759937286377
charter,láger,0.9538394212722778
charter,lóden,0.9187132716178894
charter,macesz,0.9960595369338989
charter,macher,1.0639450550079346
charter,majszter,1.0435315370559692
charter,makett,0.9217878580093384
charter,malter,1.0774726867675781
charter,maszek,0.8140774369239807
charter,matek,1.007912039756775
charter,mater,1.038002371788025
charter,modell,0.9987674951553345
charter,modem,0.8495522737503052
charter,modern,0.9795177578926086
charter,moped,0.8129793405532837
charter,motel,0.762154757976532
charter,muter,1.0543828010559082
charter,mutter,1.0215460062026978
charter,mágnes,1.0124984979629517
charter,nonszensz,1.0253889560699463
charter,notesz,0.9884480834007263
charter,okker,1.0429446697235107
charter,omlett,0.9881091117858887
charter,pajesz,0.9422457218170166
charter,pakett,0.8425480127334595
charter,pamflet,1.1136345863342285
charter,panel,1.011271357536316
charter,parkett,0.9730532765388489
charter,parszek,0.8925582766532898
charter,partner,0.9578734636306763
charter,pasztell,1.0635043382644653
charter,plakett,1.031592845916748
charter,pollen,0.9632900953292847
charter,poszter,0.9610771536827087
charter,prakker,1.0648345947265625
charter,projekt,0.885990560054779
charter,puffer,0.9739869236946106
charter,pátens,1.0002679824829102
charter,páter,1.1087135076522827
charter,póker,0.8909676671028137
charter,púder,1.0951504707336426
charter,raszter,1.0021953582763672
charter,rocker,1.023457407951355
charter,roller,0.8663501739501953
charter,rubel,0.9031549692153931
charter,rulett,0.8901867866516113
charter,sakter,1.0245914459228516
charter,saller,0.9904608130455017
charter,samesz,1.0235971212387085
charter,skanzen,0.9084540009498596
charter,sláger,0.9105257987976074
charter,sparherd,0.9520220756530762
charter,srapnel,0.897266685962677
charter,stukker,0.945562481880188
charter,subler,0.895625650882721
charter,sumer,0.9968789219856262
charter,suszter,1.0371778011322021
charter,szkander,0.9503624439239502
charter,szlogen,1.0193754434585571
charter,szoftver,0.9155688285827637
charter,szonett,1.1073774099349976
charter,szovjet,0.9754307866096497
charter,szubrett,0.9936057925224304
charter,sábesz,0.9678139090538025
charter,sóder,0.9762728810310364
charter,sólet,1.0588247776031494
charter,tandem,0.8160303831100464
charter,token,0.8975057005882263
charter,totem,1.0906686782836914
charter,transzfer,0.7545292377471924
charter,traverz,0.9086233377456665
charter,tróger,0.9977902173995972
charter,valcer,0.8812993764877319
charter,vamzer,1.017190933227539
charter,vátesz,1.143770456314087
charter,zsakett,0.9850879907608032
charter,zsorzsett,0.984076976776123
charter,zsáner,1.0088720321655273
charter,ágens,1.0796897411346436
charter,ájer,1.0143018960952759
charter,ámen,1.0831449031829834
charter,ómen,1.0655661821365356
codec,docens,1.013513207435608
codec,dodzsem,0.8689388632774353
codec,doppler,0.7355689406394958
codec,drukker,1.0839351415634155
codec,duett,0.8085672855377197
codec,dzsungel,0.9853756427764893
codec,dózer,0.9080325961112976
codec,falzett,0.8735783100128174
codec,farmer,0.8739041090011597
codec,fater,0.9506224989891052
codec,flanel,0.8873533606529236
codec,flaszter,0.9644445180892944
codec,flóbert,0.8436764478683472
codec,fotel,0.8433714509010315
codec,fráter,1.0937979221343994
codec,fuser,0.9429160952568054
codec,gatyesz,0.8486027121543884
codec,gukker,0.8294848203659058
codec,gólem,0.9829402565956116
codec,hardver,0.6348034739494324
codec,haver,0.9123204946517944
codec,hotel,0.9452875852584839
codec,jampec,0.9773989319801331
codec,junker,1.0868992805480957
codec,kadet,1.0155187845230103
codec,kampec,1.0173035860061646
codec,karcer,0.9321911931037903
codec,kartell,0.9440834522247314
codec,karter,0.7925363779067993
codec,klapec,0.9454305768013
codec,klaszter,0.7579689621925354
codec,klozet,0.9494659304618835
codec,koffer,0.8660659790039062
codec,kolesz,0.9100531935691833
codec,koncert,0.9734973311424255
codec,konszern,0.8737469911575317
codec,konzerv,0.8397408723831177
codec,kopek,0.9557954668998718
codec,korner,0.8919112682342529
codec,kornett,0.8284149169921875
codec,korrekt,0.9991486668586731
codec,korvett,0.8553171753883362
codec,krapek,1.0002542734146118
codec,krokett,0.9331587553024292
codec,kráter,0.9066959023475647
codec,kukker,0.9023328423500061
codec,kupec,1.078863263130188
codec,kábel,0.7258775234222412
codec,káder,1.0245494842529297
codec,kódex,0.965144157409668
codec,kókler,0.9535460472106934
codec,kóter,0.9918280839920044
codec,lasztex,0.8435066938400269
codec,latex,0.8170562386512756
codec,luesz,0.8781716227531433
codec,lumen,0.7310419678688049
codec,lumpen,1.0303287506103516
codec,láger,1.1429756879806519
codec,lóden,0.9912789463996887
codec,macesz,1.0119283199310303
codec,macher,0.9738647937774658
codec,majszter,1.0302400588989258
codec,makett,0.7615728378295898
codec,malter,0.9721336364746094
codec,maszek,0.9968767166137695
codec,matek,0.9545140862464905
codec,mater,1.0218515396118164
codec,modell,0.774667501449585
codec,modem,0.5591250658035278
codec,modern,0.9857434034347534
codec,moped,0.805397093296051
codec,motel,0.9113092422485352
codec,muter,0.9709612131118774
codec,mutter,0.9453906416893005
codec,mágnes,0.7357391119003296
codec,nonszensz,1.0055903196334839
codec,notesz,0.6756423711776733
codec,okker,0.910445511341095
codec,omlett,0.9226378798484802
codec,pajesz,1.0161564350128174
codec,pakett,0.879715621471405
codec,pamflet,0.9831821322441101
codec,panel,0.6998391151428223
codec,parkett,0.9574599266052246
codec,parszek,0.8245091438293457
codec,partner,0.906202495098114
codec,pasztell,0.8874228000640869
codec,plakett,0.9087777137756348
codec,pollen,0.9101114869117737
codec,poszter,0.7532501220703125
codec,prakker,0.9806271195411682
codec,projekt,0.7968010902404785
codec,puffer,0.6513005495071411
codec,pátens,1.0503753423690796
codec,páter,1.146069884300232
codec,póker,0.812923789024353
codec,púder,0.8333624005317688
codec,raszter,0.6009255647659302
codec,rocker,0.9849888682365417
codec,roller,0.7431170344352722
codec,rubel,1.0095542669296265
codec,rulett,0.845604419708252
codec,sakter,0.9791659116744995
codec,saller,0.9763013124465942
codec,samesz,0.9858277440071106
codec,skanzen,1.0427889823913574
codec,sláger,0.9141437411308289
codec,sparherd,0.8810635805130005
codec,srapnel,0.9867259860038757
codec,stukker,0.9336259365081787
codec,subler,0.7948725819587708
codec,sumer,0.9703266024589539
codec,suszter,1.043617606163025
codec,szkander,0.9501686692237854
codec,szlogen,0.9256309866905212
codec,szoftver,0.5422658920288086
codec,szonett,0.9592432379722595
codec,szovjet,1.1080048084259033
codec,szubrett,1.000975489616394
codec,sábesz,1.0020183324813843
codec,sóder,0.9012176394462585
codec,sólet,1.0156182050704956
codec,tandem,0.7975180149078369
codec,token,0.5939648747444153
codec,totem,0.8980448246002197
codec,transzfer,0.7759719491004944
codec,traverz,0.9222046136856079
codec,tróger,1.013217568397522
codec,valcer,0.9884445071220398
codec,vamzer,0.9970734119415283
codec,vátesz,1.0809959173202515
codec,zsakett,0.963653028011322
codec,zsorzsett,0.974601686000824
codec,zsáner,1.0012540817260742
codec,ágens,0.8164422512054443
codec,ájer,0.9801693558692932
codec,ámen,0.9986400604248047
codec,ómen,1.0593544244766235
docens,dodzsem,1.0650840997695923
docens,doppler,0.9930964708328247
docens,drukker,0.9693001508712769
docens,duett,0.9686301350593567
docens,dzsungel,1.05705726146698
docens,dózer,1.040650725364685
docens,falzett,0.9619320631027222
docens,farmer,0.9970197677612305
docens,fater,0.9644820094108582
docens,flanel,0.9065791368484497
docens,flaszter,1.0474368333816528
docens,flóbert,1.0619004964828491
docens,fotel,1.062669038772583
docens,fráter,0.9247738122940063
docens,fuser,0.9965075850486755
docens,gatyesz,0.8771673440933228
docens,gukker,0.9318095445632935
docens,gólem,0.9872072339057922
docens,hardver,1.0641511678695679
docens,haver,0.9626362919807434
docens,hotel,1.058562159538269
docens,jampec,0.931459903717041
docens,junker,0.9298456311225891
docens,kadet,0.9041925072669983
docens,kampec,0.9720907211303711
docens,karcer,0.9473445415496826
docens,kartell,1.019216537475586
docens,karter,0.9792972803115845
docens,klapec,0.9725601077079773
docens,klaszter,0.8902385234832764
docens,klozet,0.994612455368042
docens,koffer,1.0272653102874756
docens,kolesz,0.9239575862884521
docens,koncert,1.0249028205871582
docens,konszern,0.9921223521232605
docens,konzerv,1.0253825187683105
docens,kopek,0.9711230993270874
docens,korner,0.9716984629631042
docens,kornett,0.9361873269081116
docens,korrekt,0.9930381178855896
docens,korvett,1.0159744024276733
docens,krapek,0.8874289989471436
docens,krokett,0.9720603227615356
docens,kráter,1.0504728555679321
docens,kukker,1.0371330976486206
docens,kupec,0.9792628288269043
docens,kábel,1.0436336994171143
docens,káder,0.8986623883247375
docens,kódex,0.9765005111694336
docens,kókler,1.011381983757019
docens,kóter,0.8981881737709045
docens,lasztex,0.9856882691383362
docens,latex,1.0016378164291382
docens,luesz,0.8847946524620056
docens,lumen,0.986312985420227
docens,lumpen,1.0733312368392944
docens,láger,0.9100983738899231
docens,lóden,0.9268243908882141
docens,macesz,0.9676113128662109
docens,macher,0.9685422778129578
docens,majszter,0.9579694867134094
docens,makett,1.0253921747207642
docens,malter,1.1036232709884644
docens,maszek,1.0274640321731567
docens,matek,0.8648022413253784
docens,mater,0.9497020244598389
docens,modell,0.9783886075019836
docens,modem,1.0289477109909058
docens,modern,1.055824875831604
docens,moped,0.9611154794692993
docens,motel,1.0151371955871582
docens,muter,0.8781965374946594
docens,mutter,0.9850954413414001
docens,mágnes,1.0220381021499634
docens,nonszensz,0.9747077226638794
docens,notesz,1.0084984302520752
docens,okker,0.8995583653450012
docens,omlett,0.9400931000709534
docens,pajesz,0.9481827020645142
docens,pakett,0.9619898796081543
docens,pamflet,0.966191291809082
docens,panel,1.0580717325210571
docens,parkett,1.0060285329818726
docens,parszek,1.0005489587783813
docens,partner,0.9321758151054382
docens,pasztell,0.9508863687515259
docens,plakett,0.9145671725273132
docens,pollen,1.019850492477417
docens,poszter,1.0010188817977905
docens,prakker,0.9624492526054382
docens,projekt,0.9424391388893127
docens,puffer,1.0361024141311646
docens,pátens,1.0119140148162842
docens,páter,0.7973335981369019
docens,póker,1.0549570322036743
docens,púder,0.9396361708641052
docens,raszter,1.0168689489364624
docens,rocker,0.9324865937232971
docens,roller,1.0231376886367798
docens,rubel,0.9743051528930664
docens,rulett,0.9487236142158508
docens,sakter,0.8946595191955566
docens,saller,0.9402117729187012
docens,samesz,0.8825681209564209
docens,skanzen,0.9603983163833618
docens,sláger,1.016252875328064
docens,sparherd,0.9852180480957031
docens,srapnel,1.0161559581756592
docens,stukker,1.0386030673980713
docens,subler,0.966088593006134
docens,sumer,1.0506813526153564
docens,suszter,0.9317599534988403
docens,szkander,0.9400749206542969
docens,szlogen,1.0491281747817993
docens,szoftver,0.9928913116455078
docens,szonett,1.0250920057296753
docens,szovjet,1.0309396982192993
docens,szubrett,0.8687422275543213
docens,sábesz,0.9775605797767639
docens,sóder,1.0316191911697388
docens,sólet,0.9899027943611145
docens,tandem,1.0222631692886353
docens,token,0.9580065608024597
docens,totem,0.9889997839927673
docens,transzfer,0.9705721735954285
docens,traverz,0.9865525364875793
docens,tróger,1.0025434494018555
docens,valcer,0.9595007300376892
docens,vamzer,0.9805623292922974
docens,vátesz,0.9423920512199402
docens,zsakett,0.9516815543174744
docens,zsorzsett,0.956717312335968
docens,zsáner,1.023418664932251
docens,ágens,0.9101191759109497
docens,ájer,1.0392262935638428
docens,ámen,0.95759516954422
docens,ómen,1.0202845335006714
dodzsem,doppler,0.7653898000717163
dodzsem,drukker,0.8671901822090149
dodzsem,duett,0.8750443458557129
dodzsem,dzsungel,0.7766004800796509
dodzsem,dózer,0.7540270090103149
dodzsem,falzett,0.914255678653717
dodzsem,farmer,0.7650389671325684
dodzsem,fater,0.7236207723617554
dodzsem,flanel,0.7345914840698242
dodzsem,flaszter,0.7960042357444763
dodzsem,flóbert,0.8799597024917603
dodzsem,fotel,0.6866580247879028
dodzsem,fráter,0.9720335006713867
dodzsem,fuser,0.8920934796333313
dodzsem,gatyesz,0.8234506249427795
dodzsem,gukker,0.8909061551094055
dodzsem,gólem,0.9252626299858093
dodzsem,hardver,0.9461628794670105
dodzsem,haver,0.7913632392883301
dodzsem,hotel,0.7153092622756958
dodzsem,jampec,0.823337197303772
dodzsem,junker,0.982531726360321
dodzsem,kadet,0.945462167263031
dodzsem,kampec,0.941796064376831
dodzsem,karcer,0.8210268020629883
dodzsem,kartell,1.04413640499115
dodzsem,karter,0.811905562877655
dodzsem,klapec,0.8548015356063843
dodzsem,klaszter,0.9725860357284546
dodzsem,klozet,0.6940033435821533
dodzsem,koffer,0.7668352127075195
dodzsem,kolesz,0.6995298862457275
dodzsem,koncert,0.8014211654663086
dodzsem,konszern,1.0166531801223755
dodzsem,konzerv,0.8102976083755493
dodzsem,kopek,0.9779229760169983
dodzsem,korner,0.8536779880523682
dodzsem,kornett,0.8331527709960938
dodzsem,korrekt,1.1152727603912354
dodzsem,korvett,0.8224359154701233
dodzsem,krapek,0.8000428080558777
dodzsem,krokett,0.8322891592979431
dodzsem,kráter,0.7726848125457764
dodzsem,kukker,0.8486093878746033
dodzsem,kupec,0.8657785654067993
dodzsem,kábel,0.8254176378250122
dodzsem,káder,0.9554007053375244
dodzsem,kódex,1.0623804330825806
dodzsem,kókler,0.9432139992713928
dodzsem,kóter,0.9140797853469849
dodzsem,lasztex,0.7533019185066223
dodzsem,latex,0.8025870323181152
dodzsem,luesz,0.9020487666130066
dodzsem,lumen,0.8481284976005554
dodzsem,lumpen,0.9057014584541321
dodzsem,láger,0.7931493520736694
dodzsem,lóden,0.7850759625434875
dodzsem,macesz,0.8423513770103455
dodzsem,macher,0.9846939444541931
dodzsem,majszter,1.0317457914352417
dodzsem,makett,0.726328432559967
dodzsem,malter,0.8331767916679382
dodzsem,maszek,0.8835184574127197
dodzsem,matek,0.8381484746932983
dodzsem,mater,0.8488820791244507
dodzsem,modell,0.9359033107757568
dodzsem,modem,0.8322016000747681
dodzsem,modern,0.9593935012817383
dodzsem,moped,0.6984788179397583
dodzsem,motel,0.70266193151474
dodzsem,muter,0.8656080961227417
dodzsem,mutter,0.8108851313591003
dodzsem,mágnes,0.761001467704773
dodzsem,nonszensz,1.02157723903656
dodzsem,notesz,0.797468900680542
dodzsem,okker,0.7810773253440857
dodzsem,omlett,0.748926043510437
dodzsem,pajesz,0.8337655067443848
dodzsem,pakett,1.003365397453308
dodzsem,pamflet,0.9934351444244385
dodzsem,panel,0.8738266229629517
dodzsem,parkett,0.7428282499313354
dodzsem,parszek,0.9218664765357971
dodzsem,partner,1.0632535219192505
dodzsem,pasztell,0.8227989673614502
dodzsem,plakett,0.9058104753494263
dodzsem,pollen,0.9232195615768433
dodzsem,poszter,0.8253282308578491
dodzsem,prakker,0.8825476765632629
dodzsem,projekt,0.9950613379478455
dodzsem,puffer,0.9269799590110779
dodzsem,pátens,1.0368505716323853
dodzsem,páter,1.0071595907211304
dodzsem,póker,0.7398720979690552
dodzsem,púder,0.8187809586524963
dodzsem,raszter,0.93962162733078
dodzsem,rocker,0.8110538721084595
dodzsem,roller,0.6871421337127686
dodzsem,rubel,1.0689172744750977
dodzsem,rulett,0.8252801299095154
dodzsem,sakter,0.9602988958358765
dodzsem,saller,0.8409873843193054
dodzsem,samesz,0.8606899976730347
dodzsem,skanzen,0.7365444898605347
dodzsem,sláger,0.8136155605316162
dodzsem,sparherd,0.7516179084777832
dodzsem,srapnel,0.8467862010002136
dodzsem,stukker,0.8034168481826782
dodzsem,subler,0.8817467093467712
dodzsem,sumer,0.9469680786132812
dodzsem,suszter,0.8169240355491638
dodzsem,szkander,0.7945855259895325
dodzsem,szlogen,0.9463549852371216
dodzsem,szoftver,0.9483904242515564
dodzsem,szonett,0.9255622625350952
dodzsem,szovjet,0.9525343179702759
dodzsem,szubrett,0.7784445285797119
dodzsem,sábesz,0.9539069533348083
dodzsem,sóder,0.8388680219650269
dodzsem,sólet,0.7636533975601196
dodzsem,tandem,0.7878652811050415
dodzsem,token,0.9042254686355591
dodzsem,totem,0.8155868649482727
dodzsem,transzfer,0.8876354098320007
dodzsem,traverz,0.7902370095252991
dodzsem,tróger,0.8069075345993042
dodzsem,valcer,0.780461847782135
dodzsem,vamzer,0.936859130859375
dodzsem,vátesz,1.027136206626892
dodzsem,zsakett,0.7707058191299438
dodzsem,zsorzsett,0.8553464412689209
dodzsem,zsáner,0.8706650733947754
dodzsem,ágens,1.0507774353027344
dodzsem,ájer,0.8083606958389282
dodzsem,ámen,1.031658411026001
dodzsem,ómen,0.936703085899353
doppler,drukker,1.142055630683899
doppler,duett,0.9082907438278198
doppler,dzsungel,1.0339895486831665
doppler,dózer,0.9256584048271179
doppler,falzett,0.8606099486351013
doppler,farmer,0.999070942401886
doppler,fater,0.9216437935829163
doppler,flanel,0.8036227226257324
doppler,flaszter,0.9325659871101379
doppler,flóbert,0.8731979131698608
doppler,fotel,0.8265067338943481
doppler,fráter,1.0648826360702515
doppler,fuser,0.8619324564933777
doppler,gatyesz,0.8158367872238159
doppler,gukker,0.887640118598938
doppler,gólem,0.9864843487739563
doppler,hardver,0.8509039878845215
doppler,haver,0.9325360059738159
doppler,hotel,1.0356096029281616
doppler,jampec,0.9841616749763489
doppler,junker,1.0724951028823853
doppler,kadet,0.9971495866775513
doppler,kampec,0.8828515410423279
doppler,karcer,0.9092966318130493
doppler,kartell,1.1019997596740723
doppler,karter,0.7441563606262207
doppler,klapec,0.918009877204895
doppler,klaszter,0.9070214629173279
doppler,klozet,0.8606876730918884
doppler,koffer,0.8753586411476135
doppler,kolesz,0.8926301598548889
doppler,koncert,1.0153076648712158
doppler,konszern,1.0165513753890991
doppler,konzerv,0.9162524938583374
doppler,kopek,0.9534038305282593
doppler,korner,0.9230547547340393
doppler,kornett,0.8356006145477295
doppler,korrekt,0.9897365570068359
doppler,korvett,0.8870366215705872
doppler,krapek,0.9111199975013733
doppler,krokett,0.9674680829048157
doppler,kráter,0.8949034810066223
doppler,kukker,0.8852939605712891
doppler,kupec,1.0636520385742188
doppler,kábel,0.8219831585884094
doppler,káder,1.0279581546783447
doppler,kódex,1.134262204170227
doppler,kókler,1.0066256523132324
doppler,kóter,0.9271495938301086
doppler,lasztex,0.9014074802398682
doppler,latex,0.795182466506958
doppler,luesz,0.8471577763557434
doppler,lumen,0.7899165749549866
doppler,lumpen,0.9978575706481934
doppler,láger,1.0514506101608276
doppler,lóden,1.0036132335662842
doppler,macesz,0.8746220469474792
doppler,macher,0.951358437538147
doppler,majszter,1.0626049041748047
doppler,makett,0.9151350855827332
doppler,malter,0.8412461876869202
doppler,maszek,1.0456687211990356
doppler,matek,0.9061747193336487
doppler,mater,0.9710177183151245
doppler,modell,0.9913131594657898
doppler,modem,0.7616295218467712
doppler,modern,1.010857105255127
doppler,moped,0.8247326612472534
doppler,motel,0.9122175574302673
doppler,muter,0.9294055700302124
doppler,mutter,0.9109445214271545
doppler,mágnes,0.716476321220398
doppler,nonszensz,1.0619795322418213
doppler,notesz,0.8256254196166992
doppler,okker,0.852537989616394
doppler,omlett,0.8925032615661621
doppler,pajesz,0.9071494936943054
doppler,pakett,1.0299670696258545
doppler,pamflet,1.0854995250701904
doppler,panel,0.8809390664100647
doppler,parkett,0.9276662468910217
doppler,parszek,0.8621081113815308
doppler,partner,1.058896541595459
doppler,pasztell,0.8462803363800049
doppler,plakett,0.9048833847045898
doppler,pollen,0.8269227743148804
doppler,poszter,0.8615527153015137
doppler,prakker,0.9628390073776245
doppler,projekt,1.031342625617981
doppler,puffer,0.6927253603935242
doppler,pátens,1.1125695705413818
doppler,páter,1.0251209735870361
doppler,póker,0.9901933073997498
doppler,púder,0.8044447898864746
doppler,raszter,0.7015999555587769
doppler,rocker,0.9630066752433777
doppler,roller,0.7668696641921997
doppler,rubel,1.0287842750549316
doppler,rulett,0.9577580094337463
doppler,sakter,0.9846839308738708
doppler,saller,0.9927334189414978
doppler,samesz,0.952378511428833
doppler,skanzen,1.070237636566162
doppler,sláger,1.0001890659332275
doppler,sparherd,0.9299978613853455
doppler,srapnel,0.8674782514572144
doppler,stukker,0.9749264121055603
doppler,subler,0.851161539554596
doppler,sumer,1.005034327507019
doppler,suszter,1.0038615465164185
doppler,szkander,0.9661576151847839
doppler,szlogen,1.0599143505096436
doppler,szoftver,0.8973748683929443
doppler,szonett,1.0152783393859863
doppler,szovjet,0.9761160016059875
doppler,szubrett,0.9468600749969482
doppler,sábesz,0.9838984608650208
doppler,sóder,0.8484666347503662
doppler,sólet,0.9414275884628296
doppler,tandem,0.8930758237838745
doppler,token,0.7533081769943237
doppler,totem,0.9241610765457153
doppler,transzfer,0.8071638345718384
doppler,traverz,0.8227328062057495
doppler,tróger,0.9423882961273193
doppler,valcer,0.9503600001335144
doppler,vamzer,0.9319919943809509
doppler,vátesz,1.1077336072921753
doppler,zsakett,0.979952335357666
doppler,zsorzsett,0.8483225107192993
doppler,zsáner,1.0130153894424438
doppler,ágens,0.9585593938827515
doppler,ájer,0.9212625026702881
doppler,ámen,0.9470027685165405
doppler,ómen,1.0350741147994995
drukker,duett,0.8649920225143433
drukker,dzsungel,0.9498569369316101
drukker,dózer,0.8142915368080139
drukker,falzett,1.000065565109253
drukker,farmer,0.7680180072784424
drukker,fater,0.8129235506057739
drukker,flanel,0.876936674118042
drukker,flaszter,0.9697427153587341
drukker,flóbert,0.9080469608306885
drukker,fotel,0.897741973400116
drukker,fráter,0.7890498042106628
drukker,fuser,0.9934794306755066
drukker,gatyesz,0.8900095224380493
drukker,gukker,0.9723166823387146
drukker,gólem,0.9006738066673279
drukker,hardver,1.1124619245529175
drukker,haver,0.7230983972549438
drukker,hotel,0.7822964787483215
drukker,jampec,0.8282294273376465
drukker,junker,0.9067180752754211
drukker,kadet,0.8486063480377197
drukker,kampec,0.9023153781890869
drukker,karcer,0.8998681902885437
drukker,kartell,0.9066523313522339
drukker,karter,0.9436290860176086
drukker,klapec,1.0089374780654907
drukker,klaszter,0.9790589809417725
drukker,klozet,0.9111141562461853
drukker,koffer,0.8584750890731812
drukker,kolesz,0.9265679717063904
drukker,koncert,0.726116418838501
drukker,konszern,0.8944292068481445
drukker,konzerv,0.8966367840766907
drukker,kopek,0.8678603172302246
drukker,korner,0.8137090802192688
drukker,kornett,0.9770390391349792
drukker,korrekt,1.0410192012786865
drukker,korvett,0.800733208656311
drukker,krapek,0.8177503943443298
drukker,krokett,0.8971329927444458
drukker,kráter,0.9166781902313232
drukker,kukker,1.0417265892028809
drukker,kupec,0.7219841480255127
drukker,kábel,1.0082216262817383
drukker,káder,0.8179636001586914
drukker,kódex,0.9994333386421204
drukker,kókler,0.8553403615951538
drukker,kóter,1.088525414466858
drukker,lasztex,0.9615315198898315
drukker,latex,0.9697468280792236
drukker,luesz,0.9736168384552002
drukker,lumen,0.9006683826446533
drukker,lumpen,0.9593027830123901
drukker,láger,0.8335825800895691
drukker,lóden,0.9402124285697937
drukker,macesz,0.9794166684150696
drukker,macher,0.9224514365196228
drukker,majszter,0.9996358752250671
drukker,makett,0.9469670653343201
drukker,malter,1.0129508972167969
drukker,maszek,0.8289084434509277
drukker,matek,0.9167379140853882
drukker,mater,0.9841319918632507
drukker,modell,1.0191993713378906
drukker,modem,1.0327240228652954
drukker,modern,1.105851173400879
drukker,moped,0.7918241620063782
drukker,motel,0.7669432759284973
drukker,muter,0.9438513517379761
drukker,mutter,0.8843770027160645
drukker,mágnes,0.9790756106376648
drukker,nonszensz,1.0324511528015137
drukker,notesz,0.9940187931060791
drukker,okker,0.9793859720230103
drukker,omlett,0.9169309735298157
drukker,pajesz,1.0069164037704468
drukker,pakett,0.8894166350364685
drukker,pamflet,0.9575126767158508
drukker,panel,1.0167962312698364
drukker,parkett,0.7911167144775391
drukker,parszek,0.8998473882675171
drukker,partner,0.9187597036361694
drukker,pasztell,1.01282799243927
drukker,plakett,0.9824436902999878
drukker,pollen,0.960500955581665
drukker,poszter,0.9084394574165344
drukker,prakker,1.0078611373901367
drukker,projekt,1.0127724409103394
drukker,puffer,1.1571085453033447
drukker,pátens,0.9888384938240051
drukker,páter,0.8703014850616455
drukker,póker,0.7631633281707764
drukker,púder,1.0059884786605835
drukker,raszter,1.2007954120635986
drukker,rocker,0.665765106678009
drukker,roller,0.8243885040283203
drukker,rubel,0.8364039063453674
drukker,rulett,0.7548661828041077
drukker,sakter,0.9439789056777954
drukker,saller,0.7166495323181152
drukker,samesz,0.8517521619796753
drukker,skanzen,0.8929755687713623
drukker,sláger,0.7940882444381714
drukker,sparherd,1.004568338394165
drukker,srapnel,0.800387978553772
drukker,stukker,0.9209082126617432
drukker,subler,0.9641860127449036
drukker,sumer,1.1248161792755127
drukker,suszter,0.7882217168807983
drukker,szkander,0.8254538774490356
drukker,szlogen,0.9671492576599121
drukker,szoftver,1.0738999843597412
drukker,szonett,0.9336703419685364
drukker,szovjet,0.975193440914154
drukker,szubrett,0.8349133729934692
drukker,sábesz,0.9927527904510498
drukker,sóder,0.971014678478241
drukker,sólet,0.8816279768943787
drukker,tandem,0.8305851221084595
drukker,token,1.032957911491394
drukker,totem,0.9918127655982971
drukker,transzfer,1.1059216260910034
drukker,traverz,0.9443299174308777
drukker,tróger,0.7476167678833008
drukker,valcer,0.8036460876464844
drukker,vamzer,0.9158816337585449
drukker,vátesz,0.9213465452194214
drukker,zsakett,0.9371868968009949
drukker,zsorzsett,0.9668838381767273
drukker,zsáner,0.9903654456138611
drukker,ágens,1.0878629684448242
drukker,ájer,0.8847069144248962
drukker,ámen,1.0222581624984741
drukker,ómen,0.880318284034729
duett,dzsungel,0.8201899528503418
duett,dózer,0.9401107430458069
duett,falzett,0.6763622760772705
duett,farmer,0.8235001564025879
duett,fater,0.8272703289985657
duett,flanel,0.7946144938468933
duett,flaszter,1.0023928880691528
duett,flóbert,0.9660861492156982
duett,fotel,0.8061410188674927
duett,fráter,0.8640984892845154
duett,fuser,1.1104106903076172
duett,gatyesz,0.7963941693305969
duett,gukker,0.8967900276184082
duett,gólem,0.8435824513435364
duett,hardver,1.0008482933044434
duett,haver,0.7832496166229248
duett,hotel,0.8191450238227844
duett,jampec,0.8509842753410339
duett,junker,1.0421373844146729
duett,kadet,0.8978575468063354
duett,kampec,0.9651177525520325
duett,karcer,0.8451454639434814
duett,kartell,0.9767627120018005
duett,karter,0.8696683049201965
duett,klapec,0.8317595720291138
duett,klaszter,0.9341245889663696
duett,klozet,0.9166330695152283
duett,koffer,0.8055129051208496
duett,kolesz,0.9034656882286072
duett,koncert,0.5349549055099487
duett,konszern,0.9294566512107849
duett,konzerv,0.8129734992980957
duett,kopek,0.9812800288200378
duett,korner,0.8703556656837463
duett,kornett,0.713464617729187
duett,korrekt,1.0599007606506348
duett,korvett,0.8683388233184814
duett,krapek,0.8330034613609314
duett,krokett,0.7394058704376221
duett,kráter,0.8867947459220886
duett,kukker,0.903522789478302
duett,kupec,0.8278406858444214
duett,kábel,0.9563878178596497
duett,káder,0.9567463397979736
duett,kódex,0.9159666299819946
duett,kókler,0.8930730819702148
duett,kóter,0.9704818725585938
duett,lasztex,0.8968383073806763
duett,latex,0.8419456481933594
duett,luesz,0.8604217767715454
duett,lumen,0.8758701086044312
duett,lumpen,1.017639398574829
duett,láger,0.9737977981567383
duett,lóden,0.8948227763175964
duett,macesz,0.8454151749610901
duett,macher,0.8615185618400574
duett,majszter,1.0096800327301025
duett,makett,0.8208910226821899
duett,malter,0.9864733815193176
duett,maszek,0.9798800349235535
duett,matek,0.8673924803733826
duett,mater,0.8484240770339966
duett,modell,0.898134171962738
duett,modem,0.896614670753479
duett,modern,0.9725446105003357
duett,moped,0.8180978298187256
duett,motel,0.885383665561676
duett,muter,0.8669039011001587
duett,mutter,0.8389365673065186
duett,mágnes,0.8945363759994507
duett,nonszensz,1.0437248945236206
duett,notesz,0.7376930713653564
duett,okker,0.926313579082489
duett,omlett,0.7844362854957581
duett,pajesz,0.9236471056938171
duett,pakett,0.9384799003601074
duett,pamflet,0.7454002499580383
duett,panel,0.9306894540786743
duett,parkett,0.8542969226837158
duett,parszek,0.9299227595329285
duett,partner,0.9696118831634521
duett,pasztell,0.8333336710929871
duett,plakett,0.8305025696754456
duett,pollen,0.9610193371772766
duett,poszter,0.7148662805557251
duett,prakker,0.8648952841758728
duett,projekt,0.8688273429870605
duett,puffer,1.0073362588882446
duett,pátens,0.9795973300933838
duett,páter,0.850673258304596
duett,póker,0.7356278896331787
duett,púder,0.9067889451980591
duett,raszter,0.9290816783905029
duett,rocker,0.6378642320632935
duett,roller,0.7114760875701904
duett,rubel,0.9668788313865662
duett,rulett,0.7557357549667358
duett,sakter,0.9131017923355103
duett,saller,0.8223480582237244
duett,samesz,0.940211832523346
duett,skanzen,0.9339714050292969
duett,sláger,0.534248411655426
duett,sparherd,0.958818256855011
duett,srapnel,0.8965482115745544
duett,stukker,0.9091787338256836
duett,subler,0.846746027469635
duett,sumer,0.9206130504608154
duett,suszter,0.8984746932983398
duett,szkander,0.8762164115905762
duett,szlogen,0.8356457948684692
duett,szoftver,0.9483303427696228
duett,szonett,0.6103377938270569
duett,szovjet,1.0956392288208008
duett,szubrett,0.6420303583145142
duett,sábesz,0.9536893963813782
duett,sóder,0.9981976747512817
duett,sólet,0.7291316986083984
duett,tandem,0.7675970792770386
duett,token,0.8682608604431152
duett,totem,0.8526046276092529
duett,transzfer,1.0162373781204224
duett,traverz,0.8326857686042786
duett,tróger,0.8652368783950806
duett,valcer,0.7414393424987793
duett,vamzer,1.0086783170700073
duett,vátesz,0.8853615522384644
duett,zsakett,0.8328167796134949
duett,zsorzsett,0.9095742106437683
duett,zsáner,0.7214231491088867
duett,ágens,0.9382188320159912
duett,ájer,0.9930928945541382
duett,ámen,0.8436076641082764
duett,ómen,0.8841109275817871
dzsungel,dózer,0.7904036045074463
dzsungel,falzett,0.8739901781082153
dzsungel,farmer,0.79764324426651
dzsungel,fater,0.8250081539154053
dzsungel,flanel,0.8574766516685486
dzsungel,flaszter,0.7593873143196106
dzsungel,flóbert,0.9757605791091919
dzsungel,fotel,0.7776744365692139
dzsungel,fráter,0.8245244026184082
dzsungel,fuser,0.9761770963668823
dzsungel,gatyesz,0.916742205619812
dzsungel,gukker,0.9999448657035828
dzsungel,gólem,0.6842881441116333
dzsungel,hardver,1.0462733507156372
dzsungel,haver,0.8809201717376709
dzsungel,hotel,0.7449820041656494
dzsungel,jampec,0.9182941913604736
dzsungel,junker,0.9568032622337341
dzsungel,kadet,1.0580254793167114
dzsungel,kampec,0.9833652377128601
dzsungel,karcer,0.8522919416427612
dzsungel,kartell,0.9520816802978516
dzsungel,karter,0.8485614657402039
dzsungel,klapec,0.7800126671791077
dzsungel,klaszter,0.97847980260849
dzsungel,klozet,0.8225857019424438
dzsungel,koffer,0.8284861445426941
dzsungel,kolesz,0.7747945189476013
dzsungel,koncert,0.8742329478263855
dzsungel,konszern,1.0231057405471802
dzsungel,konzerv,0.9227356910705566
dzsungel,kopek,1.0292912721633911
dzsungel,korner,0.9278374314308167
dzsungel,kornett,0.8667648434638977
dzsungel,korrekt,1.0861237049102783
dzsungel,korvett,0.9046300053596497
dzsungel,krapek,0.8258821368217468
dzsungel,krokett,0.9205813407897949
dzsungel,kráter,0.6508966684341431
dzsungel,kukker,0.894301176071167
dzsungel,kupec,0.7994440793991089
dzsungel,kábel,0.9414808750152588
dzsungel,káder,0.996829092502594
dzsungel,kódex,0.9821624755859375
dzsungel,kókler,0.8487130999565125
dzsungel,kóter,0.9580598473548889
dzsungel,lasztex,0.9185076951980591
dzsungel,latex,0.870621919631958
dzsungel,luesz,0.9355711936950684
dzsungel,lumen,0.988135576248169
dzsungel,lumpen,0.9793164730072021
dzsungel,láger,0.680085301399231
dzsungel,lóden,0.8908681869506836
dzsungel,macesz,0.8541723489761353
dzsungel,macher,0.907798171043396
dzsungel,majszter,0.9630167484283447
dzsungel,makett,0.8246867656707764
dzsungel,malter,0.885637640953064
dzsungel,maszek,0.9841204881668091
dzsungel,matek,0.9138059616088867
dzsungel,mater,0.9368929266929626
dzsungel,modell,0.976379930973053
dzsungel,modem,1.016491413116455
dzsungel,modern,0.822372555732727
dzsungel,moped,0.8525240421295166
dzsungel,motel,0.7441380023956299
dzsungel,muter,0.8315249681472778
dzsungel,mutter,0.8715634942054749
dzsungel,mágnes,0.8226910829544067
dzsungel,nonszensz,0.9429805278778076
dzsungel,notesz,0.8214631676673889
dzsungel,okker,0.8015341758728027
dzsungel,omlett,0.8128157258033752
dzsungel,pajesz,0.9260926842689514
dzsungel,pakett,1.0992110967636108
dzsungel,pamflet,0.7906901836395264
dzsungel,panel,0.9158634543418884
dzsungel,parkett,0.7027660608291626
dzsungel,parszek,0.8541017770767212
dzsungel,partner,1.0497833490371704
dzsungel,pasztell,0.7803220152854919
dzsungel,plakett,0.9451264142990112
dzsungel,pollen,0.8259028792381287
dzsungel,poszter,0.8726341724395752
dzsungel,prakker,0.8489406108856201
dzsungel,projekt,1.0411310195922852
dzsungel,puffer,0.9825485944747925
dzsungel,pátens,0.9767511487007141
dzsungel,páter,0.949404239654541
dzsungel,póker,0.8046525716781616
dzsungel,púder,0.8854095339775085
dzsungel,raszter,0.923858642578125
dzsungel,rocker,0.7759853601455688
dzsungel,roller,0.8606089949607849
dzsungel,rubel,1.0908688306808472
dzsungel,rulett,0.8286119699478149
dzsungel,sakter,0.9056584239006042
dzsungel,saller,0.9190407991409302
dzsungel,samesz,0.8857783079147339
dzsungel,skanzen,0.692536473274231
dzsungel,sláger,0.8236963748931885
dzsungel,sparherd,0.8373899459838867
dzsungel,srapnel,0.8064100742340088
dzsungel,stukker,0.8437888622283936
dzsungel,subler,0.8967540264129639
dzsungel,sumer,0.8172881007194519
dzsungel,suszter,0.8278876543045044
dzsungel,szkander,0.9441923499107361
dzsungel,szlogen,0.8965012431144714
dzsungel,szoftver,1.0625686645507812
dzsungel,szonett,0.7861016392707825
dzsungel,szovjet,0.9530290365219116
dzsungel,szubrett,0.7925487756729126
dzsungel,sábesz,0.8767222166061401
dzsungel,sóder,0.8356720805168152
dzsungel,sólet,0.8658418655395508
dzsungel,tandem,0.9597089886665344
dzsungel,token,1.0067167282104492
dzsungel,totem,0.7481918931007385
dzsungel,transzfer,1.0517919063568115
dzsungel,traverz,0.8277949690818787
dzsungel,tróger,0.8313510417938232
dzsungel,valcer,0.8140769600868225
dzsungel,vamzer,0.9319944381713867
dzsungel,vátesz,0.8888113498687744
dzsungel,zsakett,0.802094042301178
dzsungel,zsorzsett,0.9082391858100891
dzsungel,zsáner,0.7608523368835449
dzsungel,ágens,0.9862964153289795
dzsungel,ájer,0.8920735120773315
dzsungel,ámen,0.915263295173645
dzsungel,ómen,0.9668324589729309
dózer,falzett,0.9568557143211365
dózer,farmer,0.8214215040206909
dózer,fater,0.8007116317749023
dózer,flanel,0.8270049691200256
dózer,flaszter,0.8628267645835876
dózer,flóbert,0.8814657330513
dózer,fotel,0.8391910791397095
dózer,fráter,0.9253384470939636
dózer,fuser,0.8674489855766296
dózer,gatyesz,0.8311421871185303
dózer,gukker,0.9575802683830261
dózer,gólem,0.8861051201820374
dózer,hardver,0.9790830612182617
dózer,haver,0.7515599727630615
dózer,hotel,0.8672441244125366
dózer,jampec,0.9092499017715454
dózer,junker,1.0125199556350708
dózer,kadet,0.9589149355888367
dózer,kampec,0.838718831539154
dózer,karcer,0.8688900470733643
dózer,kartell,0.9821993708610535
dózer,karter,0.8043802380561829
dózer,klapec,0.8548553586006165
dózer,klaszter,0.9879316091537476
dózer,klozet,0.8332414031028748
dózer,koffer,0.7782009840011597
dózer,kolesz,0.840315580368042
dózer,koncert,0.9113332033157349
dózer,konszern,0.9367608428001404
dózer,konzerv,0.8496622443199158
dózer,kopek,0.9286260604858398
dózer,korner,0.8845696449279785
dózer,kornett,0.90500807762146
dózer,korrekt,1.0420458316802979
dózer,korvett,0.7890859246253967
dózer,krapek,0.8428295254707336
dózer,krokett,0.8388945460319519
dózer,kráter,0.7816848754882812
dózer,kukker,0.9165761470794678
dózer,kupec,0.7868045568466187
dózer,kábel,0.8702716827392578
dózer,káder,0.9557955265045166
dózer,kódex,0.9569221138954163
dózer,kókler,0.8114845752716064
dózer,kóter,0.9620527625083923
dózer,lasztex,0.8988938331604004
dózer,latex,0.9368124008178711
dózer,luesz,0.9062508940696716
dózer,lumen,0.8964382410049438
dózer,lumpen,0.9278045296669006
dózer,láger,0.8679020404815674
dózer,lóden,0.8506656289100647
dózer,macesz,0.8776119351387024
dózer,macher,0.9942917227745056
dózer,majszter,0.9789881110191345
dózer,makett,0.826815128326416
dózer,malter,0.7990843653678894
dózer,maszek,0.8012868165969849
dózer,matek,0.9292851686477661
dózer,mater,0.9790711402893066
dózer,modell,0.9843235015869141
dózer,modem,0.8830307722091675
dózer,modern,0.9755631685256958
dózer,moped,0.8237593173980713
dózer,motel,0.7910098433494568
dózer,muter,0.8474971652030945
dózer,mutter,0.8388730883598328
dózer,mágnes,0.8073614835739136
dózer,nonszensz,1.005002498626709
dózer,notesz,0.9103007912635803
dózer,okker,0.8706109523773193
dózer,omlett,0.8258649110794067
dózer,pajesz,0.895138680934906
dózer,pakett,0.9795048236846924
dózer,pamflet,1.0277727842330933
dózer,panel,0.8651087284088135
dózer,parkett,0.801344633102417
dózer,parszek,0.8570674657821655
dózer,partner,1.0134217739105225
dózer,pasztell,0.9211977124214172
dózer,plakett,0.8778420090675354
dózer,pollen,0.9200124740600586
dózer,poszter,0.9186485409736633
dózer,prakker,0.9213933348655701
dózer,projekt,0.9356359243392944
dózer,puffer,0.9321611523628235
dózer,pátens,0.9373234510421753
dózer,páter,1.009639024734497
dózer,póker,0.9158139228820801
dózer,púder,0.9095855951309204
dózer,raszter,0.960986852645874
dózer,rocker,0.8626003861427307
dózer,roller,0.8524283170700073
dózer,rubel,0.924656093120575
dózer,rulett,0.903694748878479
dózer,sakter,0.8446047902107239
dózer,saller,0.7914886474609375
dózer,samesz,0.8533265590667725
dózer,skanzen,0.8478397130966187
dózer,sláger,0.937363862991333
dózer,sparherd,0.8626176118850708
dózer,srapnel,0.8201248049736023
dózer,stukker,0.8621119260787964
dózer,subler,0.880751371383667
dózer,sumer,0.9452470541000366
dózer,suszter,0.8116455078125
dózer,szkander,0.9921141266822815
dózer,szlogen,0.9756364226341248
dózer,szoftver,0.9394450187683105
dózer,szonett,0.9151838421821594
dózer,szovjet,0.938744068145752
dózer,szubrett,0.8894368410110474
dózer,sábesz,0.971175491809845
dózer,sóder,0.7657647728919983
dózer,sólet,0.845871090888977
dózer,tandem,0.8248488903045654
dózer,token,0.8993797302246094
dózer,totem,0.9316142201423645
dózer,transzfer,0.9976735711097717
dózer,traverz,0.8716349601745605
dózer,tróger,0.7746378183364868
dózer,valcer,0.9452248811721802
dózer,vamzer,0.8792952299118042
dózer,vátesz,0.9895989298820496
dózer,zsakett,0.863472580909729
dózer,zsorzsett,0.8702474236488342
dózer,zsáner,0.9437445402145386
dózer,ágens,1.019958734512329
dózer,ájer,0.9249405860900879
dózer,ámen,0.9645701050758362
dózer,ómen,0.9569107890129089
falzett,farmer,0.8678246140480042
falzett,fater,0.9253829717636108
falzett,flanel,0.7835276126861572
falzett,flaszter,0.8894345760345459
falzett,flóbert,0.9313278794288635
falzett,fotel,0.8923355937004089
falzett,fráter,0.8224834203720093
falzett,fuser,0.8866301774978638
falzett,gatyesz,0.7318191528320312
falzett,gukker,0.8836646676063538
falzett,gólem,0.8444323539733887
falzett,hardver,0.9625786542892456
falzett,haver,0.9237691760063171
falzett,hotel,0.9491115808486938
falzett,jampec,0.8866846561431885
falzett,junker,0.9759358167648315
falzett,kadet,0.9542462825775146
falzett,kampec,0.9817673563957214
falzett,karcer,0.8653604388237
falzett,kartell,1.0508933067321777
falzett,karter,0.8350825309753418
falzett,klapec,0.746944010257721
falzett,klaszter,0.9773726463317871
falzett,klozet,0.909081220626831
falzett,koffer,0.9335805773735046
falzett,kolesz,0.947847843170166
falzett,koncert,0.8481069207191467
falzett,konszern,0.9969801306724548
falzett,konzerv,0.8660268783569336
falzett,kopek,0.9788631200790405
falzett,korner,0.8667148351669312
falzett,kornett,0.5897579789161682
falzett,korrekt,1.0022528171539307
falzett,korvett,0.8917971849441528
falzett,krapek,0.8308172225952148
falzett,krokett,0.8801916837692261
falzett,kráter,0.963677167892456
falzett,kukker,0.899673581123352
falzett,kupec,0.8467695713043213
falzett,kábel,0.98172926902771
falzett,káder,1.0262070894241333
falzett,kódex,1.0338478088378906
falzett,kókler,0.9398095607757568
falzett,kóter,0.9653734564781189
falzett,lasztex,0.7781694531440735
falzett,latex,0.7800081968307495
falzett,luesz,0.8596813678741455
falzett,lumen,0.8869489431381226
falzett,lumpen,0.9143663644790649
falzett,láger,1.0359396934509277
falzett,lóden,0.8313500881195068
falzett,macesz,0.7993507981300354
falzett,macher,0.9618597626686096
falzett,majszter,0.912118673324585
falzett,makett,0.8980334997177124
falzett,malter,0.9565183520317078
falzett,maszek,0.9827935695648193
falzett,matek,0.9920498728752136
falzett,mater,0.8435349464416504
falzett,modell,1.0185186862945557
falzett,modem,0.9649044275283813
falzett,modern,0.866870641708374
falzett,moped,0.9018989205360413
falzett,motel,0.9430741667747498
falzett,muter,0.788408637046814
falzett,mutter,0.9095104932785034
falzett,mágnes,0.9607502222061157
falzett,nonszensz,1.0785391330718994
falzett,notesz,0.8637370467185974
falzett,okker,0.8310317993164062
falzett,omlett,0.7897675037384033
falzett,pajesz,0.6897861957550049
falzett,pakett,1.0052746534347534
falzett,pamflet,0.8240911364555359
falzett,panel,1.0159093141555786
falzett,parkett,0.8626737594604492
falzett,parszek,0.8944995403289795
falzett,partner,0.9722580909729004
falzett,pasztell,0.7482696771621704
falzett,plakett,0.8470408916473389
falzett,pollen,1.005730152130127
falzett,poszter,0.8103941679000854
falzett,prakker,0.8696008920669556
falzett,projekt,1.0059300661087036
falzett,puffer,0.9445637464523315
falzett,pátens,1.0071282386779785
falzett,páter,0.8265239596366882
falzett,póker,0.8822116255760193
falzett,púder,0.8146230578422546
falzett,raszter,0.8801504373550415
falzett,rocker,0.7503711581230164
falzett,roller,0.8569623827934265
falzett,rubel,1.0032951831817627
falzett,rulett,0.906695544719696
falzett,sakter,0.878663957118988
falzett,saller,0.9351351261138916
falzett,samesz,0.8812984228134155
falzett,skanzen,0.9943019151687622
falzett,sláger,0.9059690833091736
falzett,sparherd,0.9271843433380127
falzett,srapnel,0.865364670753479
falzett,stukker,0.9594230055809021
falzett,subler,0.7757130265235901
falzett,sumer,0.8472952842712402
falzett,suszter,0.8894020318984985
falzett,szkander,0.9438489079475403
falzett,szlogen,0.9644549489021301
falzett,szoftver,0.9891621470451355
falzett,szonett,0.7907043695449829
falzett,szovjet,1.0032503604888916
falzett,szubrett,0.6656893491744995
falzett,sábesz,0.9237961769104004
falzett,sóder,0.9583637118339539
falzett,sólet,0.8220059871673584
falzett,tandem,0.9627183079719543
falzett,token,0.8848881721496582
falzett,totem,0.7603432536125183
falzett,transzfer,1.0228056907653809
falzett,traverz,0.8953417539596558
falzett,tróger,0.8740314245223999
falzett,valcer,0.8361228108406067
falzett,vamzer,0.9219802021980286
falzett,vátesz,0.8478541970252991
falzett,zsakett,0.7400279641151428
falzett,zsorzsett,0.77723228931427
falzett,zsáner,0.7328680157661438
falzett,ágens,0.9384974241256714
falzett,ájer,0.9216756820678711
falzett,ámen,0.8779260516166687
falzett,ómen,1.032623052597046
farmer,fater,0.7608764171600342
farmer,flanel,0.550937294960022
farmer,flaszter,0.8493227362632751
farmer,flóbert,0.8060064911842346
farmer,fotel,0.6882337331771851
farmer,fráter,0.7845739126205444
farmer,fuser,0.8876233100891113
farmer,gatyesz,0.7565311789512634
farmer,gukker,0.8754101395606995
farmer,gólem,0.8651139736175537
farmer,hardver,0.9838079214096069
farmer,haver,0.6624503135681152
farmer,hotel,0.7636972069740295
farmer,jampec,0.7708165645599365
farmer,junker,0.8787717223167419
farmer,kadet,0.9608540534973145
farmer,kampec,0.9001904726028442
farmer,karcer,0.8434768319129944
farmer,kartell,0.9308079481124878
farmer,karter,0.8061286211013794
farmer,klapec,0.867181658744812
farmer,klaszter,0.8986422419548035
farmer,klozet,0.8446096777915955
farmer,koffer,0.6920609474182129
farmer,kolesz,0.9075395464897156
farmer,koncert,0.8561223745346069
farmer,konszern,0.8191136717796326
farmer,konzerv,0.6838022470474243
farmer,kopek,0.8819002509117126
farmer,korner,0.9354992508888245
farmer,kornett,0.8497664928436279
farmer,korrekt,1.053493618965149
farmer,korvett,0.7699265480041504
farmer,krapek,0.7161037921905518
farmer,krokett,0.7356547713279724
farmer,kráter,0.8567026853561401
farmer,kukker,0.8645409941673279
farmer,kupec,0.6586742401123047
farmer,kábel,0.8840065002441406
farmer,káder,0.7877153754234314
farmer,kódex,0.9474612474441528
farmer,kókler,0.7595437169075012
farmer,kóter,1.0397908687591553
farmer,lasztex,0.8262746930122375
farmer,latex,0.683434247970581
farmer,luesz,0.8708590269088745
farmer,lumen,0.8657008409500122
farmer,lumpen,0.8391905426979065
farmer,láger,0.8231254816055298
farmer,lóden,0.8045945167541504
farmer,macesz,0.8050649166107178
farmer,macher,0.9143474698066711
farmer,majszter,0.9997223019599915
farmer,makett,0.7743973135948181
farmer,malter,0.8750439286231995
farmer,maszek,0.7075755000114441
farmer,matek,0.8473955988883972
farmer,mater,0.9646579623222351
farmer,modell,0.8075169324874878
farmer,modem,0.8687933087348938
farmer,modern,0.9055984020233154
farmer,moped,0.7450602054595947
farmer,motel,0.7210584878921509
farmer,muter,0.8139422535896301
farmer,mutter,0.7843112349510193
farmer,mágnes,0.8596891760826111
farmer,nonszensz,1.0859410762786865
farmer,notesz,0.7411612272262573
farmer,okker,0.6963573694229126
farmer,omlett,0.6947894096374512
farmer,pajesz,0.8273188471794128
farmer,pakett,0.8884691596031189
farmer,pamflet,0.9277268052101135
farmer,panel,0.9166562557220459
farmer,parkett,0.6798509955406189
farmer,parszek,0.9223362803459167
farmer,partner,0.8732150197029114
farmer,pasztell,0.7313365936279297
farmer,plakett,0.8912414908409119
farmer,pollen,0.8775018453598022
farmer,poszter,0.8763158321380615
farmer,prakker,0.8818662166595459
farmer,projekt,0.9701124429702759
farmer,puffer,0.9818841814994812
farmer,pátens,0.936166524887085
farmer,páter,0.8967261910438538
farmer,póker,0.7500454187393188
farmer,púder,0.7550104260444641
farmer,raszter,0.9627407789230347
farmer,rocker,0.6403152942657471
farmer,roller,0.7435054183006287
farmer,rubel,0.8460673689842224
farmer,rulett,0.7635786533355713
farmer,sakter,0.8443076610565186
farmer,saller,0.7792161107063293
farmer,samesz,0.8501565456390381
farmer,skanzen,0.835114598274231
farmer,sláger,0.7488268613815308
farmer,sparherd,0.8296734690666199
farmer,srapnel,0.767966628074646
farmer,stukker,0.826528787612915
farmer,subler,0.8704634308815002
farmer,sumer,1.004282832145691
farmer,suszter,0.5897998213768005
farmer,szkander,0.8587406277656555
farmer,szlogen,0.8672425150871277
farmer,szoftver,0.9408249855041504
farmer,szonett,0.9229954481124878
farmer,szovjet,0.9722968339920044
farmer,szubrett,0.7547526359558105
farmer,sábesz,0.942863941192627
farmer,sóder,0.8212365508079529
farmer,sólet,0.7170443534851074
farmer,tandem,0.7844187617301941
farmer,token,0.9004413485527039
farmer,totem,0.803890585899353
farmer,transzfer,0.9548449516296387
farmer,traverz,0.9642903208732605
farmer,tróger,0.7159777879714966
farmer,valcer,0.8287923336029053
farmer,vamzer,0.8680740594863892
farmer,vátesz,0.9295381307601929
farmer,zsakett,0.6651301980018616
farmer,zsorzsett,0.7358498573303223
farmer,zsáner,0.8447808027267456
farmer,ágens,1.0199730396270752
farmer,ájer,0.7950249910354614
farmer,ámen,1.051438808441162
farmer,ómen,0.9176581501960754
fater,flanel,0.757138192653656
fater,flaszter,0.8214351534843445
fater,flóbert,0.8920384049415588
fater,fotel,0.7296129465103149
fater,fráter,0.7005358934402466
fater,fuser,0.8378747701644897
fater,gatyesz,0.8222331404685974
fater,gukker,0.7955819368362427
fater,gólem,0.8629510402679443
fater,hardver,1.025589108467102
fater,haver,0.526235818862915
fater,hotel,0.8453454971313477
fater,jampec,0.7735139727592468
fater,junker,1.031241774559021
fater,kadet,0.9504446387290955
fater,kampec,0.7598091959953308
fater,karcer,0.8421800136566162
fater,kartell,1.0912044048309326
fater,karter,0.8391739726066589
fater,klapec,0.8358563780784607
fater,klaszter,1.0840011835098267
fater,klozet,0.7037563920021057
fater,koffer,0.7182542681694031
fater,kolesz,0.6935029625892639
fater,koncert,0.8646189570426941
fater,konszern,1.0444159507751465
fater,konzerv,0.7405974268913269
fater,kopek,0.865079939365387
fater,korner,0.8807963132858276
fater,kornett,0.8880501985549927
fater,korrekt,1.0587799549102783
fater,korvett,0.9560713171958923
fater,krapek,0.6095078587532043
fater,krokett,0.8511265516281128
fater,kráter,0.957785964012146
fater,kukker,0.8604134321212769
fater,kupec,0.620986819267273
fater,kábel,0.9190249443054199
fater,káder,0.9481765627861023
fater,kódex,1.0583696365356445
fater,kókler,0.7460559010505676
fater,kóter,0.9212301969528198
fater,lasztex,0.983687698841095
fater,latex,0.9087035059928894
fater,luesz,0.9019942283630371
fater,lumen,1.0056140422821045
fater,lumpen,0.9497007131576538
fater,láger,0.8700082898139954
fater,lóden,0.8580674529075623
fater,macesz,0.792611837387085
fater,macher,0.9466169476509094
fater,majszter,0.9030393958091736
fater,makett,0.970065176486969
fater,malter,0.7698957324028015
fater,maszek,0.798408031463623
fater,matek,0.749991774559021
fater,mater,0.9496475458145142
fater,modell,1.085283875465393
fater,modem,0.8713598847389221
fater,modern,1.097595453262329
fater,moped,0.7289896011352539
fater,motel,0.7811984419822693
fater,muter,0.6343331336975098
fater,mutter,0.5873743891716003
fater,mágnes,0.8739704489707947
fater,nonszensz,1.0324106216430664
fater,notesz,0.8431787490844727
fater,okker,0.8868945240974426
fater,omlett,0.739835262298584
fater,pajesz,0.80158531665802
fater,pakett,1.0148602724075317
fater,pamflet,1.0053788423538208
fater,panel,0.9884833693504333
fater,parkett,0.8270126581192017
fater,parszek,1.0080180168151855
fater,partner,1.0162922143936157
fater,pasztell,0.9067237377166748
fater,plakett,1.0322712659835815
fater,pollen,0.9024322628974915
fater,poszter,0.9515002369880676
fater,prakker,0.8696639537811279
fater,projekt,1.1425844430923462
fater,puffer,1.053918480873108
fater,pátens,1.0350207090377808
fater,páter,0.8098659515380859
fater,póker,0.8609542846679688
fater,púder,0.8276889324188232
fater,raszter,1.0730628967285156
fater,rocker,0.6873800754547119
fater,roller,0.7728175520896912
fater,rubel,0.947186291217804
fater,rulett,0.8322030305862427
fater,sakter,0.9341470003128052
fater,saller,0.7733572721481323
fater,samesz,0.7872512340545654
fater,skanzen,0.934776782989502
fater,sláger,0.8111523985862732
fater,sparherd,0.7149592638015747
fater,srapnel,0.7918937802314758
fater,stukker,0.7048760652542114
fater,subler,0.8992505073547363
fater,sumer,1.0259510278701782
fater,suszter,0.6233077049255371
fater,szkander,0.8930709958076477
fater,szlogen,0.9156900644302368
fater,szoftver,1.023380994796753
fater,szonett,0.9703259468078613
fater,szovjet,1.0399203300476074
fater,szubrett,0.7767915725708008
fater,sábesz,0.853492796421051
fater,sóder,0.8147587180137634
fater,sólet,0.7016251087188721
fater,tandem,0.9441100358963013
fater,token,0.9736462235450745
fater,totem,0.8941309452056885
fater,transzfer,1.114904522895813
fater,traverz,0.9181492328643799
fater,tróger,0.6507457494735718
fater,valcer,0.8552409410476685
fater,vamzer,0.7103292942047119
fater,vátesz,0.8840384483337402
fater,zsakett,0.8969003558158875
fater,zsorzsett,0.8456028699874878
fater,zsáner,1.0100090503692627
fater,ágens,1.1208785772323608
fater,ájer,0.8096351027488708
fater,ámen,0.7784699201583862
fater,ómen,0.8471192121505737
flanel,flaszter,0.8086317777633667
flanel,flóbert,0.7768069505691528
flanel,fotel,0.5968238115310669
flanel,fráter,0.8622193336486816
flanel,fuser,0.8769677877426147
flanel,gatyesz,0.6454979181289673
flanel,gukker,0.8274474740028381
flanel,gólem,0.905555784702301
flanel,hardver,0.9755311012268066
flanel,haver,0.7388157844543457
flanel,hotel,0.8363195657730103
flanel,jampec,0.8210234642028809
flanel,junker,0.9647253751754761
flanel,kadet,0.8391580581665039
flanel,kampec,0.8681638240814209
flanel,karcer,0.662624716758728
flanel,kartell,1.0351691246032715
flanel,karter,0.7138082385063171
flanel,klapec,0.8148650527000427
flanel,klaszter,0.8955563306808472
flanel,klozet,0.8379764556884766
flanel,koffer,0.6886407136917114
flanel,kolesz,0.7867786288261414
flanel,koncert,0.8927258849143982
flanel,konszern,0.9620369076728821
flanel,konzerv,0.6632298231124878
flanel,kopek,0.9304792881011963
flanel,korner,0.8410635590553284
flanel,kornett,0.7751160860061646
flanel,korrekt,1.0222196578979492
flanel,korvett,0.8570279479026794
flanel,krapek,0.7695358991622925
flanel,krokett,0.69948410987854
flanel,kráter,0.886985182762146
flanel,kukker,0.8096463680267334
flanel,kupec,0.7578413486480713
flanel,kábel,0.8988181948661804
flanel,káder,0.8923012614250183
flanel,kódex,0.9705772995948792
flanel,kókler,0.8902820348739624
flanel,kóter,0.9003838300704956
flanel,lasztex,0.7140321731567383
flanel,latex,0.5713557004928589
flanel,luesz,0.8209797739982605
flanel,lumen,0.8237192630767822
flanel,lumpen,0.9423717260360718
flanel,láger,0.8987451195716858
flanel,lóden,0.7212188243865967
flanel,macesz,0.7053493857383728
flanel,macher,0.8953637480735779
flanel,majszter,0.9953393936157227
flanel,makett,0.7700010538101196
flanel,malter,0.8099276423454285
flanel,maszek,0.8501443266868591
flanel,matek,0.8419893980026245
flanel,mater,0.8515951633453369
flanel,modell,0.9534489512443542
flanel,modem,0.9364174604415894
flanel,modern,1.0267130136489868
flanel,moped,0.7239807844161987
flanel,motel,0.770180881023407
flanel,muter,0.7345563769340515
flanel,mutter,0.7808128595352173
flanel,mágnes,0.8664016127586365
flanel,nonszensz,1.108002781867981
flanel,notesz,0.7077391147613525
flanel,okker,0.5329092741012573
flanel,omlett,0.6449621915817261
flanel,pajesz,0.704010009765625
flanel,pakett,0.989791214466095
flanel,pamflet,0.8994786143302917
flanel,panel,0.9190466403961182
flanel,parkett,0.6765908002853394
flanel,parszek,0.821518063545227
flanel,partner,0.9784725308418274
flanel,pasztell,0.5652654767036438
flanel,plakett,0.734704852104187
flanel,pollen,0.7548296451568604
flanel,poszter,0.7424565553665161
flanel,prakker,0.7975212335586548
flanel,projekt,1.0175883769989014
flanel,puffer,0.9757837057113647
flanel,pátens,0.9491145014762878
flanel,páter,0.9220461249351501
flanel,póker,0.8197470903396606
flanel,púder,0.6199533939361572
flanel,raszter,0.9108399748802185
flanel,rocker,0.7417851686477661
flanel,roller,0.6645973920822144
flanel,rubel,0.9555838108062744
flanel,rulett,0.8519644141197205
flanel,sakter,0.8756794929504395
flanel,saller,0.8074231147766113
flanel,samesz,0.8221893906593323
flanel,skanzen,0.9227468967437744
flanel,sláger,0.8493607640266418
flanel,sparherd,0.6729327440261841
flanel,srapnel,0.806738555431366
flanel,stukker,0.8052551746368408
flanel,subler,0.8622488975524902
flanel,sumer,1.0533267259597778
flanel,suszter,0.7123884558677673
flanel,szkander,0.7989451289176941
flanel,szlogen,0.9756107330322266
flanel,szoftver,0.9860110878944397
flanel,szonett,0.8618612289428711
flanel,szovjet,1.026340126991272
flanel,szubrett,0.6409682035446167
flanel,sábesz,0.8295535445213318
flanel,sóder,0.7134243249893188
flanel,sólet,0.679918646812439
flanel,tandem,0.8316897749900818
flanel,token,0.8494739532470703
flanel,totem,0.7905920743942261
flanel,transzfer,0.9510846734046936
flanel,traverz,0.8045430183410645
flanel,tróger,0.7867982983589172
flanel,valcer,0.8328170776367188
flanel,vamzer,0.8940666913986206
flanel,vátesz,1.0167053937911987
flanel,zsakett,0.6449885368347168
flanel,zsorzsett,0.6041048765182495
flanel,zsáner,0.8322520852088928
flanel,ágens,1.097224473953247
flanel,ájer,0.8083013296127319
flanel,ámen,0.9139790534973145
flanel,ómen,0.9576069712638855
flaszter,flóbert,0.9315410852432251
flaszter,fotel,0.744958758354187
flaszter,fráter,0.9108808040618896
flaszter,fuser,0.8636301755905151
flaszter,gatyesz,0.820947527885437
flaszter,gukker,0.8624054193496704
flaszter,gólem,0.9152405261993408
flaszter,hardver,1.0094208717346191
flaszter,haver,0.9004230499267578
flaszter,hotel,0.8721002340316772
flaszter,jampec,0.8587066531181335
flaszter,junker,0.9038598537445068
flaszter,kadet,1.0388156175613403
flaszter,kampec,0.924705445766449
flaszter,karcer,0.8092700242996216
flaszter,kartell,1.0020372867584229
flaszter,karter,0.8261786699295044
flaszter,klapec,0.8214077353477478
flaszter,klaszter,1.0642516613006592
flaszter,klozet,0.7559399604797363
flaszter,koffer,0.7710580825805664
flaszter,kolesz,0.8548027276992798
flaszter,koncert,0.9446513652801514
flaszter,konszern,1.0280486345291138
flaszter,konzerv,0.8492299914360046
flaszter,kopek,0.9892942905426025
flaszter,korner,0.8845488429069519
flaszter,kornett,0.9011228084564209
flaszter,korrekt,0.9913986325263977
flaszter,korvett,0.8724381327629089
flaszter,krapek,0.8549710512161255
flaszter,krokett,0.9043842554092407
flaszter,kráter,0.8446643352508545
flaszter,kukker,0.9077800512313843
flaszter,kupec,0.8342370390892029
flaszter,kábel,0.8644566535949707
flaszter,káder,0.9480918049812317
flaszter,kódex,1.0862958431243896
flaszter,kókler,0.9742910265922546
flaszter,kóter,0.8362683057785034
flaszter,lasztex,0.7853888273239136
flaszter,latex,0.8764970302581787
flaszter,luesz,0.9492037296295166
flaszter,lumen,0.921188235282898
flaszter,lumpen,0.9416915774345398
flaszter,láger,0.8345167636871338
flaszter,lóden,0.8182860016822815
flaszter,macesz,0.813381552696228
flaszter,macher,0.9603729248046875
flaszter,majszter,0.9295054078102112
flaszter,makett,0.8571805953979492
flaszter,malter,0.798949122428894
flaszter,maszek,0.9344311952590942
flaszter,matek,0.9344520568847656
flaszter,mater,0.9565868973731995
flaszter,modell,1.0439460277557373
flaszter,modem,0.999610185623169
flaszter,modern,0.9612200260162354
flaszter,moped,0.8283916115760803
flaszter,motel,0.7876449823379517
flaszter,muter,0.8584275841712952
flaszter,mutter,0.8956359624862671
flaszter,mágnes,0.8844946622848511
flaszter,nonszensz,0.9998074769973755
flaszter,notesz,0.7718943357467651
flaszter,okker,0.7627469897270203
flaszter,omlett,0.7720813751220703
flaszter,pajesz,0.7673120498657227
flaszter,pakett,1.068746566772461
flaszter,pamflet,0.9045976996421814
flaszter,panel,0.8836846947669983
flaszter,parkett,0.7202262878417969
flaszter,parszek,0.8436201214790344
flaszter,partner,1.1056318283081055
flaszter,pasztell,0.7538208961486816
flaszter,plakett,0.9661095142364502
flaszter,pollen,0.9464062452316284
flaszter,poszter,0.9300331473350525
flaszter,prakker,0.9550005197525024
flaszter,projekt,1.0884407758712769
flaszter,puffer,0.9764927625656128
flaszter,pátens,1.0255120992660522
flaszter,páter,1.0146335363388062
flaszter,póker,0.8700789213180542
flaszter,púder,0.9084052443504333
flaszter,raszter,0.8804994225502014
flaszter,rocker,0.9449911117553711
flaszter,roller,0.825462818145752
flaszter,rubel,0.9683451056480408
flaszter,rulett,0.8900602459907532
flaszter,sakter,0.961954653263092
flaszter,saller,0.9074122905731201
flaszter,samesz,0.888611912727356
flaszter,skanzen,0.8698621392250061
flaszter,sláger,0.8944096565246582
flaszter,sparherd,0.7532431483268738
flaszter,srapnel,0.9297758340835571
flaszter,stukker,0.8574087619781494
flaszter,subler,0.8750261664390564
flaszter,sumer,0.9710187315940857
flaszter,suszter,0.8409518599510193
flaszter,szkander,0.8522555232048035
flaszter,szlogen,0.9205842614173889
flaszter,szoftver,1.0483802556991577
flaszter,szonett,0.9215569496154785
flaszter,szovjet,0.8959195613861084
flaszter,szubrett,0.8264523148536682
flaszter,sábesz,0.9976584315299988
flaszter,sóder,0.7361983060836792
flaszter,sólet,0.8355928063392639
flaszter,tandem,0.9505172967910767
flaszter,token,0.95635986328125
flaszter,totem,0.8118746876716614
flaszter,transzfer,1.0587371587753296
flaszter,traverz,0.8255306482315063
flaszter,tróger,0.8216742873191833
flaszter,valcer,0.8118453025817871
flaszter,vamzer,0.8827235102653503
flaszter,vátesz,1.0082520246505737
flaszter,zsakett,0.776728630065918
flaszter,zsorzsett,0.8661774396896362
flaszter,zsáner,0.8800687193870544
flaszter,ágens,1.1057156324386597
flaszter,ájer,0.851547122001648
flaszter,ámen,0.9500359296798706
flaszter,ómen,0.9643955826759338
flóbert,fotel,0.8111413717269897
flóbert,fráter,0.9184973239898682
flóbert,fuser,0.9467492699623108
flóbert,gatyesz,0.8572574257850647
flóbert,gukker,0.9400037527084351
flóbert,gólem,0.9270354509353638
flóbert,hardver,0.89566570520401
flóbert,haver,0.8938769698143005
flóbert,hotel,0.913972795009613
flóbert,jampec,0.9505837559700012
flóbert,junker,0.9910809397697449
flóbert,kadet,0.9829351305961609
flóbert,kampec,0.9924157857894897
flóbert,karcer,0.855425238609314
flóbert,kartell,0.8685771226882935
flóbert,karter,0.8679420351982117
flóbert,klapec,0.934636652469635
flóbert,klaszter,0.9905286431312561
flóbert,klozet,0.9184193015098572
flóbert,koffer,0.8175618648529053
flóbert,kolesz,0.9381653070449829
flóbert,koncert,0.9871481657028198
flóbert,konszern,0.8944964408874512
flóbert,konzerv,0.8037434816360474
flóbert,kopek,0.9211768507957458
flóbert,korner,0.9032926559448242
flóbert,kornett,0.8913382887840271
flóbert,korrekt,1.0255050659179688
flóbert,korvett,0.7177574634552002
flóbert,krapek,0.9891967177391052
flóbert,krokett,0.9076766967773438
flóbert,kráter,0.9324830770492554
flóbert,kukker,0.8702123761177063
flóbert,kupec,0.8586423397064209
flóbert,kábel,0.8689529895782471
flóbert,káder,0.9543129801750183
flóbert,kódex,0.8888460397720337
flóbert,kókler,0.8790322542190552
flóbert,kóter,0.9648342728614807
flóbert,lasztex,0.9298297762870789
flóbert,latex,0.7753187417984009
flóbert,luesz,0.8552613854408264
flóbert,lumen,0.8613274097442627
flóbert,lumpen,0.8592328429222107
flóbert,láger,0.8782497644424438
flóbert,lóden,0.9033280611038208
flóbert,macesz,0.8409984707832336
flóbert,macher,0.9747180938720703
flóbert,majszter,1.061603307723999
flóbert,makett,0.7838015556335449
flóbert,malter,0.8268322348594666
flóbert,maszek,0.8731881976127625
flóbert,matek,0.9874483942985535
flóbert,mater,1.009420394897461
flóbert,modell,0.9629312753677368
flóbert,modem,0.8529137969017029
flóbert,modern,0.9196528792381287
flóbert,moped,0.7087746262550354
flóbert,motel,0.8642926812171936
flóbert,muter,0.8564324378967285
flóbert,mutter,0.8699898719787598
flóbert,mágnes,0.804608941078186
flóbert,nonszensz,1.0440353155136108
flóbert,notesz,0.8209913969039917
flóbert,okker,0.9028047323226929
flóbert,omlett,0.8803699612617493
flóbert,pajesz,0.8626213073730469
flóbert,pakett,0.8893402218818665
flóbert,pamflet,0.9700428247451782
flóbert,panel,0.8977708220481873
flóbert,parkett,0.9126771688461304
flóbert,parszek,0.8673965930938721
flóbert,partner,1.0676910877227783
flóbert,pasztell,0.8980862498283386
flóbert,plakett,0.8325557112693787
flóbert,pollen,0.8479475378990173
flóbert,poszter,0.916449785232544
flóbert,prakker,0.9013852477073669
flóbert,projekt,1.0140868425369263
flóbert,puffer,0.8607048988342285
flóbert,pátens,0.9071401953697205
flóbert,páter,1.0216768980026245
flóbert,póker,0.8202288150787354
flóbert,púder,0.8573064208030701
flóbert,raszter,0.9430782794952393
flóbert,rocker,0.9082632064819336
flóbert,roller,0.7691653966903687
flóbert,rubel,0.9484965205192566
flóbert,rulett,0.8734769821166992
flóbert,sakter,0.8319818377494812
flóbert,saller,0.9103305339813232
flóbert,samesz,0.88105708360672
flóbert,skanzen,0.9806790947914124
flóbert,sláger,0.9401006698608398
flóbert,sparherd,0.8086865544319153
flóbert,srapnel,0.7941555976867676
flóbert,stukker,0.8443034887313843
flóbert,subler,0.8123586773872375
flóbert,sumer,0.9891232252120972
flóbert,suszter,0.8332839012145996
flóbert,szkander,0.9292348623275757
flóbert,szlogen,0.9803172945976257
flóbert,szoftver,0.9073173999786377
flóbert,szonett,0.9962419867515564
flóbert,szovjet,0.8801699280738831
flóbert,szubrett,0.8941444158554077
flóbert,sábesz,0.9139518141746521
flóbert,sóder,0.8338491320610046
flóbert,sólet,0.8624653220176697
flóbert,tandem,0.8339691162109375
flóbert,token,0.821820855140686
flóbert,totem,0.8971081376075745
flóbert,transzfer,0.9623083472251892
flóbert,traverz,1.0033472776412964
flóbert,tróger,0.9133363962173462
flóbert,valcer,0.9324000477790833
flóbert,vamzer,0.847640335559845
flóbert,vátesz,1.0187797546386719
flóbert,zsakett,0.83027583360672
flóbert,zsorzsett,0.9268989562988281
flóbert,zsáner,0.9438332915306091
flóbert,ágens,0.9401750564575195
flóbert,ájer,0.9369239807128906
flóbert,ámen,1.001970887184143
flóbert,ómen,1.0238027572631836
fotel,fráter,0.7896172404289246
fotel,fuser,0.9330923557281494
fotel,gatyesz,0.7791789174079895
fotel,gukker,0.8613120317459106
fotel,gólem,0.8179115653038025
fotel,hardver,0.8650895357131958
fotel,haver,0.7384696006774902
fotel,hotel,0.6569535136222839
fotel,jampec,0.886227548122406
fotel,junker,1.0088458061218262
fotel,kadet,1.0346968173980713
fotel,kampec,0.8831582069396973
fotel,karcer,0.7747893333435059
fotel,kartell,1.0581334829330444
fotel,karter,0.6631327867507935
fotel,klapec,0.8729652166366577
fotel,klaszter,1.023902177810669
fotel,klozet,0.7027959823608398
fotel,koffer,0.4882959723472595
fotel,kolesz,0.7565751075744629
fotel,koncert,0.7894191145896912
fotel,konszern,0.9457387328147888
fotel,konzerv,0.7655963897705078
fotel,kopek,0.8523750901222229
fotel,korner,0.8565379977226257
fotel,kornett,0.8527441024780273
fotel,korrekt,1.0021100044250488
fotel,korvett,0.8312198519706726
fotel,krapek,0.8320625424385071
fotel,krokett,0.8170976042747498
fotel,kráter,0.7182701230049133
fotel,kukker,0.8178161382675171
fotel,kupec,0.8165330290794373
fotel,kábel,0.6516209244728088
fotel,káder,0.9266286492347717
fotel,kódex,0.9177927374839783
fotel,kókler,0.9105797410011292
fotel,kóter,0.9007150530815125
fotel,lasztex,0.7564104795455933
fotel,latex,0.7111334204673767
fotel,luesz,1.0376845598220825
fotel,lumen,0.7438356876373291
fotel,lumpen,0.9664793610572815
fotel,láger,0.8180006742477417
fotel,lóden,0.8529307842254639
fotel,macesz,0.8018800616264343
fotel,macher,0.95374596118927
fotel,majszter,0.9691824316978455
fotel,makett,0.7286256551742554
fotel,malter,0.6846325993537903
fotel,maszek,0.9282975792884827
fotel,matek,0.8755316138267517
fotel,mater,0.868678092956543
fotel,modell,0.8672720193862915
fotel,modem,0.69865882396698
fotel,modern,0.9521281123161316
fotel,moped,0.7464786767959595
fotel,motel,0.6574382781982422
fotel,muter,0.8443291783332825
fotel,mutter,0.7972500920295715
fotel,mágnes,0.6169752478599548
fotel,nonszensz,1.013542890548706
fotel,notesz,0.5787699222564697
fotel,okker,0.675381064414978
fotel,omlett,0.6457690000534058
fotel,pajesz,0.8527060747146606
fotel,pakett,0.9634421467781067
fotel,pamflet,0.8954244256019592
fotel,panel,0.673392117023468
fotel,parkett,0.5618014335632324
fotel,parszek,0.7713524699211121
fotel,partner,0.9068454504013062
fotel,pasztell,0.6885208487510681
fotel,plakett,0.8256691694259644
fotel,pollen,0.8928796648979187
fotel,poszter,0.7022178173065186
fotel,prakker,0.7951955199241638
fotel,projekt,1.0209721326828003
fotel,puffer,0.8581696152687073
fotel,pátens,1.0740715265274048
fotel,páter,0.942155122756958
fotel,póker,0.8507472276687622
fotel,púder,0.6283743381500244
fotel,raszter,0.8292922973632812
fotel,rocker,0.8348838686943054
fotel,roller,0.6698101758956909
fotel,rubel,0.9125875234603882
fotel,rulett,0.8290401697158813
fotel,sakter,0.9080753326416016
fotel,saller,0.7423676252365112
fotel,samesz,0.8277790546417236
fotel,skanzen,0.8713934421539307
fotel,sláger,0.7986375689506531
fotel,sparherd,0.6275172233581543
fotel,srapnel,0.7758244872093201
fotel,stukker,0.7928013801574707
fotel,subler,0.9615224003791809
fotel,sumer,1.0128414630889893
fotel,suszter,0.6635943055152893
fotel,szkander,0.950552761554718
fotel,szlogen,0.895358681678772
fotel,szoftver,0.8994918465614319
fotel,szonett,0.74140465259552
fotel,szovjet,0.9919872879981995
fotel,szubrett,0.7957751750946045
fotel,sábesz,0.9814282059669495
fotel,sóder,0.7279459238052368
fotel,sólet,0.777794361114502
fotel,tandem,0.6976130604743958
fotel,token,0.8136075735092163
fotel,totem,0.77227783203125
fotel,transzfer,0.9921729564666748
fotel,traverz,0.7599608302116394
fotel,tróger,0.8011120557785034
fotel,valcer,0.7710781097412109
fotel,vamzer,0.9621798396110535
fotel,vátesz,0.9723535180091858
fotel,zsakett,0.7724794149398804
fotel,zsorzsett,0.8399139046669006
fotel,zsáner,0.9388482570648193
fotel,ágens,0.9928953051567078
fotel,ájer,0.7503030896186829
fotel,ámen,0.8474469184875488
fotel,ómen,1.0208370685577393
fráter,fuser,0.9764209985733032
fráter,gatyesz,0.8855428695678711
fráter,gukker,1.0376003980636597
fráter,gólem,0.8068302869796753
fráter,hardver,1.0979341268539429
fráter,haver,0.6758582592010498
fráter,hotel,0.9224545955657959
fráter,jampec,0.7836161851882935
fráter,junker,0.8815808296203613
fráter,kadet,1.0707162618637085
fráter,kampec,0.8366507291793823
fráter,karcer,0.8375773429870605
fráter,kartell,1.0337235927581787
fráter,karter,0.9471827745437622
fráter,klapec,0.7797961235046387
fráter,klaszter,1.1459202766418457
fráter,klozet,0.795914888381958
fráter,koffer,0.7814470529556274
fráter,kolesz,0.9154983162879944
fráter,koncert,0.92584228515625
fráter,konszern,1.0580111742019653
fráter,konzerv,0.9205017685890198
fráter,kopek,0.9072774648666382
fráter,korner,0.9602906107902527
fráter,kornett,0.8441758155822754
fráter,korrekt,1.0217735767364502
fráter,korvett,0.9239892363548279
fráter,krapek,0.6858066320419312
fráter,krokett,0.95942622423172
fráter,kráter,0.9436349272727966
fráter,kukker,0.9448997974395752
fráter,kupec,0.5659263730049133
fráter,kábel,1.0417912006378174
fráter,káder,0.7801831960678101
fráter,kódex,0.9796695709228516
fráter,kókler,0.6630972623825073
fráter,kóter,0.9722293019294739
fráter,lasztex,0.9568953514099121
fráter,latex,0.9518170356750488
fráter,luesz,0.9558876156806946
fráter,lumen,1.0719854831695557
fráter,lumpen,0.8635385632514954
fráter,láger,0.7664499282836914
fráter,lóden,0.9195259809494019
fráter,macesz,0.8744320869445801
fráter,macher,0.8549413681030273
fráter,majszter,0.8227685689926147
fráter,makett,1.0868620872497559
fráter,malter,0.8563167452812195
fráter,maszek,0.780913233757019
fráter,matek,0.8985955119132996
fráter,mater,0.8869568109512329
fráter,modell,1.1058248281478882
fráter,modem,1.0412113666534424
fráter,modern,1.0272763967514038
fráter,moped,0.9334318041801453
fráter,motel,0.887407660484314
fráter,muter,0.6457036733627319
fráter,mutter,0.7635487914085388
fráter,mágnes,0.9719897508621216
fráter,nonszensz,0.9629517793655396
fráter,notesz,0.936790943145752
fráter,okker,0.877809464931488
fráter,omlett,0.7942215204238892
fráter,pajesz,0.827505886554718
fráter,pakett,1.0344518423080444
fráter,pamflet,0.831830620765686
fráter,panel,1.1090167760849
fráter,parkett,0.7601955533027649
fráter,parszek,0.9916673898696899
fráter,partner,0.9377696514129639
fráter,pasztell,0.9453247785568237
fráter,plakett,1.0183793306350708
fráter,pollen,0.9834630489349365
fráter,poszter,1.0753332376480103
fráter,prakker,0.8750213384628296
fráter,projekt,1.1319299936294556
fráter,puffer,1.1285651922225952
fráter,pátens,0.8709937334060669
fráter,páter,0.5373718738555908
fráter,póker,0.9723111987113953
fráter,púder,0.852475643157959
fráter,raszter,1.120378851890564
fráter,rocker,0.7152385115623474
fráter,roller,0.9582578539848328
fráter,rubel,0.889855146408081
fráter,rulett,0.9182109832763672
fráter,sakter,0.8011114597320557
fráter,saller,0.7147908210754395
fráter,samesz,0.7721952199935913
fráter,skanzen,1.078134298324585
fráter,sláger,0.9361926317214966
fráter,sparherd,0.8776432275772095
fráter,srapnel,0.7752369046211243
fráter,stukker,0.80722975730896
fráter,subler,0.9812666773796082
fráter,sumer,0.9522174596786499
fráter,suszter,0.5676653385162354
fráter,szkander,1.0435118675231934
fráter,szlogen,0.8977546691894531
fráter,szoftver,1.0691993236541748
fráter,szonett,0.8712539672851562
fráter,szovjet,0.959641695022583
fráter,szubrett,0.792051374912262
fráter,sábesz,0.9112928509712219
fráter,sóder,0.9032533764839172
fráter,sólet,0.7780197858810425
fráter,tandem,1.0174990892410278
fráter,token,1.0729187726974487
fráter,totem,0.7835885882377625
fráter,transzfer,1.171642780303955
fráter,traverz,0.9461075067520142
fráter,tróger,0.6143640875816345
fráter,valcer,0.8528217077255249
fráter,vamzer,0.6901996731758118
fráter,vátesz,0.7112182378768921
fráter,zsakett,0.8554961085319519
fráter,zsorzsett,0.8410258889198303
fráter,zsáner,1.013014316558838
fráter,ágens,0.9911874532699585
fráter,ájer,0.8225218057632446
fráter,ámen,0.7014675140380859
fráter,ómen,0.7812949419021606
fuser,gatyesz,0.8280711770057678
fuser,gukker,0.9247378706932068
fuser,gólem,0.9991465210914612
fuser,hardver,0.9447880983352661
fuser,haver,0.9312843680381775
fuser,hotel,0.9581409096717834
fuser,jampec,0.8527826070785522
fuser,junker,0.9572939872741699
fuser,kadet,1.0095340013504028
fuser,kampec,0.8606703281402588
fuser,karcer,0.9389264583587646
fuser,kartell,0.9949881434440613
fuser,karter,0.8708547353744507
fuser,klapec,0.9023378491401672
fuser,klaszter,1.0219738483428955
fuser,klozet,0.8306783437728882
fuser,koffer,0.8283137679100037
fuser,kolesz,0.8671185970306396
fuser,koncert,1.1171737909317017
fuser,konszern,1.0177452564239502
fuser,konzerv,0.8243675231933594
fuser,kopek,0.9119738340377808
fuser,korner,0.8773781657218933
fuser,kornett,0.8934905529022217
fuser,korrekt,0.9379310011863708
fuser,korvett,0.9383646249771118
fuser,krapek,0.8814512491226196
fuser,krokett,0.8432235717773438
fuser,kráter,1.0086811780929565
fuser,kukker,0.9218730330467224
fuser,kupec,0.8811922073364258
fuser,kábel,0.8702508211135864
fuser,káder,0.9692463278770447
fuser,kódex,1.0659204721450806
fuser,kókler,0.9139170050621033
fuser,kóter,0.9333222508430481
fuser,lasztex,0.8734528422355652
fuser,latex,0.8856139779090881
fuser,luesz,0.965162992477417
fuser,lumen,0.8779346346855164
fuser,lumpen,0.9031396508216858
fuser,láger,0.9960019588470459
fuser,lóden,0.9385268092155457
fuser,macesz,0.8468393087387085
fuser,macher,0.9725045561790466
fuser,majszter,0.935282289981842
fuser,makett,0.9438799619674683
fuser,malter,0.8302776217460632
fuser,maszek,0.814589262008667
fuser,matek,1.0085409879684448
fuser,mater,0.9687406420707703
fuser,modell,1.0709978342056274
fuser,modem,0.8989499807357788
fuser,modern,0.9729906916618347
fuser,moped,0.942287802696228
fuser,motel,0.9088460803031921
fuser,muter,0.8009763956069946
fuser,mutter,0.8451555371284485
fuser,mágnes,0.9128877520561218
fuser,nonszensz,1.0138925313949585
fuser,notesz,0.9526221752166748
fuser,okker,0.8498222827911377
fuser,omlett,0.8493064641952515
fuser,pajesz,0.8644835948944092
fuser,pakett,0.9700950980186462
fuser,pamflet,1.0640290975570679
fuser,panel,0.9023361206054688
fuser,parkett,0.9035731554031372
fuser,parszek,0.9398719668388367
fuser,partner,1.1330586671829224
fuser,pasztell,0.9031099677085876
fuser,plakett,0.9727792739868164
fuser,pollen,0.967135488986969
fuser,poszter,1.0459072589874268
fuser,prakker,0.929267406463623
fuser,projekt,1.1456835269927979
fuser,puffer,0.8771402835845947
fuser,pátens,0.9993777871131897
fuser,páter,1.076322078704834
fuser,póker,0.9528132081031799
fuser,púder,0.8790460228919983
fuser,raszter,0.868937611579895
fuser,rocker,0.9023769497871399
fuser,roller,0.9138398766517639
fuser,rubel,0.9353511929512024
fuser,rulett,1.0000187158584595
fuser,sakter,0.9968675374984741
fuser,saller,0.9666119813919067
fuser,samesz,0.8729383945465088
fuser,skanzen,0.9540674686431885
fuser,sláger,1.0394392013549805
fuser,sparherd,0.8383941650390625
fuser,srapnel,0.8473576307296753
fuser,stukker,0.9937326312065125
fuser,subler,0.784212052822113
fuser,sumer,0.9455280900001526
fuser,suszter,0.8809343576431274
fuser,szkander,0.9890751838684082
fuser,szlogen,0.9724534153938293
fuser,szoftver,0.958518385887146
fuser,szonett,1.0733798742294312
fuser,szovjet,0.9504377841949463
fuser,szubrett,0.9433814287185669
fuser,sábesz,0.8438812494277954
fuser,sóder,0.8229391574859619
fuser,sólet,0.878275990486145
fuser,tandem,0.9951205849647522
fuser,token,0.9337472915649414
fuser,totem,0.9835107922554016
fuser,transzfer,0.9775277376174927
fuser,traverz,0.8966913223266602
fuser,tróger,0.8275419473648071
fuser,valcer,0.9772489070892334
fuser,vamzer,0.8181675672531128
fuser,vátesz,0.9810606241226196
fuser,zsakett,0.9160537719726562
fuser,zsorzsett,0.8437057137489319
fuser,zsáner,0.9721580743789673
fuser,ágens,1.0969464778900146
fuser,ájer,0.8787252902984619
fuser,ámen,0.8799896240234375
fuser,ómen,0.9983481168746948
gatyesz,gukker,0.7807866930961609
gatyesz,gólem,0.8709981441497803
gatyesz,hardver,0.9830630421638489
gatyesz,haver,0.7949251532554626
gatyesz,hotel,0.8870946764945984
gatyesz,jampec,0.7060807347297668
gatyesz,junker,0.8828088045120239
gatyesz,kadet,0.8521336913108826
gatyesz,kampec,0.7828653454780579
gatyesz,karcer,0.6777726411819458
gatyesz,kartell,1.0104321241378784
gatyesz,karter,0.7263814210891724
gatyesz,klapec,0.6913101673126221
gatyesz,klaszter,0.9016132950782776
gatyesz,klozet,0.8408753275871277
gatyesz,koffer,0.772189736366272
gatyesz,kolesz,0.835211455821991
gatyesz,koncert,0.9092537760734558
gatyesz,konszern,0.9707569479942322
gatyesz,konzerv,0.8288829922676086
gatyesz,kopek,0.7887506484985352
gatyesz,korner,0.7463345527648926
gatyesz,kornett,0.6472854614257812
gatyesz,korrekt,0.9426631331443787
gatyesz,korvett,0.7785714864730835
gatyesz,krapek,0.7801104784011841
gatyesz,krokett,0.7580801844596863
gatyesz,kráter,0.9118905067443848
gatyesz,kukker,0.8357636332511902
gatyesz,kupec,0.8109973073005676
gatyesz,kábel,0.9033098220825195
gatyesz,káder,0.9787302017211914
gatyesz,kódex,0.9644055366516113
gatyesz,kókler,0.9692898392677307
gatyesz,kóter,0.7740824222564697
gatyesz,lasztex,0.7475992441177368
gatyesz,latex,0.8001874685287476
gatyesz,luesz,0.7629099488258362
gatyesz,lumen,0.782038688659668
gatyesz,lumpen,0.9905073046684265
gatyesz,láger,0.9526979923248291
gatyesz,lóden,0.6892417669296265
gatyesz,macesz,0.8614123463630676
gatyesz,macher,0.8824343085289001
gatyesz,majszter,0.8954607248306274
gatyesz,makett,0.8897773623466492
gatyesz,malter,0.9336432814598083
gatyesz,maszek,0.9243638515472412
gatyesz,matek,0.8645920753479004
gatyesz,mater,0.8860328197479248
gatyesz,modell,0.9414734244346619
gatyesz,modem,0.9082009196281433
gatyesz,modern,1.0413051843643188
gatyesz,moped,0.7365999221801758
gatyesz,motel,0.7956312894821167
gatyesz,muter,0.6494333744049072
gatyesz,mutter,0.8064876198768616
gatyesz,mágnes,0.9307066798210144
gatyesz,nonszensz,0.9748754501342773
gatyesz,notesz,0.8133087158203125
gatyesz,okker,0.6844862699508667
gatyesz,omlett,0.6975808143615723
gatyesz,pajesz,0.7631698846817017
gatyesz,pakett,0.9618920087814331
gatyesz,pamflet,0.869939923286438
gatyesz,panel,0.8920172452926636
gatyesz,parkett,0.7980129718780518
gatyesz,parszek,0.6955103874206543
gatyesz,partner,1.0092226266860962
gatyesz,pasztell,0.7269198894500732
gatyesz,plakett,0.7489231824874878
gatyesz,pollen,0.980845034122467
gatyesz,poszter,0.7915305495262146
gatyesz,prakker,0.8525773882865906
gatyesz,projekt,1.0063508749008179
gatyesz,puffer,0.9460353851318359
gatyesz,pátens,0.9244154095649719
gatyesz,páter,0.9327968955039978
gatyesz,póker,0.8627431392669678
gatyesz,púder,0.7459194660186768
gatyesz,raszter,0.8276344537734985
gatyesz,rocker,0.8080071210861206
gatyesz,roller,0.7483322620391846
gatyesz,rubel,0.8781508803367615
gatyesz,rulett,0.8498724102973938
gatyesz,sakter,0.7934862375259399
gatyesz,saller,0.7863634824752808
gatyesz,samesz,0.8039231896400452
gatyesz,skanzen,0.9722076058387756
gatyesz,sláger,0.9359107613563538
gatyesz,sparherd,0.7624144554138184
gatyesz,srapnel,0.8534592390060425
gatyesz,stukker,0.8366937041282654
gatyesz,subler,0.6253242492675781
gatyesz,sumer,0.9456515312194824
gatyesz,suszter,0.8404079079627991
gatyesz,szkander,0.8073477745056152
gatyesz,szlogen,0.9400886297225952
gatyesz,szoftver,1.0137602090835571
gatyesz,szonett,0.819488525390625
gatyesz,szovjet,1.0389946699142456
gatyesz,szubrett,0.7448539733886719
gatyesz,sábesz,0.8339409828186035
gatyesz,sóder,0.7966784238815308
gatyesz,sólet,0.8074119091033936
gatyesz,tandem,0.8176910281181335
gatyesz,token,0.7875366806983948
gatyesz,totem,0.8411165475845337
gatyesz,transzfer,0.9411240816116333
gatyesz,traverz,0.7695397138595581
gatyesz,tróger,0.8201868534088135
gatyesz,valcer,0.7973131537437439
gatyesz,vamzer,0.8821550011634827
gatyesz,vátesz,0.9977947473526001
gatyesz,zsakett,0.6515153646469116
gatyesz,zsorzsett,0.7167210578918457
gatyesz,zsáner,0.8796906471252441
gatyesz,ágens,1.034730315208435
gatyesz,ájer,0.8613104224205017
gatyesz,ámen,0.822717547416687
gatyesz,ómen,0.9942122101783752
gukker,gólem,0.9193301200866699
gukker,hardver,0.950016438961029
gukker,haver,0.8499572277069092
gukker,hotel,0.9623243808746338
gukker,jampec,0.8402111530303955
gukker,junker,1.0665720701217651
gukker,kadet,0.9106269478797913
gukker,kampec,0.8767944574356079
gukker,karcer,0.8722295761108398
gukker,kartell,1.0400265455245972
gukker,karter,0.9062918424606323
gukker,klapec,0.83181232213974
gukker,klaszter,0.9542851448059082
gukker,klozet,0.8542678356170654
gukker,koffer,0.883003830909729
gukker,kolesz,0.8519815802574158
gukker,koncert,0.912929117679596
gukker,konszern,1.0868635177612305
gukker,konzerv,0.8074935674667358
gukker,kopek,0.8483296632766724
gukker,korner,0.8199427127838135
gukker,kornett,0.8348657488822937
gukker,korrekt,0.9654970765113831
gukker,korvett,1.0289326906204224
gukker,krapek,0.9031700491905212
gukker,krokett,0.8205509185791016
gukker,kráter,1.1246566772460938
gukker,kukker,0.8390442132949829
gukker,kupec,0.8668040037155151
gukker,kábel,0.9214195609092712
gukker,káder,1.0288722515106201
gukker,kódex,0.9962198138237
gukker,kókler,0.9547361135482788
gukker,kóter,0.8490930199623108
gukker,lasztex,0.9397050738334656
gukker,latex,0.9366647601127625
gukker,luesz,0.9055995941162109
gukker,lumen,0.8631410598754883
gukker,lumpen,0.9713399410247803
gukker,láger,1.03751540184021
gukker,lóden,0.8498661518096924
gukker,macesz,0.8632325530052185
gukker,macher,0.9670366048812866
gukker,majszter,0.9579831957817078
gukker,makett,0.960152268409729
gukker,malter,0.9571001529693604
gukker,maszek,0.9685007929801941
gukker,matek,0.8694276809692383
gukker,mater,0.9490793943405151
gukker,modell,1.0173544883728027
gukker,modem,0.8922758102416992
gukker,modern,1.03263258934021
gukker,moped,0.8520436882972717
gukker,motel,0.916628897190094
gukker,muter,0.8803943395614624
gukker,mutter,0.8561091423034668
gukker,mágnes,0.9631640315055847
gukker,nonszensz,1.011828899383545
gukker,notesz,0.8559576272964478
gukker,okker,0.9062297940254211
gukker,omlett,0.8140984177589417
gukker,pajesz,0.8574258089065552
gukker,pakett,0.9794602990150452
gukker,pamflet,0.9579060673713684
gukker,panel,0.9634585976600647
gukker,parkett,0.9292868971824646
gukker,parszek,0.8429529666900635
gukker,partner,0.9258173704147339
gukker,pasztell,0.8688514232635498
gukker,plakett,0.9904621243476868
gukker,pollen,0.914766788482666
gukker,poszter,0.8580755591392517
gukker,prakker,0.9285807609558105
gukker,projekt,0.9738777875900269
gukker,puffer,0.9948181509971619
gukker,pátens,1.1228307485580444
gukker,páter,1.0429942607879639
gukker,póker,0.8792135715484619
gukker,púder,0.8470607399940491
gukker,raszter,0.9542220234870911
gukker,rocker,0.9204544425010681
gukker,roller,0.7428445219993591
gukker,rubel,0.9649667739868164
gukker,rulett,0.8782151937484741
gukker,sakter,0.9507084488868713
gukker,saller,0.9388012886047363
gukker,samesz,0.8489850759506226
gukker,skanzen,0.9613561034202576
gukker,sláger,0.9563404321670532
gukker,sparherd,0.8277818560600281
gukker,srapnel,0.9513675570487976
gukker,stukker,0.8165862560272217
gukker,subler,0.7880018949508667
gukker,sumer,1.1291788816452026
gukker,suszter,0.8837082386016846
gukker,szkander,0.8464289903640747
gukker,szlogen,0.9801826477050781
gukker,szoftver,0.9456914067268372
gukker,szonett,0.917919397354126
gukker,szovjet,1.0995017290115356
gukker,szubrett,0.8087014555931091
gukker,sábesz,0.9221740961074829
gukker,sóder,0.8604824542999268
gukker,sólet,0.8461269736289978
gukker,tandem,0.9325106739997864
gukker,token,0.8606892824172974
gukker,totem,0.8934450149536133
gukker,transzfer,0.8888062238693237
gukker,traverz,0.8770782947540283
gukker,tróger,0.8527167439460754
gukker,valcer,0.8864321112632751
gukker,vamzer,0.8743342161178589
gukker,vátesz,0.9390562176704407
gukker,zsakett,0.8750767707824707
gukker,zsorzsett,0.8982933163642883
gukker,zsáner,0.9313530325889587
gukker,ágens,0.9755562543869019
gukker,ájer,0.8439409732818604
gukker,ámen,0.9068148136138916
gukker,ómen,1.0333516597747803
gólem,hardver,1.013610601425171
gólem,haver,0.8578736782073975
gólem,hotel,0.8513035178184509
gólem,jampec,0.8616350293159485
gólem,junker,0.9936208128929138
gólem,kadet,1.0394978523254395
gólem,kampec,0.9503401517868042
gólem,karcer,0.825424075126648
gólem,kartell,0.9912480711936951
gólem,karter,0.8885816335678101
gólem,klapec,0.8310257196426392
gólem,klaszter,0.9967689514160156
gólem,klozet,0.8951173424720764
gólem,koffer,0.8580656051635742
gólem,kolesz,0.8881028294563293
gólem,koncert,0.9377343654632568
gólem,konszern,0.9807003140449524
gólem,konzerv,0.9604151844978333
gólem,kopek,0.9251775145530701
gólem,korner,0.9807927012443542
gólem,kornett,0.8460181951522827
gólem,korrekt,1.0621321201324463
gólem,korvett,0.8617186546325684
gólem,krapek,0.875604510307312
gólem,krokett,0.9808562397956848
gólem,kráter,0.7695269584655762
gólem,kukker,0.9048720598220825
gólem,kupec,0.7779496908187866
gólem,kábel,0.9319782853126526
gólem,káder,0.9450130462646484
gólem,kódex,0.944561779499054
gólem,kókler,0.8964477777481079
gólem,kóter,0.9371598362922668
gólem,lasztex,0.8433325886726379
gólem,latex,0.9061288833618164
gólem,luesz,0.8721351623535156
gólem,lumen,0.915416419506073
gólem,lumpen,0.9500205516815186
gólem,láger,0.8210919499397278
gólem,lóden,0.9132981300354004
gólem,macesz,0.8800252676010132
gólem,macher,0.940887987613678
gólem,majszter,1.0122313499450684
gólem,makett,0.8478084206581116
gólem,malter,0.8256903886795044
gólem,maszek,0.9642592668533325
gólem,matek,0.9417009353637695
gólem,mater,0.9797309637069702
gólem,modell,0.9190691113471985
gólem,modem,0.9618018269538879
gólem,modern,0.9220000505447388
gólem,moped,0.8890253305435181
gólem,motel,0.8656153082847595
gólem,muter,0.8721665740013123
gólem,mutter,0.927160382270813
gólem,mágnes,0.7460178732872009
gólem,nonszensz,0.983810305595398
gólem,notesz,0.8083945512771606
gólem,okker,0.8779157996177673
gólem,omlett,0.8462328910827637
gólem,pajesz,0.9203224182128906
gólem,pakett,1.0355409383773804
gólem,pamflet,0.8447709083557129
gólem,panel,0.8904438018798828
gólem,parkett,0.7927210330963135
gólem,parszek,0.8554980158805847
gólem,partner,0.9889755845069885
gólem,pasztell,0.8550978899002075
gólem,plakett,0.9311720132827759
gólem,pollen,0.9397821426391602
gólem,poszter,0.855582594871521
gólem,prakker,0.8896463513374329
gólem,projekt,0.9741065502166748
gólem,puffer,0.9940099120140076
gólem,pátens,0.9803135991096497
gólem,páter,0.8219382166862488
gólem,póker,0.8561659455299377
gólem,púder,0.9019362926483154
gólem,raszter,0.9634968042373657
gólem,rocker,0.8296447396278381
gólem,roller,0.905156672000885
gólem,rubel,0.9664694666862488
gólem,rulett,0.8144389986991882
gólem,sakter,0.9207271337509155
gólem,saller,0.8933765292167664
gólem,samesz,0.8058264255523682
gólem,skanzen,0.8862840533256531
gólem,sláger,0.8942385911941528
gólem,sparherd,0.8758460879325867
gólem,srapnel,0.8520944714546204
gólem,stukker,0.8182275891304016
gólem,subler,0.9960045218467712
gólem,sumer,0.8295701742172241
gólem,suszter,0.8110548853874207
gólem,szkander,0.9763553142547607
gólem,szlogen,0.8919364809989929
gólem,szoftver,1.0124006271362305
gólem,szonett,0.7430940866470337
gólem,szovjet,0.9625689387321472
gólem,szubrett,0.8365457057952881
gólem,sábesz,0.9656786918640137
gólem,sóder,0.9511486291885376
gólem,sólet,0.8635185360908508
gólem,tandem,0.8831716775894165
gólem,token,0.8834896087646484
gólem,totem,0.7987295389175415
gólem,transzfer,1.0332493782043457
gólem,traverz,0.9366832375526428
gólem,tróger,0.8014872670173645
gólem,valcer,0.8102014660835266
gólem,vamzer,0.9231098890304565
gólem,vátesz,0.8438552021980286
gólem,zsakett,0.8429428935050964
gólem,zsorzsett,0.9370104074478149
gólem,zsáner,0.8958697319030762
gólem,ágens,0.8372939825057983
gólem,ájer,0.8486183881759644
gólem,ámen,0.8277601003646851
gólem,ómen,0.9968813061714172
hardver,haver,0.9522198438644409
hardver,hotel,0.9373747110366821
hardver,jampec,1.017417073249817
hardver,junker,1.020786166191101
hardver,kadet,1.08159601688385
hardver,kampec,1.1214230060577393
hardver,karcer,1.0194995403289795
hardver,kartell,0.9463115930557251
hardver,karter,0.8815686106681824
hardver,klapec,1.0545085668563843
hardver,klaszter,0.7492333650588989
hardver,klozet,0.939012348651886
hardver,koffer,0.8718593120574951
hardver,kolesz,0.9985437393188477
hardver,koncert,0.9813176393508911
hardver,konszern,0.8791286945343018
hardver,konzerv,0.9011873006820679
hardver,kopek,0.9491692185401917
hardver,korner,1.0332623720169067
hardver,kornett,0.9577752351760864
hardver,korrekt,0.866654098033905
hardver,korvett,0.9344280362129211
hardver,krapek,1.0331214666366577
hardver,krokett,0.9880685806274414
hardver,kráter,0.9934052228927612
hardver,kukker,0.9389849901199341
hardver,kupec,1.0545015335083008
hardver,kábel,0.7055460214614868
hardver,káder,0.9984372854232788
hardver,kódex,1.0085963010787964
hardver,kókler,0.948401689529419
hardver,kóter,1.0236191749572754
hardver,lasztex,0.9412285685539246
hardver,latex,0.882196307182312
hardver,luesz,1.0169141292572021
hardver,lumen,0.8275673985481262
hardver,lumpen,0.9450949430465698
hardver,láger,1.086870789527893
hardver,lóden,1.080590009689331
hardver,macesz,1.010388970375061
hardver,macher,1.004040241241455
hardver,majszter,1.0188355445861816
hardver,makett,0.8320763111114502
hardver,malter,0.9058106541633606
hardver,maszek,0.96258145570755
hardver,matek,0.8814800381660461
hardver,mater,1.0077507495880127
hardver,modell,0.823525071144104
hardver,modem,0.5491580367088318
hardver,modern,0.8685975074768066
hardver,moped,0.9463240504264832
hardver,motel,0.9092569947242737
hardver,muter,1.053407907485962
hardver,mutter,1.0189473628997803
hardver,mágnes,0.7975174784660339
hardver,nonszensz,1.0009568929672241
hardver,notesz,0.8258351683616638
hardver,okker,1.0542232990264893
hardver,omlett,0.9348616003990173
hardver,pajesz,1.021064281463623
hardver,pakett,0.88768470287323
hardver,pamflet,1.0635443925857544
hardver,panel,0.786189079284668
hardver,parkett,0.9042811989784241
hardver,parszek,0.9721216559410095
hardver,partner,0.8597750067710876
hardver,pasztell,0.9675847887992859
hardver,plakett,1.0164190530776978
hardver,pollen,0.9459961652755737
hardver,poszter,0.8766226172447205
hardver,prakker,0.9638797640800476
hardver,projekt,0.7315956950187683
hardver,puffer,0.7259511351585388
hardver,pátens,1.0671336650848389
hardver,páter,1.1645455360412598
hardver,póker,0.9354618191719055
hardver,púder,0.8781266212463379
hardver,raszter,0.6926121711730957
hardver,rocker,1.0821068286895752
hardver,roller,0.8563387393951416
hardver,rubel,0.9573147892951965
hardver,rulett,0.9595650434494019
hardver,sakter,1.0468575954437256
hardver,saller,0.967414379119873
hardver,samesz,0.9153177738189697
hardver,skanzen,0.9799016118049622
hardver,sláger,0.9738391041755676
hardver,sparherd,0.9076751470565796
hardver,srapnel,0.913362979888916
hardver,stukker,0.9753153324127197
hardver,subler,0.9248861074447632
hardver,sumer,0.9225168824195862
hardver,suszter,1.0269323587417603
hardver,szkander,0.9975892901420593
hardver,szlogen,0.9715863466262817
hardver,szoftver,0.42779380083084106
hardver,szonett,1.025928258895874
hardver,szovjet,1.019883394241333
hardver,szubrett,1.0066900253295898
hardver,sábesz,0.9940401315689087
hardver,sóder,0.9393048882484436
hardver,sólet,1.029840111732483
hardver,tandem,0.8784223794937134
hardver,token,0.7252137660980225
hardver,totem,1.0291637182235718
hardver,transzfer,0.6843976974487305
hardver,traverz,0.971248984336853
hardver,tróger,1.0371407270431519
hardver,valcer,1.0000015497207642
hardver,vamzer,1.0278799533843994
hardver,vátesz,1.1243706941604614
hardver,zsakett,1.078240156173706
hardver,zsorzsett,1.0597646236419678
hardver,zsáner,1.0131109952926636
hardver,ágens,0.8227671980857849
hardver,ájer,0.9837989211082458
hardver,ámen,1.0070009231567383
hardver,ómen,1.0938969850540161
haver,hotel,0.8574079275131226
haver,jampec,0.8260149955749512
haver,junker,0.9732592105865479
haver,kadet,0.9392436742782593
haver,kampec,0.6929218769073486
haver,karcer,0.873431921005249
haver,kartell,1.0336546897888184
haver,karter,0.8993714451789856
haver,klapec,0.8511862754821777
haver,klaszter,0.9919000267982483
haver,klozet,0.6968098878860474
haver,koffer,0.6975436806678772
haver,kolesz,0.735001802444458
haver,koncert,0.7819030284881592
haver,konszern,0.9809306859970093
haver,konzerv,0.7980590462684631
haver,kopek,0.8429803848266602
haver,korner,0.8357340097427368
haver,kornett,0.9139598608016968
haver,korrekt,1.0387407541275024
haver,korvett,0.9861613512039185
haver,krapek,0.6038199663162231
haver,krokett,0.88775634765625
haver,kráter,0.9547879695892334
haver,kukker,0.9080551862716675
haver,kupec,0.5920981168746948
haver,kábel,0.9083863496780396
haver,káder,0.8119989633560181
haver,kódex,1.0250184535980225
haver,kókler,0.6829512715339661
haver,kóter,0.9564439058303833
haver,lasztex,0.9129672646522522
haver,latex,0.9269245266914368
haver,luesz,0.9504867196083069
haver,lumen,0.9795287847518921
haver,lumpen,0.8882510662078857
haver,láger,0.8201029300689697
haver,lóden,0.9246366024017334
haver,macesz,0.8649973273277283
haver,macher,0.885283887386322
haver,majszter,0.9151508808135986
haver,makett,0.9095274806022644
haver,malter,0.8327093124389648
haver,maszek,0.661016583442688
haver,matek,0.6862751245498657
haver,mater,0.9572149515151978
haver,modell,1.030877709388733
haver,modem,0.8318051099777222
haver,modern,1.0821967124938965
haver,moped,0.7580976486206055
haver,motel,0.7578166127204895
haver,muter,0.7235450744628906
haver,mutter,0.7078334093093872
haver,mágnes,0.8483935594558716
haver,nonszensz,0.9835514426231384
haver,notesz,0.8033773899078369
haver,okker,0.9273183345794678
haver,omlett,0.7437387704849243
haver,pajesz,0.8566627502441406
haver,pakett,1.0077835321426392
haver,pamflet,0.9249147176742554
haver,panel,0.9943015575408936
haver,parkett,0.8303703665733337
haver,parszek,1.0105606317520142
haver,partner,0.9343340992927551
haver,pasztell,0.9503951072692871
haver,plakett,1.0098909139633179
haver,pollen,0.9695183038711548
haver,poszter,0.9023872017860413
haver,prakker,0.8979827165603638
haver,projekt,1.040550947189331
haver,puffer,1.0246551036834717
haver,pátens,1.0688995122909546
haver,páter,0.8521855473518372
haver,póker,0.7709026336669922
haver,púder,0.8060407638549805
haver,raszter,1.0134257078170776
haver,rocker,0.606549084186554
haver,roller,0.8231868147850037
haver,rubel,0.9143996238708496
haver,rulett,0.7441474199295044
haver,sakter,0.9320053458213806
haver,saller,0.6843100786209106
haver,samesz,0.7483316659927368
haver,skanzen,0.9568020701408386
haver,sláger,0.7930816411972046
haver,sparherd,0.8719268441200256
haver,srapnel,0.7968224287033081
haver,stukker,0.6569118499755859
haver,subler,0.9378402233123779
haver,sumer,0.9701669812202454
haver,suszter,0.616298496723175
haver,szkander,0.9232735633850098
haver,szlogen,0.8564725518226624
haver,szoftver,0.9379787445068359
haver,szonett,0.9254641532897949
haver,szovjet,1.006948709487915
haver,szubrett,0.8369911909103394
haver,sábesz,0.933063805103302
haver,sóder,0.8748692274093628
haver,sólet,0.7949652671813965
haver,tandem,0.8225063681602478
haver,token,0.9243354201316833
haver,totem,0.84378582239151
haver,transzfer,1.0530519485473633
haver,traverz,0.8850119113922119
haver,tróger,0.5862336158752441
haver,valcer,0.8662751913070679
haver,vamzer,0.7495028972625732
haver,vátesz,0.8762468099594116
haver,zsakett,0.936359703540802
haver,zsorzsett,0.8927572965621948
haver,zsáner,1.0520830154418945
haver,ágens,1.0231229066848755
haver,ájer,0.8353667855262756
haver,ámen,0.8265172243118286
haver,ómen,0.849274754524231
hotel,jampec,0.915216326713562
hotel,junker,1.0046131610870361
hotel,kadet,1.0086348056793213
hotel,kampec,0.9989467859268188
hotel,karcer,0.8609737157821655
hotel,kartell,0.8711522817611694
hotel,karter,0.9389492273330688
hotel,klapec,0.9278284311294556
hotel,klaszter,0.8336350917816162
hotel,klozet,0.8666830062866211
hotel,koffer,0.7594531774520874
hotel,kolesz,0.7009484171867371
hotel,koncert,0.6780340671539307
hotel,konszern,0.7181405425071716
hotel,konzerv,0.8755107522010803
hotel,kopek,0.8843696713447571
hotel,korner,0.9491195678710938
hotel,kornett,0.9199341535568237
hotel,korrekt,1.0324723720550537
hotel,korvett,0.7873221039772034
hotel,krapek,0.9031193852424622
hotel,krokett,0.8334700465202332
hotel,kráter,0.7095760107040405
hotel,kukker,1.0370994806289673
hotel,kupec,0.86439049243927
hotel,kábel,0.8445372581481934
hotel,káder,0.956967830657959
hotel,kódex,0.9501112699508667
hotel,kókler,0.9135318398475647
hotel,kóter,0.9680065512657166
hotel,lasztex,0.904037356376648
hotel,latex,0.9138622283935547
hotel,luesz,1.0384764671325684
hotel,lumen,0.8661239147186279
hotel,lumpen,1.0387166738510132
hotel,láger,0.6893006563186646
hotel,lóden,0.9208504557609558
hotel,macesz,0.9751641154289246
hotel,macher,1.024084210395813
hotel,majszter,1.0050408840179443
hotel,makett,0.7698195576667786
hotel,malter,0.9488635063171387
hotel,maszek,0.7968704700469971
hotel,matek,1.0281901359558105
hotel,mater,0.8919894695281982
hotel,modell,0.8613071441650391
hotel,modem,0.8146858215332031
hotel,modern,0.9419807195663452
hotel,moped,0.8347041606903076
hotel,motel,0.4062422513961792
hotel,muter,0.9181338548660278
hotel,mutter,0.9024906754493713
hotel,mágnes,0.8904982805252075
hotel,nonszensz,1.0101832151412964
hotel,notesz,0.8937119245529175
hotel,okker,0.9260217547416687
hotel,omlett,0.8544211983680725
hotel,pajesz,0.9573068022727966
hotel,pakett,0.837662398815155
hotel,pamflet,0.9945789575576782
hotel,panel,0.7167902588844299
hotel,parkett,0.7193906307220459
hotel,parszek,0.8673492670059204
hotel,partner,0.9193734526634216
hotel,pasztell,0.8992992043495178
hotel,plakett,0.9173921346664429
hotel,pollen,0.9182255864143372
hotel,poszter,0.8116308450698853
hotel,prakker,0.9469082951545715
hotel,projekt,0.7977533340454102
hotel,puffer,0.9965090155601501
hotel,pátens,0.9897665977478027
hotel,páter,0.9376511573791504
hotel,póker,0.8715505599975586
hotel,púder,0.9909831285476685
hotel,raszter,1.034947395324707
hotel,rocker,0.8664184212684631
hotel,roller,0.8492142558097839
hotel,rubel,0.9391999840736389
hotel,rulett,0.8568507432937622
hotel,sakter,0.9393864870071411
hotel,saller,0.890933632850647
hotel,samesz,0.9130951166152954
hotel,skanzen,0.6121653318405151
hotel,sláger,0.8220528960227966
hotel,sparherd,0.8217735290527344
hotel,srapnel,0.9033895134925842
hotel,stukker,0.9297696948051453
hotel,subler,0.9366800785064697
hotel,sumer,1.0267959833145142
hotel,suszter,0.8373784422874451
hotel,szkander,0.9359419941902161
hotel,szlogen,0.9020310640335083
hotel,szoftver,0.899520218372345
hotel,szonett,0.9245073199272156
hotel,szovjet,0.9960329532623291
hotel,szubrett,0.8193535208702087
hotel,sábesz,0.9706093072891235
hotel,sóder,0.9301438331604004
hotel,sólet,0.8124169707298279
hotel,tandem,0.8336374759674072
hotel,token,1.0056743621826172
hotel,totem,0.9024477601051331
hotel,transzfer,0.8719100952148438
hotel,traverz,0.9031834006309509
hotel,tróger,0.8142865896224976
hotel,valcer,0.8335216641426086
hotel,vamzer,0.9507278800010681
hotel,vátesz,1.0405982732772827
hotel,zsakett,0.877673327922821
hotel,zsorzsett,0.9331755638122559
hotel,zsáner,0.9467273950576782
hotel,ágens,1.0346641540527344
hotel,ájer,0.9036866426467896
hotel,ámen,1.0095566511154175
hotel,ómen,0.9567599892616272
jampec,junker,0.8707167506217957
jampec,kadet,0.8993811011314392
jampec,kampec,0.8550612926483154
jampec,karcer,0.7561548948287964
jampec,kartell,0.9975457191467285
jampec,karter,0.9015447497367859
jampec,klapec,0.7837216854095459
jampec,klaszter,0.9624824523925781
jampec,klozet,0.84563148021698
jampec,koffer,0.8501566648483276
jampec,kolesz,0.9049931764602661
jampec,koncert,0.9039391279220581
jampec,konszern,0.9149224162101746
jampec,konzerv,0.8211674094200134
jampec,kopek,0.8904991745948792
jampec,korner,0.926435112953186
jampec,kornett,0.8242511749267578
jampec,korrekt,1.0047389268875122
jampec,korvett,0.8470593690872192
jampec,krapek,0.796689510345459
jampec,krokett,0.8545806407928467
jampec,kráter,0.9165385961532593
jampec,kukker,0.8885676860809326
jampec,kupec,0.7953667640686035
jampec,kábel,0.9614423513412476
jampec,káder,0.7911180853843689
jampec,kódex,0.9711518287658691
jampec,kókler,0.8708829879760742
jampec,kóter,0.9267090559005737
jampec,lasztex,0.8139606714248657
jampec,latex,0.8955105543136597
jampec,luesz,0.8626332879066467
jampec,lumen,0.8645153045654297
jampec,lumpen,0.8617730140686035
jampec,láger,0.8547815084457397
jampec,lóden,0.7735171318054199
jampec,macesz,0.82177734375
jampec,macher,0.9208521246910095
jampec,majszter,0.9283236265182495
jampec,makett,0.9218727946281433
jampec,malter,0.9011212587356567
jampec,maszek,0.8519946336746216
jampec,matek,0.8980976343154907
jampec,mater,0.9119386076927185
jampec,modell,0.9714959859848022
jampec,modem,0.9695301651954651
jampec,modern,0.9531734585762024
jampec,moped,0.8092203140258789
jampec,motel,0.8918852210044861
jampec,muter,0.7711597681045532
jampec,mutter,0.8703530430793762
jampec,mágnes,0.9604932069778442
jampec,nonszensz,0.9770529866218567
jampec,notesz,0.8380083441734314
jampec,okker,0.7333263158798218
jampec,omlett,0.735343873500824
jampec,pajesz,0.8026319146156311
jampec,pakett,0.9788791537284851
jampec,pamflet,0.8419784903526306
jampec,panel,0.9306065440177917
jampec,parkett,0.7715752124786377
jampec,parszek,0.9291929006576538
jampec,partner,0.942146897315979
jampec,pasztell,0.8502914905548096
jampec,plakett,0.9412569999694824
jampec,pollen,0.9806817173957825
jampec,poszter,0.9437801837921143
jampec,prakker,0.9467251896858215
jampec,projekt,1.057558298110962
jampec,puffer,1.0832387208938599
jampec,pátens,0.9428058862686157
jampec,páter,0.8984880447387695
jampec,póker,0.8439749479293823
jampec,púder,0.8114662766456604
jampec,raszter,1.025329828262329
jampec,rocker,0.7475625276565552
jampec,roller,0.7833998203277588
jampec,rubel,0.9445368647575378
jampec,rulett,0.8799790740013123
jampec,sakter,0.9229146838188171
jampec,saller,0.8510604500770569
jampec,samesz,0.8513842821121216
jampec,skanzen,0.9011622667312622
jampec,sláger,0.7862942218780518
jampec,sparherd,0.8098404407501221
jampec,srapnel,0.8439624905586243
jampec,stukker,0.8768661022186279
jampec,subler,0.7618815898895264
jampec,sumer,0.9002032279968262
jampec,suszter,0.7995232343673706
jampec,szkander,0.8561384081840515
jampec,szlogen,0.9039657115936279
jampec,szoftver,0.9811304807662964
jampec,szonett,0.8620803356170654
jampec,szovjet,0.9707596302032471
jampec,szubrett,0.7678467035293579
jampec,sábesz,0.8932729363441467
jampec,sóder,0.864329993724823
jampec,sólet,0.7869324088096619
jampec,tandem,0.865063488483429
jampec,token,0.942747950553894
jampec,totem,0.823318600654602
jampec,transzfer,0.9824480414390564
jampec,traverz,0.8231353759765625
jampec,tróger,0.7513679265975952
jampec,valcer,0.7293005585670471
jampec,vamzer,0.9028170704841614
jampec,vátesz,0.8094823360443115
jampec,zsakett,0.7170753479003906
jampec,zsorzsett,0.7993159294128418
jampec,zsáner,0.8461258411407471
jampec,ágens,0.9680546522140503
jampec,ájer,0.8068403601646423
jampec,ámen,0.8894491195678711
jampec,ómen,0.8577488660812378
junker,kadet,0.8930725455284119
junker,kampec,1.0147403478622437
junker,karcer,0.9252682328224182
junker,kartell,0.9742464423179626
junker,karter,0.9963332414627075
junker,klapec,0.8837782740592957
junker,klaszter,0.9323869347572327
junker,klozet,0.9408600330352783
junker,koffer,0.9724735617637634
junker,kolesz,0.9851881265640259
junker,koncert,1.063035488128662
junker,konszern,0.9121481776237488
junker,konzerv,1.0535643100738525
junker,kopek,0.9640365839004517
junker,korner,1.0081084966659546
junker,kornett,0.9079175591468811
junker,korrekt,1.0658410787582397
junker,korvett,0.8009809255599976
junker,krapek,0.9045416712760925
junker,krokett,1.0148802995681763
junker,kráter,1.0268747806549072
junker,kukker,0.9963533878326416
junker,kupec,0.841194212436676
junker,kábel,1.0920591354370117
junker,káder,0.8159235715866089
junker,kódex,0.9944875836372375
junker,kókler,0.933233380317688
junker,kóter,1.0086071491241455
junker,lasztex,0.9421026706695557
junker,latex,1.0002126693725586
junker,luesz,0.9281339645385742
junker,lumen,0.9814203977584839
junker,lumpen,0.9171090126037598
junker,láger,0.8640763759613037
junker,lóden,0.8345345854759216
junker,macesz,0.98021399974823
junker,macher,0.8892803192138672
junker,majszter,0.9547123908996582
junker,makett,0.9840947985649109
junker,malter,1.051820993423462
junker,maszek,0.9524344801902771
junker,matek,0.9915978908538818
junker,mater,0.90102219581604
junker,modell,0.8496492505073547
junker,modem,1.04805588722229
junker,modern,0.8539164662361145
junker,moped,0.8947700262069702
junker,motel,0.9852144122123718
junker,muter,0.8769907355308533
junker,mutter,0.9553288221359253
junker,mágnes,1.0543804168701172
junker,nonszensz,1.001531958580017
junker,notesz,0.991955578327179
junker,okker,0.8744994401931763
junker,omlett,0.8799387216567993
junker,pajesz,0.9239837527275085
junker,pakett,0.9857217669487
junker,pamflet,0.8703672885894775
junker,panel,1.036773681640625
junker,parkett,0.9807494282722473
junker,parszek,0.9440124034881592
junker,partner,0.95438551902771
junker,pasztell,0.9894402623176575
junker,plakett,0.9354098439216614
junker,pollen,1.0572535991668701
junker,poszter,1.1016252040863037
junker,prakker,0.9575800895690918
junker,projekt,1.004841923713684
junker,puffer,1.0412781238555908
junker,pátens,0.8258064389228821
junker,páter,0.8646907806396484
junker,póker,1.0133991241455078
junker,púder,1.0474402904510498
junker,raszter,1.040262222290039
junker,rocker,0.8688438534736633
junker,roller,0.9929697513580322
junker,rubel,0.8530800342559814
junker,rulett,0.9083647131919861
junker,sakter,0.8713456392288208
junker,saller,0.9250055551528931
junker,samesz,0.9683953523635864
junker,skanzen,0.8840046525001526
junker,sláger,0.9405075311660767
junker,sparherd,0.9448782205581665
junker,srapnel,0.9676848649978638
junker,stukker,0.9706764221191406
junker,subler,0.8707869052886963
junker,sumer,0.8817835450172424
junker,suszter,0.8555964231491089
junker,szkander,0.9082105755805969
junker,szlogen,0.9593032598495483
junker,szoftver,1.0728718042373657
junker,szonett,0.9545242786407471
junker,szovjet,0.8231954574584961
junker,szubrett,0.8922498226165771
junker,sábesz,0.9423830509185791
junker,sóder,1.06999671459198
junker,sólet,0.8947969675064087
junker,tandem,0.9221932291984558
junker,token,1.0059133768081665
junker,totem,0.939794659614563
junker,transzfer,1.0258821249008179
junker,traverz,0.9721720218658447
junker,tróger,0.9734647274017334
junker,valcer,0.8695986270904541
junker,vamzer,1.0218429565429688
junker,vátesz,0.8739466667175293
junker,zsakett,0.8821251392364502
junker,zsorzsett,0.8989747762680054
junker,zsáner,0.9375654458999634
junker,ágens,0.9486629962921143
junker,ájer,0.9641250967979431
junker,ámen,0.9884563684463501
junker,ómen,0.8966542482376099
kadet,kampec,1.025296926498413
kadet,karcer,0.8648218512535095
kadet,kartell,1.0375994443893433
kadet,karter,0.9420850276947021
kadet,klapec,0.9203481674194336
kadet,klaszter,0.8768613934516907
kadet,klozet,1.0018569231033325
kadet,koffer,1.0098533630371094
kadet,kolesz,0.9281691312789917
kadet,koncert,0.9585766196250916
kadet,konszern,0.9700285792350769
kadet,konzerv,1.0205672979354858
kadet,kopek,0.9412950277328491
kadet,korner,0.8689969182014465
kadet,kornett,0.8813604712486267
kadet,korrekt,1.063083529472351
kadet,korvett,0.8801485896110535
kadet,krapek,0.8818351626396179
kadet,krokett,0.9600438475608826
kadet,kráter,1.0554530620574951
kadet,kukker,1.0088742971420288
kadet,kupec,0.9139107465744019
kadet,kábel,1.107129693031311
kadet,káder,0.9168825745582581
kadet,kódex,1.026281476020813
kadet,kókler,0.9867246150970459
kadet,kóter,0.9350522756576538
kadet,lasztex,0.9530145525932312
kadet,latex,1.0604504346847534
kadet,luesz,0.9331730604171753
kadet,lumen,1.0109312534332275
kadet,lumpen,1.028181552886963
kadet,láger,0.9857061505317688
kadet,lóden,0.8369011282920837
kadet,macesz,0.9716014862060547
kadet,macher,0.9714437127113342
kadet,majszter,1.0139546394348145
kadet,makett,1.0547692775726318
kadet,malter,1.1162031888961792
kadet,maszek,1.0211130380630493
kadet,matek,0.8626421093940735
kadet,mater,1.0028330087661743
kadet,modell,0.9968345761299133
kadet,modem,1.0902174711227417
kadet,modern,1.0317275524139404
kadet,moped,0.8948968648910522
kadet,motel,1.0171719789505005
kadet,muter,0.8524799346923828
kadet,mutter,0.9629057049751282
kadet,mágnes,1.1114119291305542
kadet,nonszensz,0.9884171485900879
kadet,notesz,1.0183759927749634
kadet,okker,0.9770040512084961
kadet,omlett,0.9461219310760498
kadet,pajesz,0.9109758138656616
kadet,pakett,0.9767266511917114
kadet,pamflet,0.9942754507064819
kadet,panel,0.996614933013916
kadet,parkett,0.9789065718650818
kadet,parszek,0.9384496212005615
kadet,partner,1.0262318849563599
kadet,pasztell,1.0130459070205688
kadet,plakett,0.9696150422096252
kadet,pollen,1.0686286687850952
kadet,poszter,1.0104215145111084
kadet,prakker,1.006333351135254
kadet,projekt,1.037881851196289
kadet,puffer,1.0985828638076782
kadet,pátens,0.9544997811317444
kadet,páter,0.9661532640457153
kadet,póker,0.8732560276985168
kadet,púder,1.0254483222961426
kadet,raszter,1.0250693559646606
kadet,rocker,0.8817014098167419
kadet,roller,0.9692263603210449
kadet,rubel,0.9728009104728699
kadet,rulett,0.8901267647743225
kadet,sakter,0.9637594819068909
kadet,saller,0.9689081907272339
kadet,samesz,0.9343684911727905
kadet,skanzen,0.9910027980804443
kadet,sláger,1.0203288793563843
kadet,sparherd,0.9687551856040955
kadet,srapnel,1.0448410511016846
kadet,stukker,1.0210299491882324
kadet,subler,0.9350719451904297
kadet,sumer,1.0069743394851685
kadet,suszter,0.9560461640357971
kadet,szkander,0.741419792175293
kadet,szlogen,1.0119935274124146
kadet,szoftver,1.0945303440093994
kadet,szonett,0.9976064562797546
kadet,szovjet,0.895357072353363
kadet,szubrett,0.8818063139915466
kadet,sábesz,0.944244921207428
kadet,sóder,1.0646495819091797
kadet,sólet,0.9901553392410278
kadet,tandem,0.8211582899093628
kadet,token,0.9471891522407532
kadet,totem,0.9794162511825562
kadet,transzfer,1.0487284660339355
kadet,traverz,0.9352388978004456
kadet,tróger,0.9464837312698364
kadet,valcer,0.9691286683082581
kadet,vamzer,0.9702322483062744
kadet,vátesz,1.0171000957489014
kadet,zsakett,0.9094628691673279
kadet,zsorzsett,0.8832242488861084
kadet,zsáner,0.9250569343566895
kadet,ágens,1.090678334236145
kadet,ájer,1.0328081846237183
kadet,ámen,1.0293959379196167
kadet,ómen,0.9111381769180298
kampec,karcer,0.7944611310958862
kampec,kartell,1.0993447303771973
kampec,karter,0.8926308155059814
kampec,klapec,0.9286749362945557
kampec,klaszter,1.137618899345398
kampec,klozet,0.8515802025794983
kampec,koffer,0.8651089668273926
kampec,kolesz,0.8869686722755432
kampec,koncert,1.0358519554138184
kampec,konszern,1.0423665046691895
kampec,konzerv,0.9565405249595642
kampec,kopek,0.8737298250198364
kampec,korner,0.8980299234390259
kampec,kornett,1.0095961093902588
kampec,korrekt,1.0582391023635864
kampec,korvett,0.9554873704910278
kampec,krapek,0.7973735928535461
kampec,krokett,0.9325469732284546
kampec,kráter,0.9516029357910156
kampec,kukker,0.9138519167900085
kampec,kupec,0.8253626823425293
kampec,kábel,1.0046658515930176
kampec,káder,0.9558717608451843
kampec,kódex,1.0919815301895142
kampec,kókler,0.905775785446167
kampec,kóter,0.9224873781204224
kampec,lasztex,0.9606050252914429
kampec,latex,0.9699218273162842
kampec,luesz,0.9579470157623291
kampec,lumen,1.0017926692962646
kampec,lumpen,0.9764228463172913
kampec,láger,0.9587291479110718
kampec,lóden,0.9426504969596863
kampec,macesz,0.8754191994667053
kampec,macher,0.959951639175415
kampec,majszter,0.8672100305557251
kampec,makett,1.0551600456237793
kampec,malter,0.8793254494667053
kampec,maszek,0.8870120644569397
kampec,matek,0.9621644616127014
kampec,mater,0.9637325406074524
kampec,modell,1.153196930885315
kampec,modem,1.0139751434326172
kampec,modern,1.1794804334640503
kampec,moped,0.8568834066390991
kampec,motel,0.9523037075996399
kampec,muter,0.7706068754196167
kampec,mutter,0.7771430611610413
kampec,mágnes,1.0126266479492188
kampec,nonszensz,1.0035725831985474
kampec,notesz,0.9564452767372131
kampec,okker,0.9118642807006836
kampec,omlett,0.8507523536682129
kampec,pajesz,0.869373619556427
kampec,pakett,1.0578668117523193
kampec,pamflet,1.09913969039917
kampec,panel,1.0972996950149536
kampec,parkett,0.9448221325874329
kampec,parszek,1.014090657234192
kampec,partner,1.0599427223205566
kampec,pasztell,0.9697200655937195
kampec,plakett,0.9911211133003235
kampec,pollen,0.9210556745529175
kampec,poszter,1.0116493701934814
kampec,prakker,0.9041153192520142
kampec,projekt,1.1245763301849365
kampec,puffer,1.0800182819366455
kampec,pátens,1.0880526304244995
kampec,páter,0.8918523788452148
kampec,póker,0.9933470487594604
kampec,púder,0.9092687964439392
kampec,raszter,1.0329302549362183
kampec,rocker,0.870538592338562
kampec,roller,0.9663138389587402
kampec,rubel,0.9516977667808533
kampec,rulett,0.9500382542610168
kampec,sakter,1.0017712116241455
kampec,saller,0.8615353107452393
kampec,samesz,0.8278524875640869
kampec,skanzen,1.092988133430481
kampec,sláger,0.9912354946136475
kampec,sparherd,0.9426267743110657
kampec,srapnel,0.9054674506187439
kampec,stukker,0.8273202776908875
kampec,subler,0.9207292795181274
kampec,sumer,1.028063178062439
kampec,suszter,0.8463983535766602
kampec,szkander,0.9933753609657288
kampec,szlogen,1.030324935913086
kampec,szoftver,1.1722795963287354
kampec,szonett,1.0411477088928223
kampec,szovjet,1.0603309869766235
kampec,szubrett,0.9942531585693359
kampec,sábesz,0.8892611861228943
kampec,sóder,0.918641209602356
kampec,sólet,0.8776211142539978
kampec,tandem,1.0356382131576538
kampec,token,1.008070945739746
kampec,totem,0.9665847420692444
kampec,transzfer,1.1431477069854736
kampec,traverz,0.8776663541793823
kampec,tróger,0.7738800048828125
kampec,valcer,0.901976466178894
kampec,vamzer,0.8540923595428467
kampec,vátesz,0.9554381966590881
kampec,zsakett,0.9611247181892395
kampec,zsorzsett,0.9015651941299438
kampec,zsáner,1.1346983909606934
kampec,ágens,1.1177778244018555
kampec,ájer,0.8139128684997559
kampec,ámen,0.8335931301116943
kampec,ómen,0.8857161402702332
karcer,kartell,1.0166285037994385
karcer,karter,0.7988250255584717
karcer,klapec,0.7838494181632996
karcer,klaszter,0.9335790872573853
karcer,klozet,0.8962321877479553
karcer,koffer,0.7622261643409729
karcer,kolesz,0.8137369751930237
karcer,koncert,0.8334555625915527
karcer,konszern,0.9735869765281677
karcer,konzerv,0.8743134140968323
karcer,kopek,0.9122754335403442
karcer,korner,0.8522638082504272
karcer,kornett,0.8056284189224243
karcer,korrekt,1.0630652904510498
karcer,korvett,0.781983494758606
karcer,krapek,0.8011490106582642
karcer,krokett,0.8340449929237366
karcer,kráter,0.7990214228630066
karcer,kukker,0.8566946387290955
karcer,kupec,0.818772554397583
karcer,kábel,0.9125889539718628
karcer,káder,0.9591233730316162
karcer,kódex,0.9527896046638489
karcer,kókler,0.9302810430526733
karcer,kóter,0.8337100148200989
karcer,lasztex,0.8041087985038757
karcer,latex,0.8690406084060669
karcer,luesz,0.8905764818191528
karcer,lumen,0.856540322303772
karcer,lumpen,1.0211127996444702
karcer,láger,0.8787622451782227
karcer,lóden,0.7642794847488403
karcer,macesz,0.8248614072799683
karcer,macher,0.892855167388916
karcer,majszter,0.9557412266731262
karcer,makett,0.8865286707878113
karcer,malter,0.8312101364135742
karcer,maszek,1.0034940242767334
karcer,matek,0.8878810405731201
karcer,mater,0.9202991724014282
karcer,modell,0.9757000803947449
karcer,modem,0.9500579833984375
karcer,modern,1.023905634880066
karcer,moped,0.8034449815750122
karcer,motel,0.8395698070526123
karcer,muter,0.7162185907363892
karcer,mutter,0.8402390480041504
karcer,mágnes,0.8738642930984497
karcer,nonszensz,1.0196620225906372
karcer,notesz,0.8278587460517883
karcer,okker,0.7709832191467285
karcer,omlett,0.7486817836761475
karcer,pajesz,0.7884907722473145
karcer,pakett,1.0068016052246094
karcer,pamflet,0.8604928255081177
karcer,panel,0.9053311347961426
karcer,parkett,0.7507978081703186
karcer,parszek,0.7487771511077881
karcer,partner,1.0264742374420166
karcer,pasztell,0.8052902221679688
karcer,plakett,0.8329707384109497
karcer,pollen,0.8621965646743774
karcer,poszter,0.8611057996749878
karcer,prakker,0.8521973490715027
karcer,projekt,0.9958197474479675
karcer,puffer,0.9582523703575134
karcer,pátens,0.9268882274627686
karcer,páter,0.8584353923797607
karcer,póker,0.9304647445678711
karcer,púder,0.7781198024749756
karcer,raszter,0.8882675170898438
karcer,rocker,0.8441698551177979
karcer,roller,0.8115551471710205
karcer,rubel,0.9229314923286438
karcer,rulett,0.860267698764801
karcer,sakter,0.9259729385375977
karcer,saller,0.7480188012123108
karcer,samesz,0.7628559470176697
karcer,skanzen,0.9021424651145935
karcer,sláger,0.8383697271347046
karcer,sparherd,0.7307062149047852
karcer,srapnel,0.8190181851387024
karcer,stukker,0.7625190019607544
karcer,subler,0.8009535074234009
karcer,sumer,0.963438093662262
karcer,suszter,0.816702127456665
karcer,szkander,0.8319809436798096
karcer,szlogen,0.9610489010810852
karcer,szoftver,1.01984703540802
karcer,szonett,0.8206937909126282
karcer,szovjet,0.9922447204589844
karcer,szubrett,0.7618147134780884
karcer,sábesz,0.8065377473831177
karcer,sóder,0.77756267786026
karcer,sólet,0.753193736076355
karcer,tandem,0.9125852584838867
karcer,token,0.8432140350341797
karcer,totem,0.8346736431121826
karcer,transzfer,0.9645404815673828
karcer,traverz,0.7988530397415161
karcer,tróger,0.8148779273033142
karcer,valcer,0.749950110912323
karcer,vamzer,0.951006293296814
karcer,vátesz,0.9450705647468567
karcer,zsakett,0.6848861575126648
karcer,zsorzsett,0.7222972512245178
karcer,zsáner,0.8924615383148193
karcer,ágens,1.0459038019180298
karcer,ájer,0.8388851881027222
karcer,ámen,0.8677378296852112
karcer,ómen,0.8987141251564026
kartell,karter,1.03059983253479
kartell,klapec,1.056954026222229
kartell,klaszter,0.7274377346038818
kartell,klozet,1.0612057447433472
kartell,koffer,0.9997140169143677
kartell,kolesz,1.0671027898788452
kartell,koncert,0.9673964381217957
kartell,konszern,0.6067342758178711
kartell,konzerv,0.9165859818458557
kartell,kopek,0.9455671310424805
kartell,korner,1.0268346071243286
kartell,kornett,0.9609212279319763
kartell,korrekt,0.9529646635055542
kartell,korvett,0.7942290306091309
kartell,krapek,1.0752842426300049
kartell,krokett,0.9846001267433167
kartell,kráter,0.9041063189506531
kartell,kukker,1.0612205266952515
kartell,kupec,1.0041917562484741
kartell,kábel,0.9107251167297363
kartell,káder,1.0153932571411133
kartell,kódex,0.7445572018623352
kartell,kókler,1.0129214525222778
kartell,kóter,1.0639452934265137
kartell,lasztex,0.9570124745368958
kartell,latex,0.928615391254425
kartell,luesz,0.9152934551239014
kartell,lumen,1.0159528255462646
kartell,lumpen,1.0546241998672485
kartell,láger,0.8970298171043396
kartell,lóden,1.052761197090149
kartell,macesz,1.0500764846801758
kartell,macher,0.9085130095481873
kartell,majszter,1.0021084547042847
kartell,makett,0.9787802696228027
kartell,malter,1.034495234489441
kartell,maszek,0.9673491716384888
kartell,matek,1.1429250240325928
kartell,mater,1.0423226356506348
kartell,modell,0.8566683530807495
kartell,modem,0.9464883804321289
kartell,modern,1.043640375137329
kartell,moped,0.9604698419570923
kartell,motel,0.9303542375564575
kartell,muter,1.0718908309936523
kartell,mutter,0.9746749401092529
kartell,mágnes,0.9361311793327332
kartell,nonszensz,1.0053778886795044
kartell,notesz,1.069098949432373
kartell,okker,1.0652873516082764
kartell,omlett,0.9997221231460571
kartell,pajesz,1.0741380453109741
kartell,pakett,0.7536268830299377
kartell,pamflet,0.9824877977371216
kartell,panel,0.9950906038284302
kartell,parkett,0.9398840069770813
kartell,parszek,0.9619229435920715
kartell,partner,0.8418554067611694
kartell,pasztell,1.0950188636779785
kartell,plakett,1.0045125484466553
kartell,pollen,0.9033023715019226
kartell,poszter,1.0334962606430054
kartell,prakker,1.0353277921676636
kartell,projekt,0.7813230156898499
kartell,puffer,0.9259437918663025
kartell,pátens,0.8816553354263306
kartell,páter,1.0895040035247803
kartell,póker,0.8757851719856262
kartell,púder,1.027614712715149
kartell,raszter,1.1148769855499268
kartell,rocker,1.0442850589752197
kartell,roller,0.9882601499557495
kartell,rubel,0.7430639266967773
kartell,rulett,0.8464574217796326
kartell,sakter,0.9724112153053284
kartell,saller,0.9214105010032654
kartell,samesz,1.022827386856079
kartell,skanzen,0.9854634404182434
kartell,sláger,0.9392030239105225
kartell,sparherd,1.0601574182510376
kartell,srapnel,1.005325436592102
kartell,stukker,1.0355061292648315
kartell,subler,0.8834791779518127
kartell,sumer,0.9740962982177734
kartell,suszter,1.0470871925354004
kartell,szkander,1.045066237449646
kartell,szlogen,1.0159721374511719
kartell,szoftver,0.8764674067497253
kartell,szonett,0.999957799911499
kartell,szovjet,0.9474434852600098
kartell,szubrett,1.051255702972412
kartell,sábesz,0.9778165817260742
kartell,sóder,1.0119637250900269
kartell,sólet,1.02310049533844
kartell,tandem,0.9265103340148926
kartell,token,0.9391010999679565
kartell,totem,1.002637267112732
kartell,transzfer,0.8844617605209351
kartell,traverz,1.0456737279891968
kartell,tróger,1.0784333944320679
kartell,valcer,1.0086063146591187
kartell,vamzer,0.9434077739715576
kartell,vátesz,1.1095938682556152
kartell,zsakett,0.9720872640609741
kartell,zsorzsett,0.9623532295227051
kartell,zsáner,1.0137931108474731
kartell,ágens,0.8514899015426636
kartell,ájer,1.0972790718078613
kartell,ámen,1.0882974863052368
kartell,ómen,1.1001564264297485
karter,klapec,0.8438353538513184
karter,klaszter,0.9408664703369141
karter,klozet,0.8846690654754639
karter,koffer,0.6689751148223877
karter,kolesz,0.8383058309555054
karter,koncert,0.9771881699562073
karter,konszern,0.9016963839530945
karter,konzerv,0.7498286962509155
karter,kopek,0.9330798983573914
karter,korner,0.8729156851768494
karter,kornett,0.8095196485519409
karter,korrekt,1.0049045085906982
karter,korvett,0.7702884078025818
karter,krapek,0.9691125750541687
karter,krokett,0.7520790100097656
karter,kráter,0.8041805624961853
karter,kukker,0.7810544967651367
karter,kupec,0.8981248140335083
karter,kábel,0.7856054902076721
karter,káder,0.9962584972381592
karter,kódex,1.0427764654159546
karter,kókler,1.0118491649627686
karter,kóter,0.8292009234428406
karter,lasztex,0.7319863438606262
karter,latex,0.6533416509628296
karter,luesz,0.8771849870681763
karter,lumen,0.7400949001312256
karter,lumpen,0.9700424075126648
karter,láger,0.9027653932571411
karter,lóden,0.8245618343353271
karter,macesz,0.7394416928291321
karter,macher,0.9417715072631836
karter,majszter,0.9883581399917603
karter,makett,0.7797155380249023
karter,malter,0.7766069173812866
karter,maszek,1.0017282962799072
karter,matek,0.9734411239624023
karter,mater,0.9229835867881775
karter,modell,0.9682787656784058
karter,modem,0.8407524228096008
karter,modern,0.9813447594642639
karter,moped,0.6859394311904907
karter,motel,0.8186677098274231
karter,muter,0.7640535831451416
karter,mutter,0.8768425583839417
karter,mágnes,0.6757035851478577
karter,nonszensz,1.081642985343933
karter,notesz,0.7715315818786621
karter,okker,0.6921165585517883
karter,omlett,0.7176070213317871
karter,pajesz,0.8746597766876221
karter,pakett,0.8979771733283997
karter,pamflet,0.9739096164703369
karter,panel,0.8535706400871277
karter,parkett,0.7015371322631836
karter,parszek,0.7675267457962036
karter,partner,0.9862666726112366
karter,pasztell,0.7121462821960449
karter,plakett,0.7704654932022095
karter,pollen,0.7758724689483643
karter,poszter,0.852709949016571
karter,prakker,0.8545386791229248
karter,projekt,0.9777330756187439
karter,puffer,0.7299047708511353
karter,pátens,0.9090349078178406
karter,páter,0.9879639148712158
karter,póker,0.9668703079223633
karter,púder,0.7208408713340759
karter,raszter,0.7946129441261292
karter,rocker,0.9113261699676514
karter,roller,0.738719642162323
karter,rubel,0.8932333588600159
karter,rulett,0.9356704354286194
karter,sakter,0.9138844609260559
karter,saller,0.7940701842308044
karter,samesz,0.8562371134757996
karter,skanzen,0.9691798090934753
karter,sláger,0.8957906365394592
karter,sparherd,0.7430636882781982
karter,srapnel,0.7570499181747437
karter,stukker,0.9311293363571167
karter,subler,0.85157310962677
karter,sumer,1.0028690099716187
karter,suszter,0.853693962097168
karter,szkander,0.9296883344650269
karter,szlogen,0.9409032464027405
karter,szoftver,0.9282597899436951
karter,szonett,0.9018568992614746
karter,szovjet,0.9562380909919739
karter,szubrett,0.8845003843307495
karter,sábesz,0.9303776025772095
karter,sóder,0.6510056257247925
karter,sólet,0.813157320022583
karter,tandem,0.8016546964645386
karter,token,0.8005472421646118
karter,totem,0.7973960041999817
karter,transzfer,0.9457703232765198
karter,traverz,0.8208538293838501
karter,tróger,0.9262793064117432
karter,valcer,0.8715102076530457
karter,vamzer,1.0060617923736572
karter,vátesz,1.0500940084457397
karter,zsakett,0.7783699631690979
karter,zsorzsett,0.8395456075668335
karter,zsáner,0.926278293132782
karter,ágens,1.0689297914505005
karter,ájer,0.8289992213249207
karter,ámen,0.9493538737297058
karter,ómen,0.9876300692558289
klapec,klaszter,0.9502647519111633
klapec,klozet,0.9289624691009521
klapec,koffer,0.8357375860214233
klapec,kolesz,0.8935497999191284
klapec,koncert,0.9726861119270325
klapec,konszern,0.9527325630187988
klapec,konzerv,0.8963722586631775
klapec,kopek,0.8851360082626343
klapec,korner,0.8748717904090881
klapec,kornett,0.6955832242965698
klapec,korrekt,1.0395994186401367
klapec,korvett,0.850022554397583
klapec,krapek,0.7784444093704224
klapec,krokett,0.9257011413574219
klapec,kráter,0.8615439534187317
klapec,kukker,0.8479160666465759
klapec,kupec,0.7410236597061157
klapec,kábel,1.0122301578521729
klapec,káder,0.9187086820602417
klapec,kódex,0.9111829400062561
klapec,kókler,0.7765927314758301
klapec,kóter,0.8451195359230042
klapec,lasztex,0.8740898966789246
klapec,latex,0.8838486075401306
klapec,luesz,0.8584544658660889
klapec,lumen,0.9449686408042908
klapec,lumpen,0.8950992226600647
klapec,láger,0.8777114152908325
klapec,lóden,0.8157542943954468
klapec,macesz,0.8342940807342529
klapec,macher,0.8503742218017578
klapec,majszter,0.8779909014701843
klapec,makett,0.9175044298171997
klapec,malter,0.8729685544967651
klapec,maszek,0.957066535949707
klapec,matek,0.9844461679458618
klapec,mater,0.8475418090820312
klapec,modell,0.9623824954032898
klapec,modem,1.0144284963607788
klapec,modern,0.8693256974220276
klapec,moped,0.8475465774536133
klapec,motel,0.8929444551467896
klapec,muter,0.785285472869873
klapec,mutter,0.8314600586891174
klapec,mágnes,0.9001237750053406
klapec,nonszensz,0.9510362148284912
klapec,notesz,0.846096396446228
klapec,okker,0.7774879932403564
klapec,omlett,0.7681892514228821
klapec,pajesz,0.7738121747970581
klapec,pakett,1.0506104230880737
klapec,pamflet,0.6922386884689331
klapec,panel,0.9563915133476257
klapec,parkett,0.8639086484909058
klapec,parszek,0.8361430168151855
klapec,partner,1.0194478034973145
klapec,pasztell,0.7643115520477295
klapec,plakett,0.861421525478363
klapec,pollen,0.9329302310943604
klapec,poszter,0.9083360433578491
klapec,prakker,0.8174217343330383
klapec,projekt,1.041937232017517
klapec,puffer,0.9338737726211548
klapec,pátens,0.9032836556434631
klapec,páter,0.8836780190467834
klapec,póker,0.9070119261741638
klapec,púder,0.7966440320014954
klapec,raszter,0.8954389691352844
klapec,rocker,0.8174818754196167
klapec,roller,0.8576799631118774
klapec,rubel,0.9802950620651245
klapec,rulett,0.8838646411895752
klapec,sakter,0.8440840840339661
klapec,saller,0.8336487412452698
klapec,samesz,0.7993723154067993
klapec,skanzen,0.9020271897315979
klapec,sláger,0.8689906001091003
klapec,sparherd,0.7343314290046692
klapec,srapnel,0.8420906066894531
klapec,stukker,0.9203457832336426
klapec,subler,0.7930821180343628
klapec,sumer,0.8719735741615295
klapec,suszter,0.8396792411804199
klapec,szkander,0.9528725147247314
klapec,szlogen,0.8891922235488892
klapec,szoftver,1.0294415950775146
klapec,szonett,0.6543895602226257
klapec,szovjet,0.970055341720581
klapec,szubrett,0.7536893486976624
klapec,sábesz,0.853954553604126
klapec,sóder,0.8905211091041565
klapec,sólet,0.7736736536026001
klapec,tandem,0.9169246554374695
klapec,token,0.9264746308326721
klapec,totem,0.7750363945960999
klapec,transzfer,1.04758620262146
klapec,traverz,0.8511812686920166
klapec,tróger,0.780256986618042
klapec,valcer,0.7613078951835632
klapec,vamzer,0.8698896765708923
klapec,vátesz,0.7286567687988281
klapec,zsakett,0.7428436875343323
klapec,zsorzsett,0.8392792344093323
klapec,zsáner,0.8623559474945068
klapec,ágens,0.931993842124939
klapec,ájer,0.8554735779762268
klapec,ámen,0.8186913728713989
klapec,ómen,0.8921933174133301
klaszter,klozet,1.0521974563598633
klaszter,koffer,0.920673668384552
klaszter,kolesz,0.9344040155410767
klaszter,koncert,0.9666180610656738
klaszter,konszern,0.620703935623169
klaszter,konzerv,1.0062265396118164
klaszter,kopek,0.9070146679878235
klaszter,korner,0.9893542528152466
klaszter,kornett,0.8746599555015564
klaszter,korrekt,0.95079505443573
klaszter,korvett,0.8522050380706787
klaszter,krapek,0.9622856974601746
klaszter,krokett,1.0071831941604614
klaszter,kráter,0.8576721549034119
klaszter,kukker,1.0352264642715454
klaszter,kupec,1.0294499397277832
klaszter,kábel,0.8939378261566162
klaszter,káder,0.8923241496086121
klaszter,kódex,0.8983873128890991
klaszter,kókler,0.9947987198829651
klaszter,kóter,1.0598617792129517
klaszter,lasztex,0.9013277292251587
klaszter,latex,0.9070814251899719
klaszter,luesz,0.9413899779319763
klaszter,lumen,0.8070136904716492
klaszter,lumpen,1.0485363006591797
klaszter,láger,0.9889560341835022
klaszter,lóden,1.0035127401351929
klaszter,macesz,1.0404424667358398
klaszter,macher,0.9062746167182922
klaszter,majszter,1.0455323457717896
klaszter,makett,0.7873749732971191
klaszter,malter,1.1221383810043335
klaszter,maszek,0.9598187208175659
klaszter,matek,1.0061607360839844
klaszter,mater,0.9804790019989014
klaszter,modell,0.6347024440765381
klaszter,modem,0.8094936013221741
klaszter,modern,0.9025419354438782
klaszter,moped,0.9060674905776978
klaszter,motel,0.8232240080833435
klaszter,muter,1.028835654258728
klaszter,mutter,1.0671802759170532
klaszter,mágnes,0.8485145568847656
klaszter,nonszensz,1.0000547170639038
klaszter,notesz,0.9339549541473389
klaszter,okker,0.97369384765625
klaszter,omlett,1.0385596752166748
klaszter,pajesz,1.058109164237976
klaszter,pakett,0.7822656631469727
klaszter,pamflet,0.9963855743408203
klaszter,panel,0.7587490677833557
klaszter,parkett,0.9120599031448364
klaszter,parszek,0.8735815286636353
klaszter,partner,0.781588077545166
klaszter,pasztell,0.9598420262336731
klaszter,plakett,0.8961803913116455
klaszter,pollen,0.9592119455337524
klaszter,poszter,0.885516881942749
klaszter,prakker,1.0588346719741821
klaszter,projekt,0.5380253791809082
klaszter,puffer,0.8291458487510681
klaszter,pátens,1.0464423894882202
klaszter,páter,1.0588761568069458
klaszter,póker,0.895601212978363
klaszter,púder,0.9498297572135925
klaszter,raszter,0.7826805114746094
klaszter,rocker,1.009160041809082
klaszter,roller,0.9128883481025696
klaszter,rubel,0.9925846457481384
klaszter,rulett,0.8641874194145203
klaszter,sakter,0.9969754219055176
klaszter,saller,0.9743664860725403
klaszter,samesz,1.0313222408294678
klaszter,skanzen,0.8154386878013611
klaszter,sláger,0.9563682675361633
klaszter,sparherd,1.0140410661697388
klaszter,srapnel,0.9997830390930176
klaszter,stukker,1.0633087158203125
klaszter,subler,0.909048855304718
klaszter,sumer,0.987236499786377
klaszter,suszter,1.0151386260986328
klaszter,szkander,0.8951030373573303
klaszter,szlogen,0.9092310070991516
klaszter,szoftver,0.6804195046424866
klaszter,szonett,0.939675509929657
klaszter,szovjet,1.0126869678497314
klaszter,szubrett,0.9439569711685181
klaszter,sábesz,0.9650993943214417
klaszter,sóder,1.0386427640914917
klaszter,sólet,1.0692945718765259
klaszter,tandem,0.7765178680419922
klaszter,token,0.7960476875305176
klaszter,totem,0.946694016456604
klaszter,transzfer,0.65542072057724
klaszter,traverz,0.9467254281044006
klaszter,tróger,0.9999076128005981
klaszter,valcer,0.9923720359802246
klaszter,vamzer,1.0479849576950073
klaszter,vátesz,1.1333363056182861
klaszter,zsakett,0.9431832432746887
klaszter,zsorzsett,1.0617910623550415
klaszter,zsáner,0.9263225793838501
klaszter,ágens,0.8045896887779236
klaszter,ájer,1.1105046272277832
klaszter,ámen,1.1645903587341309
klaszter,ómen,1.0432007312774658
klozet,koffer,0.7081857919692993
klozet,kolesz,0.7313491702079773
klozet,koncert,0.864598274230957
klozet,konszern,1.108140230178833
klozet,konzerv,0.822735607624054
klozet,kopek,0.8077349066734314
klozet,korner,0.8410494327545166
klozet,kornett,0.9525323510169983
klozet,korrekt,1.0801197290420532
klozet,korvett,0.9627655744552612
klozet,krapek,0.7618934512138367
klozet,krokett,0.8563544750213623
klozet,kráter,0.8791425824165344
klozet,kukker,0.908319354057312
klozet,kupec,0.7769788503646851
klozet,kábel,0.8695858716964722
klozet,káder,0.8739842176437378
klozet,kódex,1.044160008430481
klozet,kókler,0.8590259552001953
klozet,kóter,0.8290613889694214
klozet,lasztex,0.8225277066230774
klozet,latex,0.9072399735450745
klozet,luesz,0.9655296206474304
klozet,lumen,0.9216276407241821
klozet,lumpen,0.9134718179702759
klozet,láger,0.8278318047523499
klozet,lóden,0.8851807117462158
klozet,macesz,0.8344764113426208
klozet,macher,0.9511417150497437
klozet,majszter,0.8696732521057129
klozet,makett,0.8717762231826782
klozet,malter,0.7903735637664795
klozet,maszek,0.7877553701400757
klozet,matek,0.755608081817627
klozet,mater,0.8916245698928833
klozet,modell,1.074055552482605
klozet,modem,0.8705306053161621
klozet,modern,1.0032854080200195
klozet,moped,0.7836509943008423
klozet,motel,0.7554941177368164
klozet,muter,0.799556314945221
klozet,mutter,0.828095555305481
klozet,mágnes,0.8737034797668457
klozet,nonszensz,1.0019915103912354
klozet,notesz,0.8201379776000977
klozet,okker,0.834801435470581
klozet,omlett,0.771330714225769
klozet,pajesz,0.8714310526847839
klozet,pakett,1.1092791557312012
klozet,pamflet,0.9747298955917358
klozet,panel,0.8942815661430359
klozet,parkett,0.7219244241714478
klozet,parszek,0.9707989692687988
klozet,partner,1.0606036186218262
klozet,pasztell,0.8344927430152893
klozet,plakett,0.9589301347732544
klozet,pollen,0.9757888317108154
klozet,poszter,0.8417203426361084
klozet,prakker,0.8555119633674622
klozet,projekt,1.0987833738327026
klozet,puffer,0.9823217391967773
klozet,pátens,0.9942773580551147
klozet,páter,0.9377426505088806
klozet,póker,0.845386266708374
klozet,púder,0.8060147166252136
klozet,raszter,0.92811119556427
klozet,rocker,0.8244323134422302
klozet,roller,0.7884038090705872
klozet,rubel,1.013642430305481
klozet,rulett,0.8861075639724731
klozet,sakter,0.9658315181732178
klozet,saller,0.7848049402236938
klozet,samesz,0.7900046110153198
klozet,skanzen,0.8962987065315247
klozet,sláger,0.8902485966682434
klozet,sparherd,0.7671618461608887
klozet,srapnel,0.8213940858840942
klozet,stukker,0.7817738056182861
klozet,subler,0.8977766036987305
klozet,sumer,0.9476745128631592
klozet,suszter,0.7486880421638489
klozet,szkander,0.8591195344924927
klozet,szlogen,0.9263862371444702
klozet,szoftver,0.9723495244979858
klozet,szonett,0.9333438277244568
klozet,szovjet,1.0000146627426147
klozet,szubrett,0.8787820339202881
klozet,sábesz,0.941845178604126
klozet,sóder,0.7605477571487427
klozet,sólet,0.8262835741043091
klozet,tandem,0.8655083775520325
klozet,token,0.9023481011390686
klozet,totem,0.8592087030410767
klozet,transzfer,0.9951297044754028
klozet,traverz,0.8542295694351196
klozet,tróger,0.7066453695297241
klozet,valcer,0.7875133752822876
klozet,vamzer,0.8220493793487549
klozet,vátesz,0.9394256472587585
klozet,zsakett,0.8618040680885315
klozet,zsorzsett,0.8831543922424316
klozet,zsáner,1.0096604824066162
klozet,ágens,1.0362149477005005
klozet,ájer,0.7917413711547852
klozet,ámen,0.9150280952453613
klozet,ómen,0.920118510723114
koffer,kolesz,0.7397757768630981
koffer,koncert,0.819556713104248
koffer,konszern,0.8967269062995911
koffer,konzerv,0.706062376499176
koffer,kopek,0.7779602408409119
koffer,korner,0.8800177574157715
koffer,kornett,0.8863726854324341
koffer,korrekt,1.023903250694275
koffer,korvett,0.8378758430480957
koffer,krapek,0.8122655749320984
koffer,krokett,0.8065903186798096
koffer,kráter,0.6601054668426514
koffer,kukker,0.764917254447937
koffer,kupec,0.7340999841690063
koffer,kábel,0.6522526144981384
koffer,káder,0.8794727325439453
koffer,kódex,0.9035993814468384
koffer,kókler,0.8500504493713379
koffer,kóter,0.9366993308067322
koffer,lasztex,0.8709551692008972
koffer,latex,0.7632700800895691
koffer,luesz,1.027758002281189
koffer,lumen,0.7478867769241333
koffer,lumpen,0.9045386910438538
koffer,láger,0.7492557168006897
koffer,lóden,0.8815991282463074
koffer,macesz,0.783530592918396
koffer,macher,0.898462176322937
koffer,majszter,1.0156445503234863
koffer,makett,0.7304043769836426
koffer,malter,0.7187042236328125
koffer,maszek,0.8222483396530151
koffer,matek,0.8301262855529785
koffer,mater,0.9068138599395752
koffer,modell,0.8570405840873718
koffer,modem,0.774968147277832
koffer,modern,0.9612135291099548
koffer,moped,0.6964801549911499
koffer,motel,0.7149104475975037
koffer,muter,0.8234731554985046
koffer,mutter,0.7497477531433105
koffer,mágnes,0.5971726179122925
koffer,nonszensz,0.981571614742279
koffer,notesz,0.6707358360290527
koffer,okker,0.7875781059265137
koffer,omlett,0.6474690437316895
koffer,pajesz,0.9074392318725586
koffer,pakett,0.8823491930961609
koffer,pamflet,0.9160056710243225
koffer,panel,0.7226697206497192
koffer,parkett,0.5970511436462402
koffer,parszek,0.7560901045799255
koffer,partner,0.9637950658798218
koffer,pasztell,0.7511586546897888
koffer,plakett,0.8296428322792053
koffer,pollen,0.8687613606452942
koffer,poszter,0.8540574312210083
koffer,prakker,0.8498992919921875
koffer,projekt,0.9398528933525085
koffer,puffer,0.8382065296173096
koffer,pátens,1.0289366245269775
koffer,páter,0.9261693358421326
koffer,póker,0.9514758586883545
koffer,púder,0.6493551135063171
koffer,raszter,0.8759660720825195
koffer,rocker,0.8384405374526978
koffer,roller,0.6789015531539917
koffer,rubel,0.8314861059188843
koffer,rulett,0.783166229724884
koffer,sakter,0.8839839100837708
koffer,saller,0.687383770942688
koffer,samesz,0.8098154067993164
koffer,skanzen,0.8503994941711426
koffer,sláger,0.8358513116836548
koffer,sparherd,0.6574496030807495
koffer,srapnel,0.7155392169952393
koffer,stukker,0.8097113370895386
koffer,subler,0.97044837474823
koffer,sumer,0.9917552471160889
koffer,suszter,0.6794296503067017
koffer,szkander,0.9729859232902527
koffer,szlogen,0.8545045852661133
koffer,szoftver,0.8772829174995422
koffer,szonett,0.7859104871749878
koffer,szovjet,1.0290534496307373
koffer,szubrett,0.8545570373535156
koffer,sábesz,0.9040584564208984
koffer,sóder,0.641150712966919
koffer,sólet,0.7345890998840332
koffer,tandem,0.7335214614868164
koffer,token,0.865961492061615
koffer,totem,0.7753376364707947
koffer,transzfer,0.978772759437561
koffer,traverz,0.7448078393936157
koffer,tróger,0.763137936592102
koffer,valcer,0.796970784664154
koffer,vamzer,0.9040286540985107
koffer,vátesz,1.028268814086914
koffer,zsakett,0.772219717502594
koffer,zsorzsett,0.8806368112564087
koffer,zsáner,1.0123382806777954
koffer,ágens,0.9805819988250732
koffer,ájer,0.7507534027099609
koffer,ámen,0.8589450716972351
koffer,ómen,0.9285909533500671
kolesz,koncert,0.7803080081939697
kolesz,konszern,1.017849326133728
kolesz,konzerv,0.8289831280708313
kolesz,kopek,0.9595572352409363
kolesz,korner,0.9331367015838623
kolesz,kornett,0.9158526062965393
kolesz,korrekt,1.1090749502182007
kolesz,korvett,0.9678810238838196
kolesz,krapek,0.8139439821243286
kolesz,krokett,0.9446127414703369
kolesz,kráter,0.9021133780479431
kolesz,kukker,0.883002758026123
kolesz,kupec,0.8096214532852173
kolesz,kábel,0.8837894201278687
kolesz,káder,0.881313145160675
kolesz,kódex,1.0203639268875122
kolesz,kókler,0.8300849795341492
kolesz,kóter,0.8838893175125122
kolesz,lasztex,0.8653666377067566
kolesz,latex,0.8948008418083191
kolesz,luesz,0.9367102384567261
kolesz,lumen,0.8820220828056335
kolesz,lumpen,0.949937641620636
kolesz,láger,0.7431620955467224
kolesz,lóden,0.8530622124671936
kolesz,macesz,0.9005558490753174
kolesz,macher,0.9748004674911499
kolesz,majszter,0.9663350582122803
kolesz,makett,0.8060281872749329
kolesz,malter,0.8488850593566895
kolesz,maszek,0.8286603689193726
kolesz,matek,0.7361212372779846
kolesz,mater,0.8051786422729492
kolesz,modell,1.0080459117889404
kolesz,modem,0.8555092811584473
kolesz,modern,1.001935362815857
kolesz,moped,0.805515706539154
kolesz,motel,0.7017120718955994
kolesz,muter,0.7252454161643982
kolesz,mutter,0.6881820559501648
kolesz,mágnes,0.8158925771713257
kolesz,nonszensz,0.98398756980896
kolesz,notesz,0.8691000938415527
kolesz,okker,0.8530996441841125
kolesz,omlett,0.8248851895332336
kolesz,pajesz,0.8585711121559143
kolesz,pakett,1.029139518737793
kolesz,pamflet,0.924376904964447
kolesz,panel,0.7993426322937012
kolesz,parkett,0.7879540920257568
kolesz,parszek,0.9670334458351135
kolesz,partner,1.0536842346191406
kolesz,pasztell,0.8591665625572205
kolesz,plakett,0.9155994057655334
kolesz,pollen,1.0000237226486206
kolesz,poszter,0.8210575580596924
kolesz,prakker,0.852120041847229
kolesz,projekt,0.9695208072662354
kolesz,puffer,0.959122896194458
kolesz,pátens,1.0016268491744995
kolesz,páter,0.8879969716072083
kolesz,póker,0.90223228931427
kolesz,púder,0.892746090888977
kolesz,raszter,0.9709101319313049
kolesz,rocker,0.8586971163749695
kolesz,roller,0.8247122764587402
kolesz,rubel,1.020923376083374
kolesz,rulett,0.8907307386398315
kolesz,sakter,0.9896283149719238
kolesz,saller,0.9063682556152344
kolesz,samesz,0.8262351155281067
kolesz,skanzen,0.772814154624939
kolesz,sláger,0.9269027709960938
kolesz,sparherd,0.7601175904273987
kolesz,srapnel,0.9639699459075928
kolesz,stukker,0.7895628213882446
kolesz,subler,0.9376004934310913
kolesz,sumer,1.0036879777908325
kolesz,suszter,0.7369809150695801
kolesz,szkander,0.934186577796936
kolesz,szlogen,0.9569675922393799
kolesz,szoftver,1.0099974870681763
kolesz,szonett,0.9377179741859436
kolesz,szovjet,1.0053417682647705
kolesz,szubrett,0.8613666892051697
kolesz,sábesz,0.908275842666626
kolesz,sóder,0.8540053367614746
kolesz,sólet,0.8191736936569214
kolesz,tandem,0.8969110250473022
kolesz,token,0.9624555706977844
kolesz,totem,0.8755803108215332
kolesz,transzfer,0.9343391060829163
kolesz,traverz,0.8553652167320251
kolesz,tróger,0.7890499830245972
kolesz,valcer,0.8536710143089294
kolesz,vamzer,0.9054805040359497
kolesz,vátesz,0.9707743525505066
kolesz,zsakett,0.9111537337303162
kolesz,zsorzsett,0.904218852519989
kolesz,zsáner,0.9915876984596252
kolesz,ágens,0.9983389377593994
kolesz,ájer,0.9050284028053284
kolesz,ámen,0.8934232592582703
kolesz,ómen,0.9310863018035889
koncert,konszern,0.9653074145317078
koncert,konzerv,0.8251359462738037
koncert,kopek,0.9285404086112976
koncert,korner,0.9617376327514648
koncert,kornett,0.7945560216903687
koncert,korrekt,1.0496093034744263
koncert,korvett,0.9534499645233154
koncert,krapek,0.8677965402603149
koncert,krokett,0.8668289184570312
koncert,kráter,0.8592275381088257
koncert,kukker,0.9532068371772766
koncert,kupec,0.8552271723747253
koncert,kábel,0.8523609638214111
koncert,káder,1.008890151977539
koncert,kódex,0.92503422498703
koncert,kókler,0.8867831230163574
koncert,kóter,1.0146204233169556
koncert,lasztex,0.9366669654846191
koncert,latex,0.9166283011436462
koncert,luesz,0.9554600715637207
koncert,lumen,0.881615400314331
koncert,lumpen,0.9921273589134216
koncert,láger,0.848335862159729
koncert,lóden,0.9059720635414124
koncert,macesz,0.9099864363670349
koncert,macher,1.0137616395950317
koncert,majszter,0.9990963935852051
koncert,makett,0.7745323181152344
koncert,malter,0.9979282021522522
koncert,maszek,0.9671893119812012
koncert,matek,0.852294921875
koncert,mater,0.8652248382568359
koncert,modell,0.9623246192932129
koncert,modem,0.8829798698425293
koncert,modern,1.0407698154449463
koncert,moped,0.9044246673583984
koncert,motel,0.7620209455490112
koncert,muter,0.9412704110145569
koncert,mutter,0.863638162612915
koncert,mágnes,0.8894366025924683
koncert,nonszensz,1.0294404029846191
koncert,notesz,0.8511441946029663
koncert,okker,1.002890706062317
koncert,omlett,0.811015248298645
koncert,pajesz,0.9094983339309692
koncert,pakett,0.9391337633132935
koncert,pamflet,0.8436276316642761
koncert,panel,0.8985792398452759
koncert,parkett,0.810309886932373
koncert,parszek,0.9011406302452087
koncert,partner,0.9542381763458252
koncert,pasztell,0.9462088942527771
koncert,plakett,0.9805176854133606
koncert,pollen,0.9510231018066406
koncert,poszter,0.6838144063949585
koncert,prakker,0.9547147750854492
koncert,projekt,0.7986618280410767
koncert,puffer,1.0840741395950317
koncert,pátens,0.9713702201843262
koncert,páter,0.9087803959846497
koncert,póker,0.7839031219482422
koncert,púder,0.9618278741836548
koncert,raszter,1.0251080989837646
koncert,rocker,0.6976552605628967
koncert,roller,0.762980580329895
koncert,rubel,0.9502959847450256
koncert,rulett,0.8913141489028931
koncert,sakter,0.9776094555854797
koncert,saller,0.7744178771972656
koncert,samesz,0.9399442672729492
koncert,skanzen,0.7276769876480103
koncert,sláger,0.5837893486022949
koncert,sparherd,0.9393182396888733
koncert,srapnel,0.9455453157424927
koncert,stukker,0.8880466818809509
koncert,subler,1.0051133632659912
koncert,sumer,1.0344984531402588
koncert,suszter,0.8957005739212036
koncert,szkander,0.9105962514877319
koncert,szlogen,0.8617035150527954
koncert,szoftver,0.9585607051849365
koncert,szonett,0.7688390612602234
koncert,szovjet,1.0685994625091553
koncert,szubrett,0.7664453983306885
koncert,sábesz,0.9174193739891052
koncert,sóder,1.0071746110916138
koncert,sólet,0.7937750220298767
koncert,tandem,0.8605368733406067
koncert,token,1.0255047082901
koncert,totem,0.9303337931632996
koncert,transzfer,0.9581649899482727
koncert,traverz,0.9422985315322876
koncert,tróger,0.8451972603797913
koncert,valcer,0.7189476490020752
koncert,vamzer,1.0028449296951294
koncert,vátesz,0.9506059288978577
koncert,zsakett,0.9717140197753906
koncert,zsorzsett,0.9151272177696228
koncert,zsáner,0.8743740320205688
koncert,ágens,0.9980581402778625
koncert,ájer,0.944479763507843
koncert,ámen,0.859113335609436
koncert,ómen,0.9257782697677612
konszern,konzerv,0.9135054349899292
konszern,kopek,0.9740968346595764
konszern,korner,1.0853257179260254
konszern,kornett,0.9101577997207642
konszern,korrekt,1.0025107860565186
konszern,korvett,0.7072747945785522
konszern,krapek,1.0108387470245361
konszern,krokett,0.9597540497779846
konszern,kráter,0.8246979713439941
konszern,kukker,1.011030912399292
konszern,kupec,0.9642519950866699
konszern,kábel,0.8902505040168762
konszern,káder,0.9394571185112
konszern,kódex,0.8412513732910156
konszern,kókler,0.9517204761505127
konszern,kóter,1.0787893533706665
konszern,lasztex,0.9217730760574341
konszern,latex,0.9131718873977661
konszern,luesz,0.9761455059051514
konszern,lumen,0.9106090664863586
konszern,lumpen,1.14007568359375
konszern,láger,0.9320972561836243
konszern,lóden,1.018672227859497
konszern,macesz,1.0304303169250488
konszern,macher,0.909620463848114
konszern,majszter,1.0212284326553345
konszern,makett,0.851959228515625
konszern,malter,0.9877701997756958
konszern,maszek,0.8772510290145874
konszern,matek,1.0753321647644043
konszern,mater,0.981131374835968
konszern,modell,0.6720559597015381
konszern,modem,0.9133324027061462
konszern,modern,0.9341957569122314
konszern,moped,0.8833558559417725
konszern,motel,0.8160924911499023
konszern,muter,1.0460178852081299
konszern,mutter,1.0026999711990356
konszern,mágnes,0.8652709126472473
konszern,nonszensz,1.028100848197937
konszern,notesz,0.9591187238693237
konszern,okker,0.9914752244949341
konszern,omlett,0.9516097903251648
konszern,pajesz,1.021371841430664
konszern,pakett,0.5636959075927734
konszern,pamflet,1.007383108139038
konszern,panel,0.8746429085731506
konszern,parkett,0.8987964987754822
konszern,parszek,0.9395731687545776
konszern,partner,0.8179046511650085
konszern,pasztell,0.9806463718414307
konszern,plakett,0.9762458205223083
konszern,pollen,0.9610297679901123
konszern,poszter,0.9909018278121948
konszern,prakker,1.0517226457595825
konszern,projekt,0.672762393951416
konszern,puffer,0.9298925995826721
konszern,pátens,0.90975022315979
konszern,páter,1.0331138372421265
konszern,póker,0.9297677278518677
konszern,púder,1.0254977941513062
konszern,raszter,1.0434095859527588
konszern,rocker,0.9677302837371826
konszern,roller,0.9909413456916809
konszern,rubel,0.731296181678772
konszern,rulett,0.7775084972381592
konszern,sakter,1.0124188661575317
konszern,saller,0.914943516254425
konszern,samesz,0.964087724685669
konszern,skanzen,0.9109803438186646
konszern,sláger,0.8584549427032471
konszern,sparherd,0.9884001612663269
konszern,srapnel,0.9353283643722534
konszern,stukker,1.06182861328125
konszern,subler,0.9526451826095581
konszern,sumer,1.0327736139297485
konszern,suszter,0.9513773918151855
konszern,szkander,1.0420397520065308
konszern,szlogen,0.9599015712738037
konszern,szoftver,0.8015055656433105
konszern,szonett,1.0136332511901855
konszern,szovjet,0.9061462879180908
konszern,szubrett,0.9964127540588379
konszern,sábesz,1.0253956317901611
konszern,sóder,1.0000425577163696
konszern,sólet,0.9843037128448486
konszern,tandem,0.8151324391365051
konszern,token,0.9272007942199707
konszern,totem,1.0695149898529053
konszern,transzfer,0.8229721784591675
konszern,traverz,1.0221545696258545
konszern,tróger,1.0142987966537476
konszern,valcer,0.9165924787521362
konszern,vamzer,1.0597198009490967
konszern,vátesz,1.0891525745391846
konszern,zsakett,0.8805680871009827
konszern,zsorzsett,0.9659123420715332
konszern,zsáner,0.9456905126571655
konszern,ágens,0.9232690930366516
konszern,ájer,1.1000601053237915
konszern,ámen,1.112389326095581
konszern,ómen,1.0569394826889038
konzerv,kopek,0.8492047786712646
konzerv,korner,0.9245241284370422
konzerv,kornett,0.902630627155304
konzerv,korrekt,0.9774305820465088
konzerv,korvett,0.8898392915725708
konzerv,krapek,0.9142045974731445
konzerv,krokett,0.5154063701629639
konzerv,kráter,0.960921049118042
konzerv,kukker,0.8137961030006409
konzerv,kupec,0.7716189622879028
konzerv,kábel,0.853620171546936
konzerv,káder,0.8931577205657959
konzerv,kódex,0.9591383337974548
konzerv,kókler,0.8571556806564331
konzerv,kóter,0.966401219367981
konzerv,lasztex,0.9077977538108826
konzerv,latex,0.6210224032402039
konzerv,luesz,0.927187442779541
konzerv,lumen,0.8173834681510925
konzerv,lumpen,0.9137214422225952
konzerv,láger,0.9327680468559265
konzerv,lóden,0.893635094165802
konzerv,macesz,0.5550799369812012
konzerv,macher,0.8777417540550232
konzerv,majszter,0.903876781463623
konzerv,makett,0.7831733226776123
konzerv,malter,0.7087774872779846
konzerv,maszek,0.8115512132644653
konzerv,matek,0.8015346527099609
konzerv,mater,0.8591721653938293
konzerv,modell,0.972041666507721
konzerv,modem,0.8667193055152893
konzerv,modern,0.9985939264297485
konzerv,moped,0.824436366558075
konzerv,motel,0.8206512928009033
konzerv,muter,0.8427923321723938
konzerv,mutter,0.726634681224823
konzerv,mágnes,0.8065893650054932
konzerv,nonszensz,1.0134525299072266
konzerv,notesz,0.7536597847938538
konzerv,okker,0.7369908094406128
konzerv,omlett,0.4945021867752075
konzerv,pajesz,0.8478491306304932
konzerv,pakett,0.8771730065345764
konzerv,pamflet,0.9447557926177979
konzerv,panel,0.8854058980941772
konzerv,parkett,0.7984895706176758
konzerv,parszek,0.8947821259498596
konzerv,partner,0.9525530934333801
konzerv,pasztell,0.7489310503005981
konzerv,plakett,0.90860915184021
konzerv,pollen,0.7091138362884521
konzerv,poszter,0.7769743204116821
konzerv,prakker,0.8375890851020813
konzerv,projekt,0.997406005859375
konzerv,puffer,0.8313325047492981
konzerv,pátens,0.9578588604927063
konzerv,páter,1.07838773727417
konzerv,póker,0.8368356227874756
konzerv,púder,0.5948201417922974
konzerv,raszter,0.9309223890304565
konzerv,rocker,0.8785353302955627
konzerv,roller,0.6914581656455994
konzerv,rubel,0.842002272605896
konzerv,rulett,0.8068100810050964
konzerv,sakter,0.9273883700370789
konzerv,saller,0.7949694991111755
konzerv,samesz,0.8941782712936401
konzerv,skanzen,0.8890062570571899
konzerv,sláger,0.753984808921814
konzerv,sparherd,0.6948120594024658
konzerv,srapnel,0.7515766620635986
konzerv,stukker,0.925081193447113
konzerv,subler,0.8711178302764893
konzerv,sumer,0.9762864708900452
konzerv,suszter,0.7795662879943848
konzerv,szkander,0.9034676551818848
konzerv,szlogen,0.8775199055671692
konzerv,szoftver,0.8622372150421143
konzerv,szonett,0.8780381679534912
konzerv,szovjet,1.0189054012298584
konzerv,szubrett,0.8636355996131897
konzerv,sábesz,0.9347642660140991
konzerv,sóder,0.6146934032440186
konzerv,sólet,0.5590227246284485
konzerv,tandem,0.8825768232345581
konzerv,token,0.9094356298446655
konzerv,totem,0.8212518692016602
konzerv,transzfer,0.914531409740448
konzerv,traverz,0.9010226726531982
konzerv,tróger,0.7884227633476257
konzerv,valcer,0.8520047664642334
konzerv,vamzer,0.8950647115707397
konzerv,vátesz,0.9911956191062927
konzerv,zsakett,0.820077657699585
konzerv,zsorzsett,0.7728915214538574
konzerv,zsáner,0.9019445776939392
konzerv,ágens,1.0003066062927246
konzerv,ájer,0.7863503098487854
konzerv,ámen,0.8943926692008972
konzerv,ómen,0.963348388671875
kopek,korner,0.852798342704773
kopek,kornett,0.9090476036071777
kopek,korrekt,1.0340043306350708
kopek,korvett,0.958942711353302
kopek,krapek,0.9326830506324768
kopek,krokett,0.8916655778884888
kopek,kráter,0.9530556797981262
kopek,kukker,0.9212194085121155
kopek,kupec,0.8806779980659485
kopek,kábel,0.8765518665313721
kopek,káder,0.9028655290603638
kopek,kódex,0.9346672296524048
kopek,kókler,0.9026507139205933
kopek,kóter,0.9401181936264038
kopek,lasztex,0.9757459759712219
kopek,latex,0.90499347448349
kopek,luesz,0.912667453289032
kopek,lumen,0.813843846321106
kopek,lumpen,0.9123456478118896
kopek,láger,0.9551090002059937
kopek,lóden,0.8448076248168945
kopek,macesz,0.9214893579483032
kopek,macher,0.9325247406959534
kopek,majszter,0.9358436465263367
kopek,makett,0.9666228890419006
kopek,malter,0.9007501602172852
kopek,maszek,0.8806911706924438
kopek,matek,0.9215800762176514
kopek,mater,0.9191615581512451
kopek,modell,0.9819525480270386
kopek,modem,0.8754538893699646
kopek,modern,1.0126161575317383
kopek,moped,0.9147957563400269
kopek,motel,0.8886767625808716
kopek,muter,0.9286518096923828
kopek,mutter,0.9346069097518921
kopek,mágnes,0.9088376760482788
kopek,nonszensz,0.9793978333473206
kopek,notesz,0.8925541639328003
kopek,okker,0.8951237201690674
kopek,omlett,0.8003242015838623
kopek,pajesz,0.9765501618385315
kopek,pakett,0.9849233627319336
kopek,pamflet,1.0215356349945068
kopek,panel,0.8908563852310181
kopek,parkett,0.936354398727417
kopek,parszek,0.7924854159355164
kopek,partner,0.9303268790245056
kopek,pasztell,0.9925925135612488
kopek,plakett,0.9477046132087708
kopek,pollen,0.8883007168769836
kopek,poszter,0.9353504776954651
kopek,prakker,0.9260643124580383
kopek,projekt,0.9718051552772522
kopek,puffer,0.9403564929962158
kopek,pátens,1.0430670976638794
kopek,páter,1.0106792449951172
kopek,póker,0.9339816570281982
kopek,púder,0.8000428676605225
kopek,raszter,0.998494565486908
kopek,rocker,0.8964747190475464
kopek,roller,0.8250568509101868
kopek,rubel,0.8521323204040527
kopek,rulett,0.9506811499595642
kopek,sakter,0.9295014142990112
kopek,saller,0.7892856597900391
kopek,samesz,0.853748083114624
kopek,skanzen,0.9035634398460388
kopek,sláger,0.8801012635231018
kopek,sparherd,0.8658624291419983
kopek,srapnel,0.9061879515647888
kopek,stukker,0.9009004235267639
kopek,subler,0.8527636528015137
kopek,sumer,0.9897358417510986
kopek,suszter,0.8925479054450989
kopek,szkander,0.939303457736969
kopek,szlogen,0.9163140058517456
kopek,szoftver,0.8784525394439697
kopek,szonett,0.8820451498031616
kopek,szovjet,1.0671043395996094
kopek,szubrett,0.9958662390708923
kopek,sábesz,0.8567575216293335
kopek,sóder,0.8571746349334717
kopek,sólet,0.8493167161941528
kopek,tandem,0.9162105321884155
kopek,token,0.908614993095398
kopek,totem,0.8657658696174622
kopek,transzfer,1.0332480669021606
kopek,traverz,0.9603809118270874
kopek,tróger,0.8569008111953735
kopek,valcer,0.9462594985961914
kopek,vamzer,0.9211298823356628
kopek,vátesz,0.9400475025177002
kopek,zsakett,0.8899732232093811
kopek,zsorzsett,0.9079381823539734
kopek,zsáner,1.0055043697357178
kopek,ágens,0.96778404712677
kopek,ájer,0.8851326704025269
kopek,ámen,0.9318532347679138
kopek,ómen,1.0155930519104004
korner,kornett,0.8160592317581177
korner,korrekt,1.0223027467727661
korner,korvett,0.9131474494934082
korner,krapek,0.9198498725891113
korner,krokett,0.8736371994018555
korner,kráter,0.9986584782600403
korner,kukker,0.9062083959579468
korner,kupec,0.9451191425323486
korner,kábel,0.9596872329711914
korner,káder,0.9817976951599121
korner,kódex,1.0075496435165405
korner,kókler,0.9298689365386963
korner,kóter,0.8082809448242188
korner,lasztex,0.9103862643241882
korner,latex,0.9852203130722046
korner,luesz,0.8865304589271545
korner,lumen,0.9292877912521362
korner,lumpen,1.0219436883926392
korner,láger,0.9219986200332642
korner,lóden,0.84855055809021
korner,macesz,0.9441487193107605
korner,macher,1.033648133277893
korner,majszter,0.9770604372024536
korner,makett,0.9130374193191528
korner,malter,0.967523992061615
korner,maszek,0.9965721368789673
korner,matek,0.8760284185409546
korner,mater,0.9880098700523376
korner,modell,1.034899353981018
korner,modem,0.934421181678772
korner,modern,1.06415593624115
korner,moped,0.84303879737854
korner,motel,0.8856638669967651
korner,muter,0.9021638631820679
korner,mutter,0.9836974740028381
korner,mágnes,0.913219690322876
korner,nonszensz,0.9512139558792114
korner,notesz,0.8606112599372864
korner,okker,0.906161367893219
korner,omlett,0.8941705822944641
korner,pajesz,0.8772369623184204
korner,pakett,1.009268879890442
korner,pamflet,0.9297802448272705
korner,panel,0.9706060290336609
korner,parkett,0.9147894382476807
korner,parszek,0.8359615802764893
korner,partner,1.0480356216430664
korner,pasztell,0.9395860433578491
korner,plakett,0.8744747042655945
korner,pollen,1.0017536878585815
korner,poszter,0.8113424777984619
korner,prakker,0.8870434761047363
korner,projekt,1.0513088703155518
korner,puffer,0.9317118525505066
korner,pátens,1.0117957592010498
korner,páter,0.9771179556846619
korner,póker,0.7792375087738037
korner,púder,0.9642090797424316
korner,raszter,0.9132371544837952
korner,rocker,0.8555089235305786
korner,roller,0.7496179342269897
korner,rubel,1.0034724473953247
korner,rulett,0.8245978355407715
korner,sakter,0.9261046648025513
korner,saller,0.8440747261047363
korner,samesz,0.8802047967910767
korner,skanzen,0.9185130000114441
korner,sláger,0.9183884859085083
korner,sparherd,0.8693715929985046
korner,srapnel,0.9110060930252075
korner,stukker,0.9165710806846619
korner,subler,0.8351284265518188
korner,sumer,1.0229483842849731
korner,suszter,0.9893971085548401
korner,szkander,0.769734799861908
korner,szlogen,0.9508573412895203
korner,szoftver,1.0140115022659302
korner,szonett,0.9088766574859619
korner,szovjet,1.0202631950378418
korner,szubrett,0.8561948537826538
korner,sábesz,0.931540846824646
korner,sóder,0.9579705595970154
korner,sólet,0.9458383321762085
korner,tandem,0.8618478178977966
korner,token,0.7837091088294983
korner,totem,0.8884862661361694
korner,transzfer,1.0131335258483887
korner,traverz,0.8248303532600403
korner,tróger,0.8410556316375732
korner,valcer,0.8956704139709473
korner,vamzer,0.9217425584793091
korner,vátesz,0.964570164680481
korner,zsakett,0.8850092887878418
korner,zsorzsett,0.9928469657897949
korner,zsáner,0.9327257871627808
korner,ágens,1.0473203659057617
korner,ájer,0.9551244974136353
korner,ámen,0.9044014811515808
korner,ómen,0.9322786331176758
kornett,korrekt,1.020492672920227
kornett,korvett,0.830374002456665
kornett,krapek,0.8906992077827454
kornett,krokett,0.9212761521339417
kornett,kráter,0.88831627368927
kornett,kukker,0.9191703796386719
kornett,kupec,0.8595809936523438
kornett,kábel,0.970036506652832
kornett,káder,0.9796146750450134
kornett,kódex,0.8863891959190369
kornett,kókler,0.9271466732025146
kornett,kóter,0.9303189516067505
kornett,lasztex,0.8286350965499878
kornett,latex,0.8515508770942688
kornett,luesz,0.8107030987739563
kornett,lumen,0.8251722455024719
kornett,lumpen,0.9700602293014526
kornett,láger,0.9638867974281311
kornett,lóden,0.7780332565307617
kornett,macesz,0.8759876489639282
kornett,macher,0.9908362627029419
kornett,majszter,0.902367115020752
kornett,makett,0.8640192747116089
kornett,malter,0.9198580980300903
kornett,maszek,1.0306925773620605
kornett,matek,0.9219729900360107
kornett,mater,0.9042902588844299
kornett,modell,0.8952733278274536
kornett,modem,0.9623499512672424
kornett,modern,0.8732410669326782
kornett,moped,0.889712393283844
kornett,motel,0.907020628452301
kornett,muter,0.7696249485015869
kornett,mutter,0.8972886800765991
kornett,mágnes,0.8514673709869385
kornett,nonszensz,1.0084912776947021
kornett,notesz,0.8658368587493896
kornett,okker,0.824880838394165
kornett,omlett,0.7918791770935059
kornett,pajesz,0.7040963768959045
kornett,pakett,0.9418647885322571
kornett,pamflet,0.8144837617874146
kornett,panel,0.9359341859817505
kornett,parkett,0.8414863348007202
kornett,parszek,0.8300772905349731
kornett,partner,0.9891775250434875
kornett,pasztell,0.8126887083053589
kornett,plakett,0.8268588781356812
kornett,pollen,1.0287867784500122
kornett,poszter,0.8142443299293518
kornett,prakker,0.8733056783676147
kornett,projekt,0.8926953077316284
kornett,puffer,0.9553031921386719
kornett,pátens,0.9781218767166138
kornett,páter,0.8806537985801697
kornett,póker,0.8026196360588074
kornett,púder,0.8560402989387512
kornett,raszter,0.8812171220779419
kornett,rocker,0.774539053440094
kornett,roller,0.827140748500824
kornett,rubel,1.0078318119049072
kornett,rulett,0.8235365152359009
kornett,sakter,0.8135986924171448
kornett,saller,0.8940448760986328
kornett,samesz,0.837620735168457
kornett,skanzen,0.953514575958252
kornett,sláger,0.8109608888626099
kornett,sparherd,0.8643218874931335
kornett,srapnel,0.8950899839401245
kornett,stukker,0.896384060382843
kornett,subler,0.7453930377960205
kornett,sumer,0.9306224584579468
kornett,suszter,0.8975467085838318
kornett,szkander,0.8566137552261353
kornett,szlogen,0.8877080082893372
kornett,szoftver,0.9418622255325317
kornett,szonett,0.7252243757247925
kornett,szovjet,1.0349583625793457
kornett,szubrett,0.7056069374084473
kornett,sábesz,0.8782393932342529
kornett,sóder,0.9574276804924011
kornett,sólet,0.8704210519790649
kornett,tandem,0.7987716197967529
kornett,token,0.807583749294281
kornett,totem,0.811460554599762
kornett,transzfer,0.9201337099075317
kornett,traverz,0.8636966943740845
kornett,tróger,0.8763505220413208
kornett,valcer,0.7535644173622131
kornett,vamzer,0.887550950050354
kornett,vátesz,0.876631498336792
kornett,zsakett,0.7426152229309082
kornett,zsorzsett,0.7569929361343384
kornett,zsáner,0.7311276197433472
kornett,ágens,0.912766695022583
kornett,ájer,0.9719597697257996
kornett,ámen,0.7703184485435486
kornett,ómen,1.00563645362854
korrekt,korvett,1.11306893825531
korrekt,krapek,0.9479482769966125
korrekt,krokett,1.0419600009918213
korrekt,kráter,1.172213077545166
korrekt,kukker,1.040874719619751
korrekt,kupec,1.0576142072677612
korrekt,kábel,0.9701164364814758
korrekt,káder,0.9580779671669006
korrekt,kódex,0.9276269674301147
korrekt,kókler,0.9577212929725647
korrekt,kóter,1.0789692401885986
korrekt,lasztex,1.0827919244766235
korrekt,latex,0.941830039024353
korrekt,luesz,1.1566470861434937
korrekt,lumen,0.9872286915779114
korrekt,lumpen,0.9428184032440186
korrekt,láger,1.1551257371902466
korrekt,lóden,1.1344720125198364
korrekt,macesz,1.041841983795166
korrekt,macher,0.9920096397399902
korrekt,majszter,0.9652858972549438
korrekt,makett,0.9968969821929932
korrekt,malter,1.0698611736297607
korrekt,maszek,0.9024537801742554
korrekt,matek,1.0363287925720215
korrekt,mater,1.1313049793243408
korrekt,modell,0.968087375164032
korrekt,modem,0.9539963006973267
korrekt,modern,0.9150952100753784
korrekt,moped,1.0839552879333496
korrekt,motel,1.0341435670852661
korrekt,muter,1.0307449102401733
korrekt,mutter,1.0075428485870361
korrekt,mágnes,1.0692718029022217
korrekt,nonszensz,0.771416425704956
korrekt,notesz,1.0565040111541748
korrekt,okker,1.0607596635818481
korrekt,omlett,1.0282089710235596
korrekt,pajesz,1.092987298965454
korrekt,pakett,1.0064536333084106
korrekt,pamflet,0.9869082570075989
korrekt,panel,0.9574437141418457
korrekt,parkett,1.0144023895263672
korrekt,parszek,1.0814597606658936
korrekt,partner,0.8104538917541504
korrekt,pasztell,0.9859442710876465
korrekt,plakett,1.0264408588409424
korrekt,pollen,1.0801787376403809
korrekt,poszter,0.9911977052688599
korrekt,prakker,1.0916489362716675
korrekt,projekt,0.9823700189590454
korrekt,puffer,0.9090795516967773
korrekt,pátens,1.0779109001159668
korrekt,páter,1.1138272285461426
korrekt,póker,1.0066510438919067
korrekt,púder,0.945527970790863
korrekt,raszter,0.9515770077705383
korrekt,rocker,1.041556715965271
korrekt,roller,1.0615670680999756
korrekt,rubel,1.0434645414352417
korrekt,rulett,1.103365421295166
korrekt,sakter,1.0851356983184814
korrekt,saller,0.9842414855957031
korrekt,samesz,1.0107396841049194
korrekt,skanzen,1.0907541513442993
korrekt,sláger,1.063840627670288
korrekt,sparherd,1.1094921827316284
korrekt,srapnel,1.076753854751587
korrekt,stukker,1.0342074632644653
korrekt,subler,0.992289125919342
korrekt,sumer,1.0943381786346436
korrekt,suszter,1.0265071392059326
korrekt,szkander,0.983007550239563
korrekt,szlogen,0.926277220249176
korrekt,szoftver,0.8857178092002869
korrekt,szonett,1.0562965869903564
korrekt,szovjet,1.0118660926818848
korrekt,szubrett,1.0036828517913818
korrekt,sábesz,1.014587163925171
korrekt,sóder,0.9740362167358398
korrekt,sólet,1.0821043252944946
korrekt,tandem,1.0285413265228271
korrekt,token,0.9941762685775757
korrekt,totem,1.1288390159606934
korrekt,transzfer,0.9913681745529175
korrekt,traverz,1.1055002212524414
korrekt,tróger,0.9515401721000671
korrekt,valcer,1.0955119132995605
korrekt,vamzer,0.9833499193191528
korrekt,vátesz,1.0082513093948364
korrekt,zsakett,1.0473183393478394
korrekt,zsorzsett,1.1007592678070068
korrekt,zsáner,1.0030360221862793
korrekt,ágens,0.9888759255409241
korrekt,ájer,1.0861458778381348
korrekt,ámen,1.0571374893188477
korrekt,ómen,1.0862828493118286
korvett,krapek,0.908729612827301
korvett,krokett,0.8720043897628784
korvett,kráter,0.6595405340194702
korvett,kukker,0.9054805040359497
korvett,kupec,0.8776307702064514
korvett,kábel,0.7971073389053345
korvett,káder,0.9131741523742676
korvett,kódex,0.9615164995193481
korvett,kókler,0.9652005434036255
korvett,kóter,0.9889439344406128
korvett,lasztex,0.8828059434890747
korvett,latex,0.88252854347229
korvett,luesz,0.8066264986991882
korvett,lumen,0.7715591192245483
korvett,lumpen,1.0673058032989502
korvett,láger,0.7631212472915649
korvett,lóden,0.8588885068893433
korvett,macesz,0.9134421944618225
korvett,macher,0.8740198612213135
korvett,majszter,1.024548888206482
korvett,makett,0.7762076258659363
korvett,malter,0.9741382002830505
korvett,maszek,1.0154857635498047
korvett,matek,1.0635381937026978
korvett,mater,0.9961974024772644
korvett,modell,0.8063812255859375
korvett,modem,0.8421057462692261
korvett,modern,0.9542997479438782
korvett,moped,0.6938308477401733
korvett,motel,0.7708250880241394
korvett,muter,0.9084482789039612
korvett,mutter,0.8875809907913208
korvett,mágnes,0.7712172865867615
korvett,nonszensz,1.1014091968536377
korvett,notesz,0.872575044631958
korvett,okker,0.8506150245666504
korvett,omlett,0.8071210980415344
korvett,pajesz,0.9132394790649414
korvett,pakett,0.871369481086731
korvett,pamflet,0.9055397510528564
korvett,panel,0.9276076555252075
korvett,parkett,0.8033459782600403
korvett,parszek,0.6913633942604065
korvett,partner,0.9390586614608765
korvett,pasztell,0.9608041048049927
korvett,plakett,0.8533737659454346
korvett,pollen,0.8440291881561279
korvett,poszter,0.907891035079956
korvett,prakker,0.9369946718215942
korvett,projekt,0.8454628586769104
korvett,puffer,0.8224608898162842
korvett,pátens,0.7695649862289429
korvett,páter,0.9722731709480286
korvett,póker,0.8823601007461548
korvett,púder,0.9334423542022705
korvett,raszter,0.9087485671043396
korvett,rocker,0.9263347387313843
korvett,roller,0.8062235713005066
korvett,rubel,0.7905503511428833
korvett,rulett,0.7843005657196045
korvett,sakter,0.8615154027938843
korvett,saller,0.7674067616462708
korvett,samesz,0.9043771028518677
korvett,skanzen,0.9083768725395203
korvett,sláger,0.8983979821205139
korvett,sparherd,0.8540424108505249
korvett,srapnel,0.7240840196609497
korvett,stukker,0.9895274639129639
korvett,subler,0.7822073698043823
korvett,sumer,0.8488076329231262
korvett,suszter,0.9186513423919678
korvett,szkander,0.9414635896682739
korvett,szlogen,1.0506178140640259
korvett,szoftver,0.9020913243293762
korvett,szonett,0.874477744102478
korvett,szovjet,0.7261157631874084
korvett,szubrett,0.9086426496505737
korvett,sábesz,0.9002025127410889
korvett,sóder,0.850508451461792
korvett,sólet,0.8365750312805176
korvett,tandem,0.723953366279602
korvett,token,0.7688933610916138
korvett,totem,0.8637708425521851
korvett,transzfer,0.8472132086753845
korvett,traverz,0.9029276967048645
korvett,tróger,0.9326668381690979
korvett,valcer,0.7680522203445435
korvett,vamzer,0.957543671131134
korvett,vátesz,1.0518079996109009
korvett,zsakett,0.7990610003471375
korvett,zsorzsett,0.883224606513977
korvett,zsáner,0.998262345790863
korvett,ágens,0.8483006954193115
korvett,ájer,0.9457792639732361
korvett,ámen,1.0441490411758423
korvett,ómen,0.9246835708618164
krapek,krokett,0.9311214685440063
krapek,kráter,0.9370431303977966
krapek,kukker,0.9828550219535828
krapek,kupec,0.6430323123931885
krapek,kábel,0.98021000623703
krapek,káder,0.7749993801116943
krapek,kódex,1.0673668384552002
krapek,kókler,0.7222567796707153
krapek,kóter,0.9956082701683044
krapek,lasztex,0.9158730506896973
krapek,latex,0.9276952743530273
krapek,luesz,0.8415908813476562
krapek,lumen,1.0200785398483276
krapek,lumpen,0.8479264974594116
krapek,láger,0.8578271865844727
krapek,lóden,0.9277191162109375
krapek,macesz,0.8970900774002075
krapek,macher,0.8860411643981934
krapek,majszter,0.8726658821105957
krapek,makett,1.0044320821762085
krapek,malter,0.9652954936027527
krapek,maszek,0.7993922233581543
krapek,matek,0.8148449063301086
krapek,mater,0.902045488357544
krapek,modell,0.9405291080474854
krapek,modem,0.9607002139091492
krapek,modern,0.9339116811752319
krapek,moped,0.8083654642105103
krapek,motel,0.8063916563987732
krapek,muter,0.7131069898605347
krapek,mutter,0.7631497979164124
krapek,mágnes,0.9180680513381958
krapek,nonszensz,1.0501430034637451
krapek,notesz,0.8959999680519104
krapek,okker,0.9042767286300659
krapek,omlett,0.8100812435150146
krapek,pajesz,0.8919258117675781
krapek,pakett,1.0294908285140991
krapek,pamflet,0.9576003551483154
krapek,panel,1.010223150253296
krapek,parkett,0.8664542436599731
krapek,parszek,0.967101514339447
krapek,partner,0.9339247941970825
krapek,pasztell,0.8887689113616943
krapek,plakett,0.9751462340354919
krapek,pollen,0.9568314552307129
krapek,poszter,0.988737165927887
krapek,prakker,0.8846713304519653
krapek,projekt,1.015684723854065
krapek,puffer,1.054602861404419
krapek,pátens,1.0511729717254639
krapek,páter,0.8237634301185608
krapek,póker,0.8514770865440369
krapek,púder,0.8468590974807739
krapek,raszter,0.997978925704956
krapek,rocker,0.5633038282394409
krapek,roller,0.8783978819847107
krapek,rubel,1.0359138250350952
krapek,rulett,0.8681416511535645
krapek,sakter,0.9029920101165771
krapek,saller,0.8465360999107361
krapek,samesz,0.7625066041946411
krapek,skanzen,0.9408496022224426
krapek,sláger,0.9141476154327393
krapek,sparherd,0.9263400435447693
krapek,srapnel,0.8058099150657654
krapek,stukker,0.8296043276786804
krapek,subler,0.8716306686401367
krapek,sumer,0.9448205232620239
krapek,suszter,0.6856589317321777
krapek,szkander,0.8590739369392395
krapek,szlogen,0.9741001725196838
krapek,szoftver,1.04613196849823
krapek,szonett,0.9299724102020264
krapek,szovjet,1.012454628944397
krapek,szubrett,0.6380183696746826
krapek,sábesz,0.9207038879394531
krapek,sóder,0.9467540383338928
krapek,sólet,0.8409802913665771
krapek,tandem,0.9462956190109253
krapek,token,0.9997288584709167
krapek,totem,0.8385537266731262
krapek,transzfer,1.0796353816986084
krapek,traverz,0.9206572771072388
krapek,tróger,0.6517236232757568
krapek,valcer,0.8740504384040833
krapek,vamzer,0.7848491668701172
krapek,vátesz,0.8403501510620117
krapek,zsakett,0.8545157313346863
krapek,zsorzsett,0.7998553514480591
krapek,zsáner,0.9703085422515869
krapek,ágens,1.0130422115325928
krapek,ájer,0.8839067220687866
krapek,ámen,0.89724200963974
krapek,ómen,0.9090973138809204
krokett,kráter,0.9556634426116943
krokett,kukker,0.8731468915939331
krokett,kupec,0.8382163643836975
krokett,kábel,0.904697835445404
krokett,káder,0.9343308210372925
krokett,kódex,0.9316578507423401
krokett,kókler,0.9535069465637207
krokett,kóter,0.9069122672080994
krokett,lasztex,0.9134516716003418
krokett,latex,0.6816350221633911
krokett,luesz,0.94606614112854
krokett,lumen,0.834019124507904
krokett,lumpen,1.018449068069458
krokett,láger,1.0398770570755005
krokett,lóden,0.8581497669219971
krokett,macesz,0.5994876623153687
krokett,macher,0.8998265266418457
krokett,majszter,0.9391041994094849
krokett,makett,0.7976650595664978
krokett,malter,0.8226848840713501
krokett,maszek,0.975887656211853
krokett,matek,0.9005982279777527
krokett,mater,0.8327239155769348
krokett,modell,0.9821308255195618
krokett,modem,0.9274569749832153
krokett,modern,1.0592790842056274
krokett,moped,0.8352142572402954
krokett,motel,0.8684699535369873
krokett,muter,0.8829020857810974
krokett,mutter,0.8411288261413574
krokett,mágnes,0.9309844970703125
krokett,nonszensz,1.1147793531417847
krokett,notesz,0.8508641719818115
krokett,okker,0.7461106181144714
krokett,omlett,0.5535715818405151
krokett,pajesz,0.8659420609474182
krokett,pakett,0.897767186164856
krokett,pamflet,0.9679412841796875
krokett,panel,0.9488877058029175
krokett,parkett,0.7900525331497192
krokett,parszek,0.8696657419204712
krokett,partner,0.9592970013618469
krokett,pasztell,0.7729752063751221
krokett,plakett,0.7806779146194458
krokett,pollen,0.7802598476409912
krokett,poszter,0.8021596670150757
krokett,prakker,0.8581251502037048
krokett,projekt,1.0283199548721313
krokett,puffer,0.9262592196464539
krokett,pátens,0.8917654752731323
krokett,páter,1.0496113300323486
krokett,póker,0.8677100539207458
krokett,púder,0.6958686113357544
krokett,raszter,0.9436395168304443
krokett,rocker,0.8830609917640686
krokett,roller,0.7700672745704651
krokett,rubel,0.9044277667999268
krokett,rulett,0.8396334648132324
krokett,sakter,0.899082601070404
krokett,saller,0.8180027008056641
krokett,samesz,0.9082075357437134
krokett,skanzen,0.8510623574256897
krokett,sláger,0.8066630363464355
krokett,sparherd,0.7188326120376587
krokett,srapnel,0.8235793113708496
krokett,stukker,0.9580588936805725
krokett,subler,0.8319486975669861
krokett,sumer,0.9789156317710876
krokett,suszter,0.8391101360321045
krokett,szkander,0.8962501287460327
krokett,szlogen,0.9181805849075317
krokett,szoftver,0.9824624061584473
krokett,szonett,0.8910256028175354
krokett,szovjet,1.0922200679779053
krokett,szubrett,0.8023148775100708
krokett,sábesz,0.8793268203735352
krokett,sóder,0.7080376148223877
krokett,sólet,0.5753591060638428
krokett,tandem,0.8821718692779541
krokett,token,0.8886718153953552
krokett,totem,0.8500810861587524
krokett,transzfer,0.9630044102668762
krokett,traverz,0.851216733455658
krokett,tróger,0.9113268852233887
krokett,valcer,0.8250778913497925
krokett,vamzer,1.0120842456817627
krokett,vátesz,1.0006730556488037
krokett,zsakett,0.6799454689025879
krokett,zsorzsett,0.7857151031494141
krokett,zsáner,0.8762459754943848
krokett,ágens,1.0152264833450317
krokett,ájer,0.8274444937705994
krokett,ámen,0.9644641876220703
krokett,ómen,0.9318092465400696
kráter,kukker,0.8477897644042969
kráter,kupec,0.9841170907020569
kráter,kábel,0.7380716800689697
kráter,káder,0.9863768815994263
kráter,kódex,0.9090121984481812
kráter,kókler,0.9694915413856506
kráter,kóter,0.9476598501205444
kráter,lasztex,0.827785074710846
kráter,latex,0.8698487877845764
kráter,luesz,0.852839469909668
kráter,lumen,0.7633604407310486
kráter,lumpen,1.0929564237594604
kráter,láger,0.6651909351348877
kráter,lóden,0.9258022904396057
kráter,macesz,0.9202768206596375
kráter,macher,0.9152240753173828
kráter,majszter,1.0568569898605347
kráter,makett,0.6939204931259155
kráter,malter,0.7859529852867126
kráter,maszek,1.1159265041351318
kráter,matek,1.0692168474197388
kráter,mater,0.9427056908607483
kráter,modell,0.7718865275382996
kráter,modem,0.9090853333473206
kráter,modern,0.9417475461959839
kráter,moped,0.8437584638595581
kráter,motel,0.7698085904121399
kráter,muter,0.9577963948249817
kráter,mutter,0.9533380270004272
kráter,mágnes,0.5687954425811768
kráter,nonszensz,1.0289570093154907
kráter,notesz,0.8768473863601685
kráter,okker,0.7933449745178223
kráter,omlett,0.8608026504516602
kráter,pajesz,1.0070374011993408
kráter,pakett,0.9338951706886292
kráter,pamflet,0.948965311050415
kráter,panel,0.7740045785903931
kráter,parkett,0.7121639847755432
kráter,parszek,0.6250230669975281
kráter,partner,1.028448462486267
kráter,pasztell,0.8233962059020996
kráter,plakett,0.8748630285263062
kráter,pollen,0.7168744802474976
kráter,poszter,0.8483049869537354
kráter,prakker,0.9246927499771118
kráter,projekt,0.8495939373970032
kráter,puffer,0.7940170764923096
kráter,pátens,0.9219549298286438
kráter,páter,0.9491285085678101
kráter,póker,0.9844470620155334
kráter,púder,0.8516107201576233
kráter,raszter,0.7772983312606812
kráter,rocker,0.9455935955047607
kráter,roller,0.9171453714370728
kráter,rubel,0.9232649803161621
kráter,rulett,0.8752512335777283
kráter,sakter,0.879972517490387
kráter,saller,0.8444260954856873
kráter,samesz,0.9762653708457947
kráter,skanzen,0.7466201782226562
kráter,sláger,0.8333138823509216
kráter,sparherd,0.7961016893386841
kráter,srapnel,0.7724506258964539
kráter,stukker,0.9456755518913269
kráter,subler,0.9531515836715698
kráter,sumer,0.739962100982666
kráter,suszter,0.9312727451324463
kráter,szkander,1.0667976140975952
kráter,szlogen,0.9958584308624268
kráter,szoftver,0.9530770778656006
kráter,szonett,0.8239099979400635
kráter,szovjet,0.9350979924201965
kráter,szubrett,0.9570193290710449
kráter,sábesz,0.9352996349334717
kráter,sóder,0.7620272040367126
kráter,sólet,0.9101529717445374
kráter,tandem,0.8449885249137878
kráter,token,0.9175879955291748
kráter,totem,0.7945326566696167
kráter,transzfer,0.9433888792991638
kráter,traverz,0.8252076506614685
kráter,tróger,0.9335199594497681
kráter,valcer,0.8190809488296509
kráter,vamzer,0.9387251138687134
kráter,vátesz,1.0551784038543701
kráter,zsakett,0.7856278419494629
kráter,zsorzsett,0.8949352502822876
kráter,zsáner,0.9449654817581177
kráter,ágens,0.8902279138565063
kráter,ájer,0.8851920366287231
kráter,ámen,1.0116353034973145
kráter,ómen,0.9776206016540527
kukker,kupec,0.8631523847579956
kukker,kábel,0.8399508595466614
kukker,káder,1.026760220527649
kukker,kódex,0.9981070756912231
kukker,kókler,0.8747536540031433
kukker,kóter,0.9063891172409058
kukker,lasztex,0.8540987372398376
kukker,latex,0.8604551553726196
kukker,luesz,0.9671673774719238
kukker,lumen,0.7563619613647461
kukker,lumpen,0.9997730255126953
kukker,láger,0.9234870076179504
kukker,lóden,0.8656389117240906
kukker,macesz,0.8783994913101196
kukker,macher,0.90053391456604
kukker,majszter,1.0664719343185425
kukker,makett,0.8433924913406372
kukker,malter,0.8207783699035645
kukker,maszek,0.9865235686302185
kukker,matek,0.8768263459205627
kukker,mater,0.9541406631469727
kukker,modell,0.9820886850357056
kukker,modem,0.9015164971351624
kukker,modern,0.9262312650680542
kukker,moped,0.7830548286437988
kukker,motel,0.9977976083755493
kukker,muter,0.8365996479988098
kukker,mutter,0.84290611743927
kukker,mágnes,0.8043038845062256
kukker,nonszensz,0.901180624961853
kukker,notesz,0.7705718874931335
kukker,okker,0.8865088820457458
kukker,omlett,0.8136986494064331
kukker,pajesz,0.8287110328674316
kukker,pakett,0.9833835959434509
kukker,pamflet,0.913654088973999
kukker,panel,0.9587031602859497
kukker,parkett,0.8635174632072449
kukker,parszek,0.7842956781387329
kukker,partner,1.0285532474517822
kukker,pasztell,0.8142001628875732
kukker,plakett,0.8943514227867126
kukker,pollen,0.8955790996551514
kukker,poszter,0.8577802181243896
kukker,prakker,0.8446890711784363
kukker,projekt,1.0140230655670166
kukker,puffer,0.9144677519798279
kukker,pátens,0.9798133373260498
kukker,páter,1.059530258178711
kukker,póker,0.9079473614692688
kukker,púder,0.7881134748458862
kukker,raszter,0.8605053424835205
kukker,rocker,0.9884873032569885
kukker,roller,0.8092234134674072
kukker,rubel,0.8855332732200623
kukker,rulett,0.8564092516899109
kukker,sakter,0.9942300915718079
kukker,saller,0.9066689610481262
kukker,samesz,0.9415733218193054
kukker,skanzen,0.9722716808319092
kukker,sláger,0.8788041472434998
kukker,sparherd,0.7614859938621521
kukker,srapnel,0.8189331293106079
kukker,stukker,0.8416703343391418
kukker,subler,0.9382572174072266
kukker,sumer,0.9184823632240295
kukker,suszter,0.9110276699066162
kukker,szkander,0.8877377510070801
kukker,szlogen,0.9452937841415405
kukker,szoftver,0.988487720489502
kukker,szonett,0.8627838492393494
kukker,szovjet,1.0274804830551147
kukker,szubrett,0.9513786435127258
kukker,sábesz,0.8606263995170593
kukker,sóder,0.8203480839729309
kukker,sólet,0.902463972568512
kukker,tandem,0.9176250696182251
kukker,token,0.8921104669570923
kukker,totem,0.8185290694236755
kukker,transzfer,0.9048044085502625
kukker,traverz,0.7927340269088745
kukker,tróger,0.8932067155838013
kukker,valcer,0.8097111582756042
kukker,vamzer,1.030793309211731
kukker,vátesz,1.0029585361480713
kukker,zsakett,0.832578182220459
kukker,zsorzsett,0.9052796363830566
kukker,zsáner,0.9574518799781799
kukker,ágens,1.0448715686798096
kukker,ájer,0.8471425771713257
kukker,ámen,0.8195056319236755
kukker,ómen,0.9112040400505066
kupec,kábel,1.0342655181884766
kupec,káder,0.8282356262207031
kupec,kódex,0.9670449495315552
kupec,kókler,0.645168662071228
kupec,kóter,0.9243575930595398
kupec,lasztex,0.9467218518257141
kupec,latex,0.9247167706489563
kupec,luesz,0.9398457407951355
kupec,lumen,1.0115132331848145
kupec,lumpen,0.8964844942092896
kupec,láger,0.810392439365387
kupec,lóden,0.8206724524497986
kupec,macesz,0.7417972683906555
kupec,macher,0.907250702381134
kupec,majszter,0.8965181708335876
kupec,makett,0.8674460649490356
kupec,malter,0.8241437077522278
kupec,maszek,0.6834417581558228
kupec,matek,0.8211177587509155
kupec,mater,0.859972357749939
kupec,modell,1.0441606044769287
kupec,modem,1.0290212631225586
kupec,modern,0.9614421725273132
kupec,moped,0.8144829869270325
kupec,motel,0.7866466641426086
kupec,muter,0.6986600160598755
kupec,mutter,0.6813274621963501
kupec,mágnes,0.9481841325759888
kupec,nonszensz,1.0289279222488403
kupec,notesz,0.8144885301589966
kupec,okker,0.8592495322227478
kupec,omlett,0.7385438680648804
kupec,pajesz,0.8044183850288391
kupec,pakett,0.9609572887420654
kupec,pamflet,0.864537239074707
kupec,panel,1.067865252494812
kupec,parkett,0.7536578178405762
kupec,parszek,0.9875521063804626
kupec,partner,1.0146851539611816
kupec,pasztell,0.8304532170295715
kupec,plakett,0.8953052759170532
kupec,pollen,0.9360239505767822
kupec,poszter,0.9394686222076416
kupec,prakker,0.8496205806732178
kupec,projekt,1.0653510093688965
kupec,puffer,1.1619272232055664
kupec,pátens,0.9572181105613708
kupec,páter,0.7203328609466553
kupec,póker,0.8520445823669434
kupec,púder,0.8753914833068848
kupec,raszter,1.1826272010803223
kupec,rocker,0.6731666326522827
kupec,roller,0.8885408043861389
kupec,rubel,0.8435551524162292
kupec,rulett,0.8002946972846985
kupec,sakter,0.873382568359375
kupec,saller,0.775556206703186
kupec,samesz,0.7441898584365845
kupec,skanzen,0.8235063552856445
kupec,sláger,0.8032300472259521
kupec,sparherd,0.7736184597015381
kupec,srapnel,0.7581096291542053
kupec,stukker,0.7561102509498596
kupec,subler,0.9006813764572144
kupec,sumer,0.9468069076538086
kupec,suszter,0.49982255697250366
kupec,szkander,0.9104316830635071
kupec,szlogen,0.8329014182090759
kupec,szoftver,1.0325937271118164
kupec,szonett,0.8240464925765991
kupec,szovjet,0.9754173159599304
kupec,szubrett,0.7453539967536926
kupec,sábesz,0.9303829669952393
kupec,sóder,0.8037036657333374
kupec,sólet,0.6784971952438354
kupec,tandem,0.958778977394104
kupec,token,1.0528610944747925
kupec,totem,0.782431960105896
kupec,transzfer,1.1357516050338745
kupec,traverz,0.9341399669647217
kupec,tróger,0.5356783866882324
kupec,valcer,0.7600165009498596
kupec,vamzer,0.7347850799560547
kupec,vátesz,0.7227745056152344
kupec,zsakett,0.7876899838447571
kupec,zsorzsett,0.8054201602935791
kupec,zsáner,0.8625875115394592
kupec,ágens,1.0490061044692993
kupec,ájer,0.7880821824073792
kupec,ámen,0.777742862701416
kupec,ómen,0.8410309553146362
kábel,káder,0.9805420637130737
kábel,kódex,0.9567631483078003
kábel,kókler,0.9942240715026855
kábel,kóter,1.026976227760315
kábel,lasztex,0.8787639737129211
kábel,latex,0.8272091150283813
kábel,luesz,1.0306358337402344
kábel,lumen,0.7383899092674255
kábel,lumpen,1.0201773643493652
kábel,láger,0.9718981981277466
kábel,lóden,1.004482626914978
kábel,macesz,0.9537657499313354
kábel,macher,1.0157803297042847
kábel,majszter,1.0558072328567505
kábel,makett,0.8349417448043823
kábel,malter,0.7677109241485596
kábel,maszek,0.9657757878303528
kábel,matek,0.9509420394897461
kábel,mater,1.0898512601852417
kábel,modell,0.797468364238739
kábel,modem,0.46004384756088257
kábel,modern,0.9779338836669922
kábel,moped,0.7704126834869385
kábel,motel,0.7687782049179077
kábel,muter,0.9987139701843262
kábel,mutter,0.9242525100708008
kábel,mágnes,0.5987447500228882
kábel,nonszensz,0.9991576671600342
kábel,notesz,0.7424657344818115
kábel,okker,0.8925114870071411
kábel,omlett,0.8486022353172302
kábel,pajesz,0.9840908050537109
kábel,pakett,0.8826119899749756
kábel,pamflet,1.0317227840423584
kábel,panel,0.6690914630889893
kábel,parkett,0.783190906047821
kábel,parszek,0.8028508424758911
kábel,partner,0.8981390595436096
kábel,pasztell,0.9061962366104126
kábel,plakett,0.9672113656997681
kábel,pollen,0.8641315698623657
kábel,poszter,0.8698869943618774
kábel,prakker,0.9272522330284119
kábel,projekt,0.8364691734313965
kábel,puffer,0.6750060319900513
kábel,pátens,1.0644851922988892
kábel,páter,1.1136425733566284
kábel,póker,0.9501553773880005
kábel,púder,0.7790955901145935
kábel,raszter,0.7591477632522583
kábel,rocker,0.9888783097267151
kábel,roller,0.6809829473495483
kábel,rubel,0.9604447484016418
kábel,rulett,0.961614727973938
kábel,sakter,1.043113112449646
kábel,saller,0.898979902267456
kábel,samesz,0.9114823937416077
kábel,skanzen,0.9208040237426758
kábel,sláger,0.8864728808403015
kábel,sparherd,0.8085607886314392
kábel,srapnel,0.8851435780525208
kábel,stukker,0.9146668314933777
kábel,subler,0.9282148480415344
kábel,sumer,0.9485997557640076
kábel,suszter,0.8991888761520386
kábel,szkander,0.9976143836975098
kábel,szlogen,0.9206294417381287
kábel,szoftver,0.6900460720062256
kábel,szonett,0.9145110845565796
kábel,szovjet,1.0461403131484985
kábel,szubrett,1.0027053356170654
kábel,sábesz,0.9378509521484375
kábel,sóder,0.7343007922172546
kábel,sólet,0.9458238482475281
kábel,tandem,0.8530113697052002
kábel,token,0.7210230827331543
kábel,totem,0.9527912735939026
kábel,transzfer,0.8124757409095764
kábel,traverz,0.8167575597763062
kábel,tróger,1.0192935466766357
kábel,valcer,0.9004003405570984
kábel,vamzer,1.048004150390625
kábel,vátesz,1.0881534814834595
kábel,zsakett,0.9153925776481628
kábel,zsorzsett,1.0486299991607666
kábel,zsáner,1.0545251369476318
kábel,ágens,0.9005741477012634
kábel,ájer,0.9157018065452576
kábel,ámen,0.963517963886261
kábel,ómen,1.0134791135787964
káder,kódex,0.9262058138847351
káder,kókler,0.734027624130249
káder,kóter,1.0238255262374878
káder,lasztex,0.9317250847816467
káder,latex,0.9138849377632141
káder,luesz,0.9277511239051819
káder,lumen,0.9656019806861877
káder,lumpen,0.7988728880882263
káder,láger,0.7912018895149231
káder,lóden,0.9490797519683838
káder,macesz,0.9595252871513367
káder,macher,0.8833209872245789
káder,majszter,0.9697128534317017
káder,makett,0.9351605176925659
káder,malter,0.9260219931602478
káder,maszek,0.8034274578094482
káder,matek,0.8873668909072876
káder,mater,0.9860828518867493
káder,modell,0.8093502521514893
káder,modem,0.973211407661438
káder,modern,0.9120383262634277
káder,moped,0.9833433628082275
káder,motel,0.9593098163604736
káder,muter,0.9248246550559998
káder,mutter,0.9731149077415466
káder,mágnes,0.9133884310722351
káder,nonszensz,0.9787253737449646
káder,notesz,0.9048957824707031
káder,okker,0.8771478533744812
káder,omlett,0.9000447988510132
káder,pajesz,0.9845855832099915
káder,pakett,1.0067884922027588
káder,pamflet,0.8097951412200928
káder,panel,0.9278072714805603
káder,parkett,0.8848618865013123
káder,parszek,1.0682792663574219
káder,partner,0.7947286367416382
káder,pasztell,0.974703848361969
káder,plakett,0.9556836485862732
káder,pollen,0.9666262865066528
káder,poszter,0.9804102778434753
káder,prakker,0.961905837059021
káder,projekt,0.9990990161895752
káder,puffer,0.9924031496047974
káder,pátens,0.9696425795555115
káder,páter,0.8913578987121582
káder,póker,0.9171537160873413
káder,púder,0.8914638161659241
káder,raszter,1.0138708353042603
káder,rocker,0.7114672064781189
káder,roller,0.9745327234268188
káder,rubel,0.9404021501541138
káder,rulett,0.8918131589889526
káder,sakter,0.9311285614967346
káder,saller,0.8853799104690552
káder,samesz,0.8621463775634766
káder,skanzen,0.9590467214584351
káder,sláger,0.8419729471206665
káder,sparherd,1.0055638551712036
káder,srapnel,0.9487218260765076
káder,stukker,0.9487069845199585
káder,subler,0.9889610409736633
káder,sumer,0.9396533966064453
káder,suszter,0.6994489431381226
káder,szkander,0.9791167974472046
káder,szlogen,0.8669813871383667
káder,szoftver,0.9286025762557983
káder,szonett,0.9218642115592957
káder,szovjet,0.8406058549880981
káder,szubrett,0.8825640678405762
káder,sábesz,1.0166419744491577
káder,sóder,0.9879969954490662
káder,sólet,0.8948202729225159
káder,tandem,0.8573331236839294
káder,token,1.0373319387435913
káder,totem,0.9531031847000122
káder,transzfer,1.0585304498672485
káder,traverz,1.057820439338684
káder,tróger,0.8020989894866943
káder,valcer,0.9397246241569519
káder,vamzer,0.905868649482727
káder,vátesz,0.7887399792671204
káder,zsakett,0.8711287379264832
káder,zsorzsett,0.9396995306015015
káder,zsáner,0.9789378643035889
káder,ágens,0.7993922829627991
káder,ájer,0.9227065443992615
káder,ámen,1.0254377126693726
káder,ómen,0.781414806842804
kódex,kókler,0.9372569918632507
kódex,kóter,0.9818053841590881
kódex,lasztex,1.005907416343689
kódex,latex,0.9318497180938721
kódex,luesz,0.9965660572052002
kódex,lumen,0.9603747725486755
kódex,lumpen,1.0771325826644897
kódex,láger,0.8995199203491211
kódex,lóden,0.9558636546134949
kódex,macesz,1.0338900089263916
kódex,macher,0.9489361643791199
kódex,majszter,1.0197290182113647
kódex,makett,0.8310586214065552
kódex,malter,0.9975671172142029
kódex,maszek,1.0086708068847656
kódex,matek,1.0228389501571655
kódex,mater,0.9539700150489807
kódex,modell,0.680899441242218
kódex,modem,0.9630365967750549
kódex,modern,0.9164513945579529
kódex,moped,0.9731656908988953
kódex,motel,1.0018482208251953
kódex,muter,0.9875174760818481
kódex,mutter,0.9954872727394104
kódex,mágnes,0.9573268890380859
kódex,nonszensz,0.8813302516937256
kódex,notesz,0.8976796269416809
kódex,okker,0.9295182228088379
kódex,omlett,0.9211790561676025
kódex,pajesz,1.0184046030044556
kódex,pakett,0.9176723957061768
kódex,pamflet,0.7315784096717834
kódex,panel,0.9161767959594727
kódex,parkett,0.9785865545272827
kódex,parszek,0.9586012363433838
kódex,partner,0.9320905208587646
kódex,pasztell,0.972698986530304
kódex,plakett,0.8161258101463318
kódex,pollen,0.9644654989242554
kódex,poszter,0.8763428926467896
kódex,prakker,0.9421240091323853
kódex,projekt,0.8323654532432556
kódex,puffer,0.9483264088630676
kódex,pátens,0.7017664313316345
kódex,páter,0.9469390511512756
kódex,póker,0.9463408589363098
kódex,púder,0.9007718563079834
kódex,raszter,0.98241126537323
kódex,rocker,1.0189826488494873
kódex,roller,1.0034362077713013
kódex,rubel,0.9272602796554565
kódex,rulett,0.9615155458450317
kódex,sakter,0.8907774090766907
kódex,saller,0.9414777159690857
kódex,samesz,1.0336682796478271
kódex,skanzen,0.9271885752677917
kódex,sláger,0.8352113366127014
kódex,sparherd,0.953930139541626
kódex,srapnel,1.03619384765625
kódex,stukker,0.9765433669090271
kódex,subler,1.0149439573287964
kódex,sumer,0.8859930038452148
kódex,suszter,0.9528422951698303
kódex,szkander,1.064347505569458
kódex,szlogen,0.8515254259109497
kódex,szoftver,0.8088240623474121
kódex,szonett,0.7376547455787659
kódex,szovjet,1.1172879934310913
kódex,szubrett,1.0362000465393066
kódex,sábesz,0.942986011505127
kódex,sóder,1.0320836305618286
kódex,sólet,0.9688681960105896
kódex,tandem,0.9095523357391357
kódex,token,0.9321024417877197
kódex,totem,0.9443134665489197
kódex,transzfer,1.0074511766433716
kódex,traverz,1.080758810043335
kódex,tróger,1.05234956741333
kódex,valcer,0.952213704586029
kódex,vamzer,1.0461511611938477
kódex,vátesz,0.9562130570411682
kódex,zsakett,0.9000028967857361
kódex,zsorzsett,0.9974314570426941
kódex,zsáner,0.9407842755317688
kódex,ágens,0.8482949733734131
kódex,ájer,1.0472614765167236
kódex,ámen,0.9980573654174805
kódex,ómen,1.0240137577056885
kókler,kóter,0.9589288830757141
kókler,lasztex,1.0003597736358643
kókler,latex,0.9295111298561096
kókler,luesz,0.9110590815544128
kókler,lumen,0.9800500869750977
kókler,lumpen,0.8274914026260376
kókler,láger,0.9014917016029358
kókler,lóden,0.9684102535247803
kókler,macesz,0.9600715637207031
kókler,macher,0.8814839124679565
kókler,majszter,0.9966835379600525
kókler,makett,0.912830650806427
kókler,malter,0.8418945670127869
kókler,maszek,0.7299013137817383
kókler,matek,0.8288723826408386
kókler,mater,0.9948859214782715
kókler,modell,0.9214562773704529
kókler,modem,0.936601996421814
kókler,modern,0.8610817193984985
kókler,moped,0.928717851638794
kókler,motel,0.932453989982605
kókler,muter,0.8232386708259583
kókler,mutter,0.7514772415161133
kókler,mágnes,0.8752917647361755
kókler,nonszensz,0.8135844469070435
kókler,notesz,0.9122155904769897
kókler,okker,0.9041914939880371
kókler,omlett,0.8604124188423157
kókler,pajesz,0.8919185996055603
kókler,pakett,1.0412517786026
kókler,pamflet,0.7945470809936523
kókler,panel,1.0002466440200806
kókler,parkett,0.874396562576294
kókler,parszek,1.0543349981307983
kókler,partner,0.9357032179832458
kókler,pasztell,0.9411070346832275
kókler,plakett,0.9788491725921631
kókler,pollen,0.9357495307922363
kókler,poszter,0.9668631553649902
kókler,prakker,0.9052011966705322
kókler,projekt,1.0142852067947388
kókler,puffer,1.0296913385391235
kókler,pátens,0.9852046966552734
kókler,páter,0.8820095658302307
kókler,póker,0.8254876136779785
kókler,púder,0.8787370324134827
kókler,raszter,1.0646188259124756
kókler,rocker,0.6983530521392822
kókler,roller,0.8455852270126343
kókler,rubel,0.9566017985343933
kókler,rulett,0.8044348955154419
kókler,sakter,0.9824113249778748
kókler,saller,0.755479633808136
kókler,samesz,0.8488883972167969
kókler,skanzen,0.9282681345939636
kókler,sláger,0.8697192668914795
kókler,sparherd,0.9467437863349915
kókler,srapnel,0.8196372985839844
kókler,stukker,0.8286693692207336
kókler,subler,0.9313509464263916
kókler,sumer,0.9213153719902039
kókler,suszter,0.7305912375450134
kókler,szkander,0.9747901558876038
kókler,szlogen,0.811730682849884
kókler,szoftver,0.8981874585151672
kókler,szonett,0.8535703420639038
kókler,szovjet,1.0325710773468018
kókler,szubrett,0.9260584115982056
kókler,sábesz,0.9155286550521851
kókler,sóder,0.9064812064170837
kókler,sólet,0.8608986735343933
kókler,tandem,0.8983731269836426
kókler,token,1.0280239582061768
kókler,totem,0.8839513063430786
kókler,transzfer,1.0500367879867554
kókler,traverz,0.9495044946670532
kókler,tróger,0.5991244316101074
kókler,valcer,0.893540620803833
kókler,vamzer,0.8065280914306641
kókler,vátesz,0.718766987323761
kókler,zsakett,0.9170939922332764
kókler,zsorzsett,0.9798834323883057
kókler,zsáner,0.964090883731842
kókler,ágens,0.8656743168830872
kókler,ájer,0.863975465297699
kókler,ámen,0.927923321723938
kókler,ómen,0.8117029666900635
kóter,lasztex,0.9023623466491699
kóter,latex,0.9623854160308838
kóter,luesz,0.8516660332679749
kóter,lumen,1.0288890600204468
kóter,lumpen,1.0406399965286255
kóter,láger,0.8766351938247681
kóter,lóden,0.8928464651107788
kóter,macesz,0.908650279045105
kóter,macher,1.015937328338623
kóter,majszter,0.8596935868263245
kóter,makett,0.9221010208129883
kóter,malter,0.92779141664505
kóter,maszek,1.057593584060669
kóter,matek,0.9106296300888062
kóter,mater,0.825298547744751
kóter,modell,1.0820164680480957
kóter,modem,1.0296576023101807
kóter,modern,1.0458054542541504
kóter,moped,0.9139807820320129
kóter,motel,0.8889732360839844
kóter,muter,0.8546683192253113
kóter,mutter,0.9965023994445801
kóter,mágnes,0.9798457622528076
kóter,nonszensz,0.9838370680809021
kóter,notesz,0.8915221691131592
kóter,okker,0.8509328961372375
kóter,omlett,0.9386475682258606
kóter,pajesz,0.8408327698707581
kóter,pakett,1.025072693824768
kóter,pamflet,0.9426673054695129
kóter,panel,0.9987282156944275
kóter,parkett,0.895616352558136
kóter,parszek,0.9136310815811157
kóter,partner,1.0835260152816772
kóter,pasztell,0.897250771522522
kóter,plakett,0.8873445391654968
kóter,pollen,0.9617059826850891
kóter,poszter,0.8449202179908752
kóter,prakker,0.8497081995010376
kóter,projekt,1.0253760814666748
kóter,puffer,0.9597964286804199
kóter,pátens,0.9588977694511414
kóter,páter,0.9666897058486938
kóter,póker,0.9806049466133118
kóter,púder,0.9396129846572876
kóter,raszter,0.9494441151618958
kóter,rocker,1.0632615089416504
kóter,roller,0.8849470019340515
kóter,rubel,1.0270557403564453
kóter,rulett,0.9703698754310608
kóter,sakter,0.9694767594337463
kóter,saller,0.9253153800964355
kóter,samesz,0.8343304395675659
kóter,skanzen,0.9031637907028198
kóter,sláger,0.9899078607559204
kóter,sparherd,0.8476730585098267
kóter,srapnel,1.0182102918624878
kóter,stukker,0.8644453287124634
kóter,subler,0.9018564224243164
kóter,sumer,0.9512383341789246
kóter,suszter,0.9781826138496399
kóter,szkander,0.8537176847457886
kóter,szlogen,0.9430892467498779
kóter,szoftver,0.9810982346534729
kóter,szonett,0.9317193031311035
kóter,szovjet,1.0323522090911865
kóter,szubrett,0.9289546608924866
kóter,sábesz,0.9264533519744873
kóter,sóder,0.8664450645446777
kóter,sólet,0.9011471271514893
kóter,tandem,0.9798765778541565
kóter,token,0.8711085319519043
kóter,totem,0.8889504671096802
kóter,transzfer,0.9628564715385437
kóter,traverz,0.8287065029144287
kóter,tróger,0.9136676788330078
kóter,valcer,0.92533278465271
kóter,vamzer,0.9478607773780823
kóter,vátesz,0.9680880308151245
kóter,zsakett,0.8956204056739807
kóter,zsorzsett,0.9249203205108643
kóter,zsáner,1.009274959564209
kóter,ágens,1.0011346340179443
kóter,ájer,0.9226564168930054
kóter,ámen,0.8430086374282837
kóter,ómen,0.9711948037147522
lasztex,latex,0.72600919008255
lasztex,luesz,0.849540114402771
lasztex,lumen,0.8095438480377197
lasztex,lumpen,0.9554747343063354
lasztex,láger,0.9621659517288208
lasztex,lóden,0.8162588477134705
lasztex,macesz,0.861280083656311
lasztex,macher,0.9543519020080566
lasztex,majszter,0.9332540035247803
lasztex,makett,0.7847845554351807
lasztex,malter,0.8489737510681152
lasztex,maszek,0.9737764596939087
lasztex,matek,0.9793210029602051
lasztex,mater,0.8651981949806213
lasztex,modell,0.9084594249725342
lasztex,modem,0.9519860744476318
lasztex,modern,0.9292843341827393
lasztex,moped,0.7982076406478882
lasztex,motel,0.8829533457756042
lasztex,muter,0.8972092866897583
lasztex,mutter,0.9545846581459045
lasztex,mágnes,0.8160815834999084
lasztex,nonszensz,1.0264662504196167
lasztex,notesz,0.7736111283302307
lasztex,okker,0.7135090827941895
lasztex,omlett,0.7532612681388855
lasztex,pajesz,0.8481279611587524
lasztex,pakett,1.012350082397461
lasztex,pamflet,0.9036436676979065
lasztex,panel,0.852169930934906
lasztex,parkett,0.7885717749595642
lasztex,parszek,0.9182018041610718
lasztex,partner,0.9818941354751587
lasztex,pasztell,0.700757622718811
lasztex,plakett,0.8508871793746948
lasztex,pollen,0.9188649654388428
lasztex,poszter,0.8350131511688232
lasztex,prakker,0.9239181280136108
lasztex,projekt,1.0212279558181763
lasztex,puffer,0.8812754154205322
lasztex,pátens,0.9625855088233948
lasztex,páter,1.049045443534851
lasztex,póker,0.8328114748001099
lasztex,púder,0.7630535364151001
lasztex,raszter,0.8362309336662292
lasztex,rocker,0.8881877064704895
lasztex,roller,0.8023498058319092
lasztex,rubel,0.9804163575172424
lasztex,rulett,0.9083790183067322
lasztex,sakter,0.9482295513153076
lasztex,saller,0.90562504529953
lasztex,samesz,0.9107455611228943
lasztex,skanzen,0.9104300737380981
lasztex,sláger,0.8875486850738525
lasztex,sparherd,0.850948691368103
lasztex,srapnel,0.9078984260559082
lasztex,stukker,0.9331886172294617
lasztex,subler,0.902977466583252
lasztex,sumer,0.9295098185539246
lasztex,suszter,0.895550012588501
lasztex,szkander,0.9079676866531372
lasztex,szlogen,0.9496462345123291
lasztex,szoftver,1.0068302154541016
lasztex,szonett,0.9536736607551575
lasztex,szovjet,0.9818227887153625
lasztex,szubrett,0.7887200713157654
lasztex,sábesz,1.0626410245895386
lasztex,sóder,0.8340563178062439
lasztex,sólet,0.9229732155799866
lasztex,tandem,0.8644716143608093
lasztex,token,0.8617802858352661
lasztex,totem,0.8263646364212036
lasztex,transzfer,0.945877194404602
lasztex,traverz,0.860916793346405
lasztex,tróger,0.9291527271270752
lasztex,valcer,0.8664600849151611
lasztex,vamzer,1.0106879472732544
lasztex,vátesz,1.005601167678833
lasztex,zsakett,0.7265913486480713
lasztex,zsorzsett,0.8329989910125732
lasztex,zsáner,0.8368584513664246
lasztex,ágens,1.019122838973999
lasztex,ájer,0.8190569877624512
lasztex,ámen,0.9310435652732849
lasztex,ómen,1.0157185792922974
latex,luesz,0.8312621712684631
latex,lumen,0.7693031430244446
latex,lumpen,0.8574398756027222
latex,láger,0.9519320726394653
latex,lóden,0.8618983626365662
latex,macesz,0.7274097204208374
latex,macher,0.9070662260055542
latex,majszter,1.0010813474655151
latex,makett,0.7518195509910583
latex,malter,0.7033431529998779
latex,maszek,0.9618363380432129
latex,matek,1.0000245571136475
latex,mater,0.8375510573387146
latex,modell,0.8500934839248657
latex,modem,0.8681409955024719
latex,modern,0.9025761485099792
latex,moped,0.7926608324050903
latex,motel,0.8715735077857971
latex,muter,0.8685415387153625
latex,mutter,0.8574491143226624
latex,mágnes,0.7085580229759216
latex,nonszensz,1.0599737167358398
latex,notesz,0.7944319248199463
latex,okker,0.5975475907325745
latex,omlett,0.6395303606987
latex,pajesz,0.7858920693397522
latex,pakett,0.969782829284668
latex,pamflet,0.906328558921814
latex,panel,0.8619073629379272
latex,parkett,0.8154698610305786
latex,parszek,0.8996534943580627
latex,partner,0.8847465515136719
latex,pasztell,0.5918048620223999
latex,plakett,0.7102946043014526
latex,pollen,0.6841586828231812
latex,poszter,0.8107240796089172
latex,prakker,0.8820047974586487
latex,projekt,0.9712275266647339
latex,puffer,0.730659008026123
latex,pátens,0.957351565361023
latex,páter,1.0730295181274414
latex,póker,0.8218204379081726
latex,púder,0.5490868091583252
latex,raszter,0.7798177003860474
latex,rocker,0.8176213502883911
latex,roller,0.7104389071464539
latex,rubel,0.9802587628364563
latex,rulett,0.9242532849311829
latex,sakter,0.9246100783348083
latex,saller,0.9091173410415649
latex,samesz,0.8888925909996033
latex,skanzen,0.9682276844978333
latex,sláger,0.8344289064407349
latex,sparherd,0.7588580846786499
latex,srapnel,0.7572087049484253
latex,stukker,0.9968194961547852
latex,subler,0.8333944082260132
latex,sumer,0.9568843841552734
latex,suszter,0.8627532720565796
latex,szkander,0.9209790229797363
latex,szlogen,0.9253002405166626
latex,szoftver,0.8705359697341919
latex,szonett,0.8801884055137634
latex,szovjet,1.0449200868606567
latex,szubrett,0.797114372253418
latex,sábesz,0.8536378145217896
latex,sóder,0.6483756303787231
latex,sólet,0.715720534324646
latex,tandem,0.889553427696228
latex,token,0.8469810485839844
latex,totem,0.7413530945777893
latex,transzfer,0.9021027088165283
latex,traverz,0.9034777283668518
latex,tróger,0.9255563020706177
latex,valcer,0.8839830756187439
latex,vamzer,0.9791175723075867
latex,vátesz,1.0230934619903564
latex,zsakett,0.7032849788665771
latex,zsorzsett,0.701319694519043
latex,zsáner,0.8267027139663696
latex,ágens,0.9283217787742615
latex,ájer,0.8153811693191528
latex,ámen,0.9905703067779541
latex,ómen,1.030264139175415
luesz,lumen,0.9674533009529114
luesz,lumpen,0.9582418203353882
luesz,láger,0.8686229586601257
luesz,lóden,0.7916791439056396
luesz,macesz,0.9460486173629761
luesz,macher,1.0237104892730713
luesz,majszter,1.0552340745925903
luesz,makett,1.0061510801315308
luesz,malter,0.9068505764007568
luesz,maszek,1.0713924169540405
luesz,matek,1.0201166868209839
luesz,mater,0.9475842714309692
luesz,modell,0.9083583354949951
luesz,modem,0.9555845260620117
luesz,modern,0.8947575092315674
luesz,moped,0.8034636378288269
luesz,motel,0.9337665438652039
luesz,muter,0.7971916794776917
luesz,mutter,0.9048706889152527
luesz,mágnes,0.9418736696243286
luesz,nonszensz,1.0372023582458496
luesz,notesz,0.939330518245697
luesz,okker,0.8073469400405884
luesz,omlett,0.8928483128547668
luesz,pajesz,0.8855712413787842
luesz,pakett,1.0092716217041016
luesz,pamflet,0.9171178340911865
luesz,panel,0.9604209661483765
luesz,parkett,0.9904285669326782
luesz,parszek,0.869475245475769
luesz,partner,1.0066866874694824
luesz,pasztell,0.9032078981399536
luesz,plakett,0.9429396986961365
luesz,pollen,0.7307204008102417
luesz,poszter,0.9515047669410706
luesz,prakker,0.8969069123268127
luesz,projekt,0.9707880020141602
luesz,puffer,0.9223365187644958
luesz,pátens,0.9019956588745117
luesz,páter,0.874316394329071
luesz,póker,0.9265592694282532
luesz,púder,0.9532431960105896
luesz,raszter,0.9182257652282715
luesz,rocker,0.9025932550430298
luesz,roller,0.851361095905304
luesz,rubel,0.986108124256134
luesz,rulett,0.8859273195266724
luesz,sakter,0.8258313536643982
luesz,saller,0.977794885635376
luesz,samesz,0.8879659175872803
luesz,skanzen,1.0108524560928345
luesz,sláger,0.9255307912826538
luesz,sparherd,0.886797308921814
luesz,srapnel,0.8637556433677673
luesz,stukker,0.9604799151420593
luesz,subler,0.7285419702529907
luesz,sumer,0.820325493812561
luesz,suszter,1.0156023502349854
luesz,szkander,0.9348455667495728
luesz,szlogen,0.9633660316467285
luesz,szoftver,0.9794135689735413
luesz,szonett,0.9360957741737366
luesz,szovjet,0.934528112411499
luesz,szubrett,0.8380799293518066
luesz,sábesz,0.9161043167114258
luesz,sóder,0.9088696837425232
luesz,sólet,0.8940601348876953
luesz,tandem,0.9055028557777405
luesz,token,0.9077839255332947
luesz,totem,0.8540499210357666
luesz,transzfer,0.9269632697105408
luesz,traverz,0.9377949833869934
luesz,tróger,1.0235998630523682
luesz,valcer,0.9452323317527771
luesz,vamzer,0.8770565390586853
luesz,vátesz,0.9495788216590881
luesz,zsakett,0.7822970747947693
luesz,zsorzsett,0.7890211343765259
luesz,zsáner,0.8695152997970581
luesz,ágens,0.8075804710388184
luesz,ájer,0.9316236972808838
luesz,ámen,0.9729005098342896
luesz,ómen,0.9147312045097351
lumen,lumpen,0.9883096218109131
lumen,láger,1.0635982751846313
lumen,lóden,0.9230124354362488
lumen,macesz,0.8344812393188477
lumen,macher,0.8953877687454224
lumen,majszter,1.109957218170166
lumen,makett,0.7243814468383789
lumen,malter,0.9174817204475403
lumen,maszek,1.014295220375061
lumen,matek,0.9160333871841431
lumen,mater,0.871107280254364
lumen,modell,0.7985332012176514
lumen,modem,0.6616322994232178
lumen,modern,0.9248666763305664
lumen,moped,0.8291792869567871
lumen,motel,0.8758792877197266
lumen,muter,1.0209720134735107
lumen,mutter,0.9730814099311829
lumen,mágnes,0.6569681763648987
lumen,nonszensz,0.9829042553901672
lumen,notesz,0.782652735710144
lumen,okker,0.7570571899414062
lumen,omlett,0.776587724685669
lumen,pajesz,0.9644594788551331
lumen,pakett,0.9075189232826233
lumen,pamflet,1.0068678855895996
lumen,panel,0.7086586952209473
lumen,parkett,0.8566414713859558
lumen,parszek,0.49565333127975464
lumen,partner,0.9933798909187317
lumen,pasztell,0.7602157592773438
lumen,plakett,0.8383194208145142
lumen,pollen,0.717381477355957
lumen,poszter,0.7872731685638428
lumen,prakker,0.9094024300575256
lumen,projekt,0.8942625522613525
lumen,puffer,0.6514548063278198
lumen,pátens,1.0075316429138184
lumen,páter,1.0927023887634277
lumen,póker,0.8961887955665588
lumen,púder,0.7066621780395508
lumen,raszter,0.6519670486450195
lumen,rocker,0.9494808316230774
lumen,roller,0.7138406038284302
lumen,rubel,0.729412317276001
lumen,rulett,0.9464325308799744
lumen,sakter,1.0122833251953125
lumen,saller,0.8771225214004517
lumen,samesz,0.94473797082901
lumen,skanzen,0.9118794202804565
lumen,sláger,0.8984818458557129
lumen,sparherd,0.8609258532524109
lumen,srapnel,0.8872581124305725
lumen,stukker,1.0220273733139038
lumen,subler,0.8893458843231201
lumen,sumer,0.8786891102790833
lumen,suszter,0.9858582019805908
lumen,szkander,0.9573798775672913
lumen,szlogen,0.9580074548721313
lumen,szoftver,0.8400582671165466
lumen,szonett,0.8006819486618042
lumen,szovjet,1.0495412349700928
lumen,szubrett,0.9490010738372803
lumen,sábesz,0.8970084190368652
lumen,sóder,0.7928473353385925
lumen,sólet,0.888190507888794
lumen,tandem,0.7547317743301392
lumen,token,0.6655336618423462
lumen,totem,0.8196403384208679
lumen,transzfer,0.8010373115539551
lumen,traverz,0.8589385151863098
lumen,tróger,0.9550750255584717
lumen,valcer,0.8591774106025696
lumen,vamzer,1.0671329498291016
lumen,vátesz,1.0206060409545898
lumen,zsakett,0.8598756194114685
lumen,zsorzsett,0.9665671586990356
lumen,zsáner,1.0110539197921753
lumen,ágens,0.8648803234100342
lumen,ájer,0.9215604066848755
lumen,ámen,0.8939650058746338
lumen,ómen,1.0191528797149658
lumpen,láger,0.9198238253593445
lumpen,lóden,0.9858863949775696
lumpen,macesz,0.8376489877700806
lumpen,macher,0.9791945219039917
lumpen,majszter,0.9770419001579285
lumpen,makett,1.0414828062057495
lumpen,malter,0.968543529510498
lumpen,maszek,0.7433496713638306
lumpen,matek,0.953575611114502
lumpen,mater,0.9967979788780212
lumpen,modell,1.0596070289611816
lumpen,modem,0.9910587072372437
lumpen,modern,0.8081232905387878
lumpen,moped,1.0014318227767944
lumpen,motel,0.9781301021575928
lumpen,muter,0.8944586515426636
lumpen,mutter,0.9319697022438049
lumpen,mágnes,0.966860294342041
lumpen,nonszensz,0.9254797697067261
lumpen,notesz,0.9478834867477417
lumpen,okker,0.8917698860168457
lumpen,omlett,0.9362120032310486
lumpen,pajesz,0.9269484281539917
lumpen,pakett,1.0386912822723389
lumpen,pamflet,0.9307329654693604
lumpen,panel,0.9086809754371643
lumpen,parkett,0.9539905190467834
lumpen,parszek,1.1166222095489502
lumpen,partner,1.042852520942688
lumpen,pasztell,0.9254856109619141
lumpen,plakett,1.0492527484893799
lumpen,pollen,0.9811431765556335
lumpen,poszter,1.1165461540222168
lumpen,prakker,1.0232352018356323
lumpen,projekt,1.1182760000228882
lumpen,puffer,0.961564838886261
lumpen,pátens,1.048708200454712
lumpen,páter,1.0007684230804443
lumpen,póker,0.950273871421814
lumpen,púder,0.8908731341362
lumpen,raszter,1.0378941297531128
lumpen,rocker,0.7888202667236328
lumpen,roller,0.9448978900909424
lumpen,rubel,1.0588486194610596
lumpen,rulett,1.0326943397521973
lumpen,sakter,0.9429743885993958
lumpen,saller,0.9355568885803223
lumpen,samesz,0.8586981892585754
lumpen,skanzen,0.986351728439331
lumpen,sláger,0.9463630318641663
lumpen,sparherd,0.9721153974533081
lumpen,srapnel,0.9144792556762695
lumpen,stukker,0.9563134908676147
lumpen,subler,0.9288470149040222
lumpen,sumer,0.8809094429016113
lumpen,suszter,0.8346124291419983
lumpen,szkander,1.0440727472305298
lumpen,szlogen,0.958795964717865
lumpen,szoftver,1.047310471534729
lumpen,szonett,1.0172594785690308
lumpen,szovjet,0.9255893230438232
lumpen,szubrett,0.896699070930481
lumpen,sábesz,1.0641740560531616
lumpen,sóder,0.9437023401260376
lumpen,sólet,0.8689555525779724
lumpen,tandem,0.9851287603378296
lumpen,token,1.0219242572784424
lumpen,totem,0.8884063959121704
lumpen,transzfer,1.0340694189071655
lumpen,traverz,1.038584589958191
lumpen,tróger,0.8271244764328003
lumpen,valcer,0.9810113906860352
lumpen,vamzer,0.8705295324325562
lumpen,vátesz,0.9114452004432678
lumpen,zsakett,0.927137017250061
lumpen,zsorzsett,0.9396542310714722
lumpen,zsáner,0.9149736166000366
lumpen,ágens,0.971817135810852
lumpen,ájer,0.9051245450973511
lumpen,ámen,1.0166906118392944
lumpen,ómen,0.9819475412368774
láger,lóden,0.8385263681411743
láger,macesz,0.9312320351600647
láger,macher,0.9631537199020386
láger,majszter,1.0231515169143677
láger,makett,0.8075363039970398
láger,malter,0.9261071085929871
láger,maszek,0.8828875422477722
láger,matek,0.9652677774429321
láger,mater,0.9335622787475586
láger,modell,0.903009831905365
láger,modem,0.9973371624946594
láger,modern,0.9477941393852234
láger,moped,0.807774543762207
láger,motel,0.7114008665084839
láger,muter,0.833836019039154
láger,mutter,0.8141016364097595
láger,mágnes,0.8503285646438599
láger,nonszensz,0.9973463416099548
láger,notesz,0.9728003144264221
láger,okker,0.8991035223007202
láger,omlett,0.8868984580039978
láger,pajesz,0.975663423538208
láger,pakett,1.0261716842651367
láger,pamflet,0.8580999374389648
láger,panel,0.9358818531036377
láger,parkett,0.7716638445854187
láger,parszek,0.9182019233703613
láger,partner,0.9812307357788086
láger,pasztell,0.9611414074897766
láger,plakett,0.9265437722206116
láger,pollen,0.9071640968322754
láger,poszter,1.0001044273376465
láger,prakker,0.8703270554542542
láger,projekt,0.9381784796714783
láger,puffer,1.0047446489334106
láger,pátens,0.7691041827201843
láger,páter,0.7717663645744324
láger,póker,0.95232754945755
láger,púder,0.997236967086792
láger,raszter,1.0568890571594238
láger,rocker,0.8556274771690369
láger,roller,0.9273879528045654
láger,rubel,0.9536997079849243
láger,rulett,0.8449068069458008
láger,sakter,0.8446926474571228
láger,saller,0.8381544947624207
láger,samesz,0.8410379886627197
láger,skanzen,0.7084579467773438
láger,sláger,0.9187341332435608
láger,sparherd,0.8610644936561584
láger,srapnel,0.8334184288978577
láger,stukker,0.8711318969726562
láger,subler,0.978547215461731
láger,sumer,0.9406724572181702
láger,suszter,0.74759840965271
láger,szkander,0.9545400738716125
láger,szlogen,0.9426559209823608
láger,szoftver,1.0476927757263184
láger,szonett,0.8891072869300842
láger,szovjet,0.6904842853546143
láger,szubrett,0.8958178758621216
láger,sábesz,0.898159384727478
láger,sóder,0.8856391906738281
láger,sólet,0.848116397857666
láger,tandem,0.8573418259620667
láger,token,1.042962670326233
láger,totem,0.8068690299987793
láger,transzfer,1.021384358406067
láger,traverz,0.9188621640205383
láger,tróger,0.8026061654090881
láger,valcer,0.815612256526947
láger,vamzer,0.8595311641693115
láger,vátesz,0.9169096946716309
láger,zsakett,0.866306483745575
láger,zsorzsett,0.9507316946983337
láger,zsáner,0.9600058197975159
láger,ágens,0.905921459197998
láger,ájer,0.921991765499115
láger,ámen,0.9610492587089539
láger,ómen,0.9384436011314392
lóden,macesz,0.8114280700683594
lóden,macher,1.0222835540771484
lóden,majszter,0.962469756603241
lóden,makett,0.8770819902420044
lóden,malter,0.9358803033828735
lóden,maszek,1.0019713640213013
lóden,matek,0.9173519611358643
lóden,mater,0.8460734486579895
lóden,modell,0.9824622273445129
lóden,modem,0.9975765347480774
lóden,modern,0.9510957598686218
lóden,moped,0.8061649799346924
lóden,motel,0.9121050834655762
lóden,muter,0.7810160517692566
lóden,mutter,0.9237490892410278
lóden,mágnes,1.0189214944839478
lóden,nonszensz,1.056390643119812
lóden,notesz,0.8596127033233643
lóden,okker,0.6798121333122253
lóden,omlett,0.7820801734924316
lóden,pajesz,0.7110949754714966
lóden,pakett,1.0160350799560547
lóden,pamflet,0.8988341689109802
lóden,panel,0.9593515396118164
lóden,parkett,0.8775142431259155
lóden,parszek,0.8587528467178345
lóden,partner,1.0431270599365234
lóden,pasztell,0.7819616198539734
lóden,plakett,0.7955631613731384
lóden,pollen,0.9862094521522522
lóden,poszter,0.9370821714401245
lóden,prakker,0.8494613170623779
lóden,projekt,1.0315040349960327
lóden,puffer,1.0713846683502197
lóden,pátens,0.912880539894104
lóden,páter,0.8798420429229736
lóden,póker,0.9211298823356628
lóden,púder,0.8528040647506714
lóden,raszter,1.042159914970398
lóden,rocker,0.8749803304672241
lóden,roller,0.8045166730880737
lóden,rubel,0.9876545667648315
lóden,rulett,0.9288908839225769
lóden,sakter,0.8414677381515503
lóden,saller,0.9098641872406006
lóden,samesz,0.8756260871887207
lóden,skanzen,0.8247677683830261
lóden,sláger,0.8751238584518433
lóden,sparherd,0.7094438672065735
lóden,srapnel,0.8519136309623718
lóden,stukker,0.8487104773521423
lóden,subler,0.7868595123291016
lóden,sumer,0.9987168312072754
lóden,suszter,0.8542520403862
lóden,szkander,0.8539389967918396
lóden,szlogen,0.9178690314292908
lóden,szoftver,1.0782400369644165
lóden,szonett,0.8334801197052002
lóden,szovjet,0.9453328251838684
lóden,szubrett,0.7766482830047607
lóden,sábesz,0.8577718138694763
lóden,sóder,0.8851096630096436
lóden,sólet,0.8185062408447266
lóden,tandem,0.9234954714775085
lóden,token,0.9647364020347595
lóden,totem,0.8456869125366211
lóden,transzfer,1.0031782388687134
lóden,traverz,0.8223937749862671
lóden,tróger,0.9126935601234436
lóden,valcer,0.7676992416381836
lóden,vamzer,0.9516286849975586
lóden,vátesz,0.8895583152770996
lóden,zsakett,0.663381814956665
lóden,zsorzsett,0.7586444020271301
lóden,zsáner,0.8229424953460693
lóden,ágens,1.0829750299453735
lóden,ájer,0.847806453704834
lóden,ámen,0.9174765348434448
lóden,ómen,0.9247603416442871
macesz,macher,0.891880214214325
macesz,majszter,0.8664541244506836
macesz,makett,0.8223901987075806
macesz,malter,0.7631045579910278
macesz,maszek,0.9033181667327881
macesz,matek,0.8786519765853882
macesz,mater,0.8354021310806274
macesz,modell,1.0964150428771973
macesz,modem,0.9933668971061707
macesz,modern,0.9888403415679932
macesz,moped,0.8576264977455139
macesz,motel,0.9078437089920044
macesz,muter,0.8281410336494446
macesz,mutter,0.8098601698875427
macesz,mágnes,0.8412374258041382
macesz,nonszensz,1.13955557346344
macesz,notesz,0.7374297380447388
macesz,okker,0.7098580598831177
macesz,omlett,0.5752410888671875
macesz,pajesz,0.8075390458106995
macesz,pakett,0.9396646618843079
macesz,pamflet,0.9278824925422668
macesz,panel,0.9292014837265015
macesz,parkett,0.8059734106063843
macesz,parszek,0.8729956746101379
macesz,partner,1.1046053171157837
macesz,pasztell,0.7268842458724976
macesz,plakett,0.8269834518432617
macesz,pollen,0.7588037848472595
macesz,poszter,0.827425479888916
macesz,prakker,0.8347336053848267
macesz,projekt,1.1373332738876343
macesz,puffer,0.9087626338005066
macesz,pátens,0.9592440128326416
macesz,páter,0.8970144391059875
macesz,póker,0.915774405002594
macesz,púder,0.6794527173042297
macesz,raszter,0.946799635887146
macesz,rocker,0.8795651197433472
macesz,roller,0.8176990747451782
macesz,rubel,0.936089038848877
macesz,rulett,0.9060500264167786
macesz,sakter,0.8261797428131104
macesz,saller,0.8278687000274658
macesz,samesz,0.7841103672981262
macesz,skanzen,0.8631893992424011
macesz,sláger,0.7931203842163086
macesz,sparherd,0.6581616401672363
macesz,srapnel,0.8372960090637207
macesz,stukker,0.8984148502349854
macesz,subler,0.9150081872940063
macesz,sumer,0.9485614895820618
macesz,suszter,0.7347538471221924
macesz,szkander,0.9073953628540039
macesz,szlogen,0.9402259588241577
macesz,szoftver,1.0538105964660645
macesz,szonett,0.8739427328109741
macesz,szovjet,0.9859249591827393
macesz,szubrett,0.8384683132171631
macesz,sábesz,0.8962370753288269
macesz,sóder,0.6771232485771179
macesz,sólet,0.5580123662948608
macesz,tandem,0.953999936580658
macesz,token,0.917952835559845
macesz,totem,0.7375443577766418
macesz,transzfer,1.028761863708496
macesz,traverz,0.8347443342208862
macesz,tróger,0.8340840339660645
macesz,valcer,0.751928985118866
macesz,vamzer,0.858467161655426
macesz,vátesz,0.9387544989585876
macesz,zsakett,0.7155426144599915
macesz,zsorzsett,0.8202592134475708
macesz,zsáner,0.8914119005203247
macesz,ágens,1.042751669883728
macesz,ájer,0.8469277024269104
macesz,ámen,0.8855984807014465
macesz,ómen,1.008643388748169
macher,majszter,0.9795888066291809
macher,makett,0.9931677579879761
macher,malter,1.006574034690857
macher,maszek,1.02015221118927
macher,matek,0.9419298768043518
macher,mater,0.9465228915214539
macher,modell,0.9287229180335999
macher,modem,0.9830369353294373
macher,modern,0.9271517992019653
macher,moped,0.9398795962333679
macher,motel,1.0108740329742432
macher,muter,0.940456748008728
macher,mutter,0.9085456132888794
macher,mágnes,0.9121167659759521
macher,nonszensz,1.0087319612503052
macher,notesz,0.9016485810279846
macher,okker,0.9184619188308716
macher,omlett,0.8690432906150818
macher,pajesz,1.0059562921524048
macher,pakett,0.9796139597892761
macher,pamflet,0.8587794303894043
macher,panel,1.0005360841751099
macher,parkett,0.9350747466087341
macher,parszek,0.9558775424957275
macher,partner,0.9501515030860901
macher,pasztell,0.9068269729614258
macher,plakett,0.9125520586967468
macher,pollen,0.8951826691627502
macher,poszter,0.9446375966072083
macher,prakker,1.0063217878341675
macher,projekt,1.0274007320404053
macher,puffer,0.9407621622085571
macher,pátens,0.9476770162582397
macher,páter,0.9325853586196899
macher,póker,0.9006584286689758
macher,púder,0.8211181163787842
macher,raszter,1.006173014640808
macher,rocker,0.8532669544219971
macher,roller,0.9288447499275208
macher,rubel,0.9160842895507812
macher,rulett,0.8667038083076477
macher,sakter,1.0417646169662476
macher,saller,0.8467673063278198
macher,samesz,0.9463078379631042
macher,skanzen,1.0395445823669434
macher,sláger,0.8850762844085693
macher,sparherd,0.9635457396507263
macher,srapnel,0.9097145795822144
macher,stukker,0.9198062419891357
macher,subler,0.9493619799613953
macher,sumer,0.9658812284469604
macher,suszter,0.9657140970230103
macher,szkander,0.9486190676689148
macher,szlogen,1.0270371437072754
macher,szoftver,0.9392807483673096
macher,szonett,0.9226832389831543
macher,szovjet,0.951980710029602
macher,szubrett,0.977761447429657
macher,sábesz,0.9335901737213135
macher,sóder,0.8961479067802429
macher,sólet,0.8865664601325989
macher,tandem,0.9373276233673096
macher,token,0.9857349395751953
macher,totem,0.9172347784042358
macher,transzfer,0.938120424747467
macher,traverz,0.9441534876823425
macher,tróger,0.9181267023086548
macher,valcer,0.8804553747177124
macher,vamzer,0.8989067673683167
macher,vátesz,1.00691556930542
macher,zsakett,0.9214890003204346
macher,zsorzsett,0.9217348098754883
macher,zsáner,1.0043435096740723
macher,ágens,0.9653742909431458
macher,ájer,0.9539881348609924
macher,ámen,0.9858635067939758
macher,ómen,0.9844253063201904
majszter,makett,1.0640239715576172
majszter,malter,0.9489467740058899
majszter,maszek,0.9401434063911438
majszter,matek,0.990484356880188
majszter,mater,0.9366080164909363
majszter,modell,1.10791015625
majszter,modem,1.0564526319503784
majszter,modern,1.0711684226989746
majszter,moped,1.0140867233276367
majszter,motel,1.0058640241622925
majszter,muter,0.8627934455871582
majszter,mutter,0.9055778384208679
majszter,mágnes,1.0464975833892822
majszter,nonszensz,1.0369319915771484
majszter,notesz,0.9876744747161865
majszter,okker,0.9614176750183105
majszter,omlett,0.9168486595153809
majszter,pajesz,0.900128960609436
majszter,pakett,1.0246648788452148
majszter,pamflet,0.9689446687698364
majszter,panel,1.0916721820831299
majszter,parkett,0.9713064432144165
majszter,parszek,1.017753005027771
majszter,partner,1.013778805732727
majszter,pasztell,1.0069966316223145
majszter,plakett,0.9723449349403381
majszter,pollen,1.0631271600723267
majszter,poszter,1.030012845993042
majszter,prakker,0.9654834270477295
majszter,projekt,1.1234945058822632
majszter,puffer,1.0564947128295898
majszter,pátens,0.9552324414253235
majszter,páter,0.91981041431427
majszter,póker,1.0021836757659912
majszter,púder,0.9341581463813782
majszter,raszter,1.0412402153015137
majszter,rocker,0.9693800806999207
majszter,roller,1.019196629524231
majszter,rubel,0.9878717660903931
majszter,rulett,0.991023600101471
majszter,sakter,0.9616293907165527
majszter,saller,0.9104623794555664
majszter,samesz,0.8383095860481262
majszter,skanzen,0.9926440715789795
majszter,sláger,0.9576573967933655
majszter,sparherd,0.9359262585639954
majszter,srapnel,0.9871701002120972
majszter,stukker,0.8690786361694336
majszter,subler,0.9457578659057617
majszter,sumer,0.9869278073310852
majszter,suszter,0.8563328385353088
majszter,szkander,1.0369538068771362
majszter,szlogen,0.9476380944252014
majszter,szoftver,1.0389612913131714
majszter,szonett,0.9917853474617004
majszter,szovjet,1.0530754327774048
majszter,szubrett,0.9569030404090881
majszter,sábesz,0.9789390563964844
majszter,sóder,0.9094815254211426
majszter,sólet,0.9096950888633728
majszter,tandem,1.0699964761734009
majszter,token,1.0122554302215576
majszter,totem,0.9801636338233948
majszter,transzfer,1.0973061323165894
majszter,traverz,0.9822694063186646
majszter,tróger,0.9005941152572632
majszter,valcer,0.9385349154472351
majszter,vamzer,0.8867501616477966
majszter,vátesz,0.9507235884666443
majszter,zsakett,0.9192591905593872
majszter,zsorzsett,0.9357131719589233
majszter,zsáner,1.0128532648086548
majszter,ágens,1.002364158630371
majszter,ájer,0.9498107433319092
majszter,ámen,0.8864545226097107
majszter,ómen,0.9483091235160828
makett,malter,0.8111920356750488
makett,maszek,0.898112416267395
makett,matek,0.8909909725189209
makett,mater,0.9467038512229919
makett,modell,0.6465131044387817
makett,modem,0.8549917340278625
makett,modern,0.8467553853988647
makett,moped,0.7601986527442932
makett,motel,0.7625806927680969
makett,muter,1.0186227560043335
makett,mutter,0.9141316413879395
makett,mágnes,0.7408742904663086
makett,nonszensz,1.0552594661712646
makett,notesz,0.6762642860412598
makett,okker,0.7501043081283569
makett,omlett,0.7412683367729187
makett,pajesz,0.9651251435279846
makett,pakett,0.9761996269226074
makett,pamflet,0.8960040211677551
makett,panel,0.6986302137374878
makett,parkett,0.697784423828125
makett,parszek,0.8514987826347351
makett,partner,0.9904128313064575
makett,pasztell,0.6170365810394287
makett,plakett,0.7138352394104004
makett,pollen,0.9173110723495483
makett,poszter,0.5687412023544312
makett,prakker,0.8976892232894897
makett,projekt,0.73615562915802
makett,puffer,0.8903376460075378
makett,pátens,0.9041479825973511
makett,páter,1.0342462062835693
makett,póker,0.8370674848556519
makett,púder,0.7643249034881592
makett,raszter,0.7088439464569092
makett,rocker,0.8887875080108643
makett,roller,0.7209128141403198
makett,rubel,1.001957893371582
makett,rulett,0.8555217981338501
makett,sakter,0.9336548447608948
makett,saller,0.8593976497650146
makett,samesz,0.9555018544197083
makett,skanzen,0.6141363382339478
makett,sláger,0.8012553453445435
makett,sparherd,0.7699531316757202
makett,srapnel,0.8524283170700073
makett,stukker,0.9299398064613342
makett,subler,0.9135103821754456
makett,sumer,0.9381458163261414
makett,suszter,0.8528257012367249
makett,szkander,0.915766179561615
makett,szlogen,0.8907822370529175
makett,szoftver,0.7438676357269287
makett,szonett,0.7375299334526062
makett,szovjet,0.9421517848968506
makett,szubrett,0.8696795701980591
makett,sábesz,1.0198371410369873
makett,sóder,0.7948561310768127
makett,sólet,0.786728024482727
makett,tandem,0.7351402640342712
makett,token,0.8252491354942322
makett,totem,0.806560754776001
makett,transzfer,0.8452103734016418
makett,traverz,0.9304167628288269
makett,tróger,0.8989244699478149
makett,valcer,0.7867900133132935
makett,vamzer,1.018561840057373
makett,vátesz,1.033237338066101
makett,zsakett,0.7827531099319458
makett,zsorzsett,0.9020852446556091
makett,zsáner,0.7284159064292908
makett,ágens,0.9122298359870911
makett,ájer,0.9573966264724731
makett,ámen,1.0812132358551025
makett,ómen,1.016945719718933
malter,maszek,0.9175165295600891
malter,matek,0.9116332530975342
malter,mater,0.9118561744689941
malter,modell,1.0266952514648438
malter,modem,0.8755760788917542
malter,modern,0.9426072239875793
malter,moped,0.8572293519973755
malter,motel,0.9149564504623413
malter,muter,0.7945989370346069
malter,mutter,0.8002486824989319
malter,mágnes,0.7108641862869263
malter,nonszensz,1.008916974067688
malter,notesz,0.837937593460083
malter,okker,0.7310200929641724
malter,omlett,0.7344371676445007
malter,pajesz,0.7971018552780151
malter,pakett,0.9992418885231018
malter,pamflet,1.0350066423416138
malter,panel,0.8707190752029419
malter,parkett,0.7304835915565491
malter,parszek,0.9729356169700623
malter,partner,1.0167720317840576
malter,pasztell,0.7363588809967041
malter,plakett,0.8694363832473755
malter,pollen,0.7486740350723267
malter,poszter,0.901893675327301
malter,prakker,0.793503999710083
malter,projekt,1.063353419303894
malter,puffer,0.8800365328788757
malter,pátens,0.9658588767051697
malter,páter,0.9984290599822998
malter,póker,0.9471220970153809
malter,púder,0.670610785484314
malter,raszter,0.9058612585067749
malter,rocker,0.9593499898910522
malter,roller,0.8158595561981201
malter,rubel,0.9997752904891968
malter,rulett,0.9017576575279236
malter,sakter,0.9578061103820801
malter,saller,0.8755254745483398
malter,samesz,0.8741801977157593
malter,skanzen,0.921390950679779
malter,sláger,0.8831042647361755
malter,sparherd,0.7101945877075195
malter,srapnel,0.7444860935211182
malter,stukker,0.8325657248497009
malter,subler,1.0066146850585938
malter,sumer,0.9154617786407471
malter,suszter,0.7624525427818298
malter,szkander,0.9719891548156738
malter,szlogen,0.8759989738464355
malter,szoftver,1.0044026374816895
malter,szonett,0.8999711871147156
malter,szovjet,1.0266456604003906
malter,szubrett,0.910422146320343
malter,sábesz,0.9376104474067688
malter,sóder,0.5590624809265137
malter,sólet,0.7074136137962341
malter,tandem,0.8943839073181152
malter,token,0.9625966548919678
malter,totem,0.8300337195396423
malter,transzfer,0.9904829263687134
malter,traverz,0.8331413269042969
malter,tróger,0.8403326869010925
malter,valcer,0.8494625091552734
malter,vamzer,0.9097621440887451
malter,vátesz,0.925494909286499
malter,zsakett,0.7950700521469116
malter,zsorzsett,0.7655611038208008
malter,zsáner,0.9568183422088623
malter,ágens,1.0549752712249756
malter,ájer,0.7622150778770447
malter,ámen,0.802238404750824
malter,ómen,0.9383712410926819
maszek,matek,0.8168795108795166
maszek,mater,1.0201245546340942
maszek,modell,0.975645899772644
maszek,modem,0.9107248187065125
maszek,modern,0.9650543332099915
maszek,moped,0.9097344279289246
maszek,motel,0.7251886129379272
maszek,muter,0.8277115821838379
maszek,mutter,0.8128081560134888
maszek,mágnes,1.0403529405593872
maszek,nonszensz,0.9676382541656494
maszek,notesz,0.8642485737800598
maszek,okker,0.9940001964569092
maszek,omlett,0.906714677810669
maszek,pajesz,0.968039333820343
maszek,pakett,0.9020605087280273
maszek,pamflet,1.0624346733093262
maszek,panel,0.9419706463813782
maszek,parkett,0.8177441358566284
maszek,parszek,1.1203073263168335
maszek,partner,0.9355548620223999
maszek,pasztell,1.01456880569458
maszek,plakett,1.0397419929504395
maszek,pollen,1.0829930305480957
maszek,poszter,1.0281230211257935
maszek,prakker,0.9604921936988831
maszek,projekt,0.9851191639900208
maszek,puffer,1.0411781072616577
maszek,pátens,1.0305269956588745
maszek,páter,0.9105955958366394
maszek,póker,0.872238278388977
maszek,púder,0.999204695224762
maszek,raszter,1.1094005107879639
maszek,rocker,0.8108964562416077
maszek,roller,0.9068833589553833
maszek,rubel,0.8822983503341675
maszek,rulett,0.9593726396560669
maszek,sakter,0.9685431718826294
maszek,saller,0.8641061186790466
maszek,samesz,0.8743084669113159
maszek,skanzen,0.8828532099723816
maszek,sláger,0.9114561080932617
maszek,sparherd,0.9557565450668335
maszek,srapnel,0.9266480207443237
maszek,stukker,0.8816920518875122
maszek,subler,1.0143800973892212
maszek,sumer,1.0791701078414917
maszek,suszter,0.6505589485168457
maszek,szkander,0.9808661341667175
maszek,szlogen,0.9046847224235535
maszek,szoftver,0.9022351503372192
maszek,szonett,1.10715913772583
maszek,szovjet,1.0400900840759277
maszek,szubrett,0.9296377301216125
maszek,sábesz,1.0340839624404907
maszek,sóder,0.9218465685844421
maszek,sólet,0.8516558408737183
maszek,tandem,0.9477427005767822
maszek,token,1.0200139284133911
maszek,totem,1.0594360828399658
maszek,transzfer,0.9945369362831116
maszek,traverz,1.0187922716140747
maszek,tróger,0.6480247974395752
maszek,valcer,1.0116658210754395
maszek,vamzer,0.8109098076820374
maszek,vátesz,0.9811865091323853
maszek,zsakett,0.9443137645721436
maszek,zsorzsett,0.9161896705627441
maszek,zsáner,1.0052109956741333
maszek,ágens,1.070746660232544
maszek,ájer,0.9414595365524292
maszek,ámen,1.02858567237854
maszek,ómen,0.9627166390419006
matek,mater,0.8999934196472168
matek,modell,0.954626739025116
matek,modem,0.8295834064483643
matek,modern,0.9599572420120239
matek,moped,0.8949775099754333
matek,motel,0.9441121816635132
matek,muter,0.8042669296264648
matek,mutter,0.8065452575683594
matek,mágnes,0.9222834706306458
matek,nonszensz,0.9196889996528625
matek,notesz,0.8414828777313232
matek,okker,0.9783778190612793
matek,omlett,0.8606294393539429
matek,pajesz,0.914324939250946
matek,pakett,1.0855927467346191
matek,pamflet,0.9524922370910645
matek,panel,0.9545388221740723
matek,parkett,0.8611340522766113
matek,parszek,1.0284423828125
matek,partner,1.0116742849349976
matek,pasztell,0.9771680235862732
matek,plakett,1.0568567514419556
matek,pollen,0.9984145760536194
matek,poszter,0.8761700987815857
matek,prakker,0.9542474150657654
matek,projekt,1.012514591217041
matek,puffer,1.0663793087005615
matek,pátens,1.0983079671859741
matek,páter,0.9732272028923035
matek,póker,0.8537164926528931
matek,púder,0.8537909388542175
matek,raszter,0.9428542256355286
matek,rocker,0.8484817147254944
matek,roller,0.7900790572166443
matek,rubel,0.9754388928413391
matek,rulett,0.7817912697792053
matek,sakter,1.022937536239624
matek,saller,0.8347507119178772
matek,samesz,0.8223761320114136
matek,skanzen,0.9898598194122314
matek,sláger,0.8546678423881531
matek,sparherd,0.9441437721252441
matek,srapnel,0.9228917956352234
matek,stukker,0.8474580645561218
matek,subler,0.9649133682250977
matek,sumer,0.9203996062278748
matek,suszter,0.7729014754295349
matek,szkander,0.8175772428512573
matek,szlogen,0.9407278895378113
matek,szoftver,0.8999278545379639
matek,szonett,0.856112539768219
matek,szovjet,1.0477529764175415
matek,szubrett,0.8804453611373901
matek,sábesz,0.9490297436714172
matek,sóder,0.9755808115005493
matek,sólet,0.8410429954528809
matek,tandem,0.8676592111587524
matek,token,0.988564670085907
matek,totem,1.018514633178711
matek,transzfer,0.9809266924858093
matek,traverz,0.8874484300613403
matek,tróger,0.7964977025985718
matek,valcer,0.8528174161911011
matek,vamzer,0.943768322467804
matek,vátesz,0.9374449253082275
matek,zsakett,0.9496879577636719
matek,zsorzsett,0.9250931739807129
matek,zsáner,0.9478509426116943
matek,ágens,0.9365218281745911
matek,ájer,0.9334475994110107
matek,ámen,0.997166097164154
matek,ómen,0.8940151929855347
mater,modell,0.9831956028938293
mater,modem,1.0411782264709473
mater,modern,0.9544376134872437
mater,moped,0.9377573728561401
mater,motel,0.9038974046707153
mater,muter,0.8544321060180664
mater,mutter,0.9381372332572937
mater,mágnes,1.0199817419052124
mater,nonszensz,1.0792481899261475
mater,notesz,0.9164425134658813
mater,okker,0.7569762468338013
mater,omlett,0.7700889110565186
mater,pajesz,0.8437036871910095
mater,pakett,1.0017892122268677
mater,pamflet,0.9646713137626648
mater,panel,1.0212432146072388
mater,parkett,0.8833776712417603
mater,parszek,0.9685176610946655
mater,partner,1.0577490329742432
mater,pasztell,0.905118465423584
mater,plakett,0.8080101609230042
mater,pollen,0.9500677585601807
mater,poszter,0.935454785823822
mater,prakker,0.9105722904205322
mater,projekt,1.0024582147598267
mater,puffer,1.047271728515625
mater,pátens,0.951647162437439
mater,páter,0.8756080865859985
mater,póker,1.0350829362869263
mater,púder,0.8774701952934265
mater,raszter,1.0812828540802002
mater,rocker,0.9165384769439697
mater,roller,0.9165868163108826
mater,rubel,0.9504289627075195
mater,rulett,0.9493247866630554
mater,sakter,0.9616143703460693
mater,saller,0.946699857711792
mater,samesz,0.8948647379875183
mater,skanzen,0.8651906847953796
mater,sláger,0.8850012421607971
mater,sparherd,0.8976967930793762
mater,srapnel,0.9674432277679443
mater,stukker,0.9974349141120911
mater,subler,0.932853102684021
mater,sumer,0.8488692045211792
mater,suszter,0.857135534286499
mater,szkander,0.9181692004203796
mater,szlogen,0.9412501454353333
mater,szoftver,1.0826263427734375
mater,szonett,0.8727113008499146
mater,szovjet,1.0680620670318604
mater,szubrett,0.9047754406929016
mater,sábesz,0.9452093243598938
mater,sóder,0.9248225092887878
mater,sólet,0.8056771159172058
mater,tandem,1.0481047630310059
mater,token,1.0478378534317017
mater,totem,0.8134679794311523
mater,transzfer,0.9589958190917969
mater,traverz,0.9223685264587402
mater,tróger,0.9515004754066467
mater,valcer,0.8858964443206787
mater,vamzer,0.9731242656707764
mater,vátesz,0.9360966682434082
mater,zsakett,0.87255859375
mater,zsorzsett,0.8824044466018677
mater,zsáner,0.9563435316085815
mater,ágens,1.0229172706604004
mater,ájer,0.8843714594841003
mater,ámen,0.8179850578308105
mater,ómen,0.9538401961326599
modell,modem,0.7873200178146362
modell,modern,0.7359820604324341
modell,moped,0.8596042990684509
modell,motel,0.883245050907135
modell,muter,1.0589429140090942
modell,mutter,1.0394437313079834
modell,mágnes,0.7670880556106567
modell,nonszensz,0.9096050262451172
modell,notesz,0.8663291335105896
modell,okker,0.9420293569564819
modell,omlett,0.9098241329193115
modell,pajesz,1.1021144390106201
modell,pakett,0.8463703989982605
modell,pamflet,0.8852213621139526
modell,panel,0.7137987017631531
modell,parkett,0.864331066608429
modell,parszek,0.8553244471549988
modell,partner,0.7580710053443909
modell,pasztell,0.9069396257400513
modell,plakett,0.8853136897087097
modell,pollen,0.9355946779251099
modell,poszter,0.9020634889602661
modell,prakker,1.0029696226119995
modell,projekt,0.568195104598999
modell,puffer,0.8259812593460083
modell,pátens,0.8896735310554504
modell,páter,1.007282018661499
modell,póker,0.86732017993927
modell,púder,0.8457471132278442
modell,raszter,0.7584307789802551
modell,rocker,0.9554793834686279
modell,roller,0.8895561099052429
modell,rubel,0.916422426700592
modell,rulett,0.8185513615608215
modell,sakter,0.9591407775878906
modell,saller,0.9493618011474609
modell,samesz,1.0422089099884033
modell,skanzen,0.8686385750770569
modell,sláger,0.8471044898033142
modell,sparherd,0.9856478571891785
modell,srapnel,0.9735464453697205
modell,stukker,1.1001965999603271
modell,subler,0.9728712439537048
modell,sumer,0.9503462910652161
modell,suszter,0.9456506967544556
modell,szkander,0.9390522241592407
modell,szlogen,0.7382468581199646
modell,szoftver,0.6400198340415955
modell,szonett,0.8311470746994019
modell,szovjet,0.9579606652259827
modell,szubrett,0.947088897228241
modell,sábesz,0.9765287637710571
modell,sóder,1.064245581626892
modell,sólet,0.9729381799697876
modell,tandem,0.6988502740859985
modell,token,0.8362396359443665
modell,totem,0.9644458889961243
modell,transzfer,0.7745318412780762
modell,traverz,1.0346014499664307
modell,tróger,1.0296481847763062
modell,valcer,0.925110936164856
modell,vamzer,1.171509861946106
modell,vátesz,1.062676191329956
modell,zsakett,0.831357479095459
modell,zsorzsett,1.0355112552642822
modell,zsáner,0.8691845536231995
modell,ágens,0.6644611358642578
modell,ájer,1.0283879041671753
modell,ámen,1.114858627319336
modell,ómen,0.948523998260498
modem,modern,0.9287886619567871
modem,moped,0.8270771503448486
modem,motel,0.8340001106262207
modem,muter,0.9629442095756531
modem,mutter,0.9153627157211304
modem,mágnes,0.6328684091567993
modem,nonszensz,1.0176408290863037
modem,notesz,0.6806079149246216
modem,okker,0.9838302731513977
modem,omlett,0.905022382736206
modem,pajesz,1.0415527820587158
modem,pakett,0.9170481562614441
modem,pamflet,1.019386649131775
modem,panel,0.6071402430534363
modem,parkett,0.8752655982971191
modem,parszek,0.8139120936393738
modem,partner,0.8096486926078796
modem,pasztell,0.9820754528045654
modem,plakett,0.9908760190010071
modem,pollen,0.8763301372528076
modem,poszter,0.8281190991401672
modem,prakker,0.8967281579971313
modem,projekt,0.7976812124252319
modem,puffer,0.6079034805297852
modem,pátens,1.0485031604766846
modem,páter,1.0629370212554932
modem,póker,0.8542584776878357
modem,púder,0.8457375168800354
modem,raszter,0.6658997535705566
modem,rocker,0.9943398833274841
modem,roller,0.7602857947349548
modem,rubel,0.9403192400932312
modem,rulett,0.9119302034378052
modem,sakter,1.029534101486206
modem,saller,0.9132726192474365
modem,samesz,0.8669462203979492
modem,skanzen,0.981425404548645
modem,sláger,0.8920658230781555
modem,sparherd,0.8678115606307983
modem,srapnel,0.8861286640167236
modem,stukker,0.930279016494751
modem,subler,0.9184208512306213
modem,sumer,0.911041259765625
modem,suszter,0.8856749534606934
modem,szkander,1.039698839187622
modem,szlogen,0.8958913087844849
modem,szoftver,0.533112645149231
modem,szonett,0.8950996994972229
modem,szovjet,1.0331830978393555
modem,szubrett,0.9868079423904419
modem,sábesz,0.9224371910095215
modem,sóder,0.9245882630348206
modem,sólet,0.9438415765762329
modem,tandem,0.7592248916625977
modem,token,0.5736546516418457
modem,totem,0.9869732856750488
modem,transzfer,0.7366499900817871
modem,traverz,0.924127459526062
modem,tróger,0.9284428358078003
modem,valcer,0.930724561214447
modem,vamzer,0.9614472389221191
modem,vátesz,1.0304971933364868
modem,zsakett,1.0139211416244507
modem,zsorzsett,1.042464017868042
modem,zsáner,1.0848057270050049
modem,ágens,0.7086867094039917
modem,ájer,0.9687842130661011
modem,ámen,0.8958051800727844
modem,ómen,1.0264921188354492
modern,moped,1.0279946327209473
modern,motel,0.960788369178772
modern,muter,1.0320183038711548
modern,mutter,1.075002670288086
modern,mágnes,0.9110643863677979
modern,nonszensz,0.9002818465232849
modern,notesz,0.9216659069061279
modern,okker,0.8997820615768433
modern,omlett,0.9771550893783569
modern,pajesz,0.9722983837127686
modern,pakett,1.0838679075241089
modern,pamflet,0.8015223145484924
modern,panel,0.950576663017273
modern,parkett,0.9450941681861877
modern,parszek,1.0310770273208618
modern,partner,1.0053690671920776
modern,pasztell,0.7758485078811646
modern,plakett,0.9511415362358093
modern,pollen,1.0322564840316772
modern,poszter,1.0204442739486694
modern,prakker,0.9589732885360718
modern,projekt,0.9906482100486755
modern,puffer,0.9920030236244202
modern,pátens,1.0227452516555786
modern,páter,1.0215376615524292
modern,póker,0.9259988069534302
modern,púder,0.8936989903450012
modern,raszter,0.928335428237915
modern,rocker,0.8819889426231384
modern,roller,0.9178228378295898
modern,rubel,1.1101489067077637
modern,rulett,0.9553853869438171
modern,sakter,0.9381657838821411
modern,saller,1.023698329925537
modern,samesz,0.9896412491798401
modern,skanzen,0.8160255551338196
modern,sláger,0.8924560546875
modern,sparherd,0.9876870512962341
modern,srapnel,0.8552322387695312
modern,stukker,1.0643997192382812
modern,subler,0.9531960487365723
modern,sumer,0.7051296234130859
modern,suszter,0.9840985536575317
modern,szkander,1.0010331869125366
modern,szlogen,0.8614236116409302
modern,szoftver,0.9090495109558105
modern,szonett,0.8030005693435669
modern,szovjet,0.818366289138794
modern,szubrett,0.8664683699607849
modern,sábesz,1.0284640789031982
modern,sóder,1.0181236267089844
modern,sólet,1.0114545822143555
modern,tandem,0.8697218894958496
modern,token,0.9991386532783508
modern,totem,0.9416382312774658
modern,transzfer,0.8576912879943848
modern,traverz,1.005237340927124
modern,tróger,1.0214083194732666
modern,valcer,0.8450623750686646
modern,vamzer,1.1071127653121948
modern,vátesz,0.8512610197067261
modern,zsakett,0.8207473158836365
modern,zsorzsett,0.9966352581977844
modern,zsáner,0.6781066656112671
modern,ágens,0.8476287126541138
modern,ájer,1.0699448585510254
modern,ámen,1.0574637651443481
modern,ómen,1.0781021118164062
moped,motel,0.7290703654289246
moped,muter,0.8130022883415222
moped,mutter,0.7788056135177612
moped,mágnes,0.8013325929641724
moped,nonszensz,1.0827789306640625
moped,notesz,0.7730885744094849
moped,okker,0.7953110337257385
moped,omlett,0.7631843090057373
moped,pajesz,0.8599229454994202
moped,pakett,0.939892590045929
moped,pamflet,0.9517164826393127
moped,panel,0.8669850826263428
moped,parkett,0.778275191783905
moped,parszek,0.8233606219291687
moped,partner,1.0236592292785645
moped,pasztell,0.8375035524368286
moped,plakett,0.6978360414505005
moped,pollen,0.8738605380058289
moped,poszter,0.8616009950637817
moped,prakker,0.9071143269538879
moped,projekt,0.9616777300834656
moped,puffer,0.8975027799606323
moped,pátens,0.9122832417488098
moped,páter,0.8996063470840454
moped,póker,0.8213421106338501
moped,púder,0.8748746514320374
moped,raszter,0.9091265797615051
moped,rocker,0.8217992782592773
moped,roller,0.5862140655517578
moped,rubel,0.9284846186637878
moped,rulett,0.8099606037139893
moped,sakter,0.9691057801246643
moped,saller,0.8315770626068115
moped,samesz,0.8644763231277466
moped,skanzen,0.8354434967041016
moped,sláger,0.8491379618644714
moped,sparherd,0.7898401618003845
moped,srapnel,0.8439533114433289
moped,stukker,0.8403363227844238
moped,subler,0.8272076845169067
moped,sumer,0.987650454044342
moped,suszter,0.8460673093795776
moped,szkander,0.7507557272911072
moped,szlogen,0.9759101271629333
moped,szoftver,0.9793717861175537
moped,szonett,0.9551364183425903
moped,szovjet,0.9986833930015564
moped,szubrett,0.7654417753219604
moped,sábesz,0.902734100818634
moped,sóder,0.7448012232780457
moped,sólet,0.8389224410057068
moped,tandem,0.7372632026672363
moped,token,0.8302092552185059
moped,totem,0.8497338891029358
moped,transzfer,0.9435460567474365
moped,traverz,0.8651443123817444
moped,tróger,0.8555259108543396
moped,valcer,0.8312159776687622
moped,vamzer,0.9389112591743469
moped,vátesz,1.0302265882492065
moped,zsakett,0.7548220753669739
moped,zsorzsett,0.886390745639801
moped,zsáner,0.8962740898132324
moped,ágens,1.078131914138794
moped,ájer,0.8245258331298828
moped,ámen,0.9491682648658752
moped,ómen,0.9791412949562073
motel,muter,0.8718658089637756
motel,mutter,0.8798173069953918
motel,mágnes,0.864739716053009
motel,nonszensz,1.0470596551895142
motel,notesz,0.8107084631919861
motel,okker,0.8841874599456787
motel,omlett,0.7760542035102844
motel,pajesz,0.9049578905105591
motel,pakett,0.8465503454208374
motel,pamflet,0.9597908854484558
motel,panel,0.7877214550971985
motel,parkett,0.6704293489456177
motel,parszek,0.8732579946517944
motel,partner,0.9437955617904663
motel,pasztell,0.8848634958267212
motel,plakett,0.9260843992233276
motel,pollen,0.9264154434204102
motel,poszter,0.8634421825408936
motel,prakker,0.9114465117454529
motel,projekt,0.8785277605056763
motel,puffer,0.9626332521438599
motel,pátens,1.0243592262268066
motel,páter,0.9384253025054932
motel,póker,0.8788105845451355
motel,púder,0.9339988827705383
motel,raszter,0.9499191641807556
motel,rocker,0.821113646030426
motel,roller,0.7562333941459656
motel,rubel,0.9462122917175293
motel,rulett,0.8285882472991943
motel,sakter,0.911361575126648
motel,saller,0.8415375351905823
motel,samesz,0.8884217739105225
motel,skanzen,0.6301051378250122
motel,sláger,0.902094304561615
motel,sparherd,0.8162630796432495
motel,srapnel,0.8486084938049316
motel,stukker,0.9065412282943726
motel,subler,0.8904333710670471
motel,sumer,1.0022536516189575
motel,suszter,0.7893306016921997
motel,szkander,0.8440515995025635
motel,szlogen,0.8962972164154053
motel,szoftver,0.9002848863601685
motel,szonett,0.9224896430969238
motel,szovjet,0.9614445567131042
motel,szubrett,0.8297386765480042
motel,sábesz,0.9513269662857056
motel,sóder,0.7974942922592163
motel,sólet,0.8308095335960388
motel,tandem,0.8139697909355164
motel,token,0.93336421251297
motel,totem,0.8955650329589844
motel,transzfer,0.8625146746635437
motel,traverz,0.8769108653068542
motel,tróger,0.7904047966003418
motel,valcer,0.8907409906387329
motel,vamzer,0.8882331252098083
motel,vátesz,1.0659853219985962
motel,zsakett,0.888128936290741
motel,zsorzsett,0.9188709855079651
motel,zsáner,0.9903882741928101
motel,ágens,1.0557715892791748
motel,ájer,0.8913543224334717
motel,ámen,1.0774226188659668
motel,ómen,0.949517011642456
muter,mutter,0.6912881135940552
muter,mágnes,0.9816092848777771
muter,nonszensz,1.0129528045654297
muter,notesz,0.9005439281463623
muter,okker,0.7670005559921265
muter,omlett,0.7408129572868347
muter,pajesz,0.7133908271789551
muter,pakett,1.0543638467788696
muter,pamflet,0.9782958030700684
muter,panel,0.9764783382415771
muter,parkett,0.8296983242034912
muter,parszek,0.9240602254867554
muter,partner,1.017416000366211
muter,pasztell,0.8657721877098083
muter,plakett,0.9660646319389343
muter,pollen,0.9262304902076721
muter,poszter,0.9993410110473633
muter,prakker,0.8247973918914795
muter,projekt,1.0879952907562256
muter,puffer,1.0702223777770996
muter,pátens,0.8911380171775818
muter,páter,0.782173752784729
muter,póker,0.9135969877243042
muter,púder,0.8598716259002686
muter,raszter,1.020020604133606
muter,rocker,0.8029130697250366
muter,roller,0.8941884636878967
muter,rubel,0.9618350863456726
muter,rulett,0.9303051829338074
muter,sakter,0.8886979818344116
muter,saller,0.8503303527832031
muter,samesz,0.770821213722229
muter,skanzen,0.9832024574279785
muter,sláger,0.9524819254875183
muter,sparherd,0.77956223487854
muter,srapnel,0.8204799890518188
muter,stukker,0.7979545593261719
muter,subler,0.8149548768997192
muter,sumer,0.9371866583824158
muter,suszter,0.659055233001709
muter,szkander,0.8469021916389465
muter,szlogen,0.9791445136070251
muter,szoftver,1.0386393070220947
muter,szonett,0.9309191107749939
muter,szovjet,0.9990021586418152
muter,szubrett,0.7315218448638916
muter,sábesz,0.8080657124519348
muter,sóder,0.8562478423118591
muter,sólet,0.722437858581543
muter,tandem,0.9656617641448975
muter,token,0.9636034369468689
muter,totem,0.865924596786499
muter,transzfer,1.0023528337478638
muter,traverz,0.8634090423583984
muter,tróger,0.7682599425315857
muter,valcer,0.8352015018463135
muter,vamzer,0.7899425029754639
muter,vátesz,0.916994035243988
muter,zsakett,0.7574148178100586
muter,zsorzsett,0.6932328343391418
muter,zsáner,0.9506257176399231
muter,ágens,1.0472099781036377
muter,ájer,0.8085912466049194
muter,ámen,0.8035973310470581
muter,ómen,0.8371760249137878
mutter,mágnes,0.870805561542511
mutter,nonszensz,0.9315627217292786
mutter,notesz,0.9125562906265259
mutter,okker,0.8929352760314941
mutter,omlett,0.7287245392799377
mutter,pajesz,0.8743959665298462
mutter,pakett,0.9582536220550537
mutter,pamflet,0.9069346785545349
mutter,panel,0.9530572295188904
mutter,parkett,0.8375080227851868
mutter,parszek,0.9833835959434509
mutter,partner,1.0066399574279785
mutter,pasztell,0.9045398831367493
mutter,plakett,0.981473982334137
mutter,pollen,0.8614559173583984
mutter,poszter,0.9288468956947327
mutter,prakker,0.8590201139450073
mutter,projekt,1.0322701930999756
mutter,puffer,1.0104427337646484
mutter,pátens,0.8978998064994812
mutter,páter,0.8531661033630371
mutter,póker,0.9146461486816406
mutter,púder,0.8553388118743896
mutter,raszter,1.017961859703064
mutter,rocker,0.7995240688323975
mutter,roller,0.8744431138038635
mutter,rubel,0.8961800336837769
mutter,rulett,0.8579776883125305
mutter,sakter,0.9305290579795837
mutter,saller,0.8196641206741333
mutter,samesz,0.7464279532432556
mutter,skanzen,0.9116793870925903
mutter,sláger,0.8843218684196472
mutter,sparherd,0.8015780448913574
mutter,srapnel,0.8660497665405273
mutter,stukker,0.7517312169075012
mutter,subler,0.93260657787323
mutter,sumer,0.9893289804458618
mutter,suszter,0.6568945646286011
mutter,szkander,0.8936932682991028
mutter,szlogen,0.9900497198104858
mutter,szoftver,0.9910608530044556
mutter,szonett,0.8995927572250366
mutter,szovjet,1.0068237781524658
mutter,szubrett,0.8715271353721619
mutter,sábesz,0.8884723782539368
mutter,sóder,0.8069311380386353
mutter,sólet,0.6883154511451721
mutter,tandem,0.9524350166320801
mutter,token,0.9940136671066284
mutter,totem,0.91065514087677
mutter,transzfer,1.0402121543884277
mutter,traverz,0.8876456618309021
mutter,tróger,0.7006432414054871
mutter,valcer,0.8086091876029968
mutter,vamzer,0.790117621421814
mutter,vátesz,0.8526012301445007
mutter,zsakett,0.8753103613853455
mutter,zsorzsett,0.8492016792297363
mutter,zsáner,0.9932825565338135
mutter,ágens,1.004336953163147
mutter,ájer,0.82305508852005
mutter,ámen,0.8673604130744934
mutter,ómen,0.930743932723999
mágnes,nonszensz,1.0379691123962402
mágnes,notesz,0.7462533712387085
mágnes,okker,0.8395158052444458
mágnes,omlett,0.8425087332725525
mágnes,pajesz,1.030957579612732
mágnes,pakett,0.8988181948661804
mágnes,pamflet,0.9492045640945435
mágnes,panel,0.7157230377197266
mágnes,parkett,0.7411724328994751
mágnes,parszek,0.742912232875824
mágnes,partner,0.8809525966644287
mágnes,pasztell,0.8031088709831238
mágnes,plakett,0.8834283351898193
mágnes,pollen,0.723017692565918
mágnes,poszter,0.8346601724624634
mágnes,prakker,0.8968708515167236
mágnes,projekt,0.8925353288650513
mágnes,puffer,0.587629497051239
mágnes,pátens,1.0580406188964844
mágnes,páter,1.017185091972351
mágnes,póker,0.8459494113922119
mágnes,púder,0.7101962566375732
mágnes,raszter,0.681222677230835
mágnes,rocker,0.9116068482398987
mágnes,roller,0.7600712180137634
mágnes,rubel,0.907884418964386
mágnes,rulett,0.7943111062049866
mágnes,sakter,0.9453465938568115
mágnes,saller,0.8394272327423096
mágnes,samesz,0.8892172574996948
mágnes,skanzen,0.9208946824073792
mágnes,sláger,0.8853179812431335
mágnes,sparherd,0.780616283416748
mágnes,srapnel,0.7414630651473999
mágnes,stukker,0.9302614331245422
mágnes,subler,0.986232340335846
mágnes,sumer,0.9223408699035645
mágnes,suszter,0.8789880275726318
mágnes,szkander,1.0722686052322388
mágnes,szlogen,0.937730610370636
mágnes,szoftver,0.787513792514801
mágnes,szonett,0.812896192073822
mágnes,szovjet,0.9984724521636963
mágnes,szubrett,0.9626060128211975
mágnes,sábesz,0.8966952562332153
mágnes,sóder,0.7702486515045166
mágnes,sólet,0.8678233623504639
mágnes,tandem,0.6955282688140869
mágnes,token,0.6894897222518921
mágnes,totem,0.7972381114959717
mágnes,transzfer,0.8594169616699219
mágnes,traverz,0.853804349899292
mágnes,tróger,0.871862530708313
mágnes,valcer,0.8272277116775513
mágnes,vamzer,0.956484317779541
mágnes,vátesz,1.0046720504760742
mágnes,zsakett,0.9108729958534241
mágnes,zsorzsett,0.9457943439483643
mágnes,zsáner,1.0217528343200684
mágnes,ágens,0.741301417350769
mágnes,ájer,0.8721137642860413
mágnes,ámen,0.8849937319755554
mágnes,ómen,0.9962337613105774
nonszensz,notesz,1.0144728422164917
nonszensz,okker,1.0503709316253662
nonszensz,omlett,0.9978365302085876
nonszensz,pajesz,1.0178872346878052
nonszensz,pakett,0.9671993255615234
nonszensz,pamflet,0.8683701753616333
nonszensz,panel,0.9407364130020142
nonszensz,parkett,1.0300248861312866
nonszensz,parszek,0.9795084595680237
nonszensz,partner,1.018883228302002
nonszensz,pasztell,1.089396595954895
nonszensz,plakett,1.0662258863449097
nonszensz,pollen,1.0875390768051147
nonszensz,poszter,1.0209351778030396
nonszensz,prakker,1.0319963693618774
nonszensz,projekt,0.9982057213783264
nonszensz,puffer,0.9778913259506226
nonszensz,pátens,1.04097318649292
nonszensz,páter,1.085610032081604
nonszensz,póker,0.9993411302566528
nonszensz,púder,0.9572604894638062
nonszensz,raszter,1.0094050168991089
nonszensz,rocker,1.0266826152801514
nonszensz,roller,0.9721214175224304
nonszensz,rubel,0.9771259427070618
nonszensz,rulett,0.9575920104980469
nonszensz,sakter,0.9942215085029602
nonszensz,saller,0.9280188679695129
nonszensz,samesz,1.035330891609192
nonszensz,skanzen,1.0317232608795166
nonszensz,sláger,0.9600507616996765
nonszensz,sparherd,1.0459603071212769
nonszensz,srapnel,1.0288881063461304
nonszensz,stukker,0.9635134935379028
nonszensz,subler,0.9879299998283386
nonszensz,sumer,0.9636045694351196
nonszensz,suszter,1.0167889595031738
nonszensz,szkander,0.9592803120613098
nonszensz,szlogen,0.8397171497344971
nonszensz,szoftver,0.9586136341094971
nonszensz,szonett,0.9613459706306458
nonszensz,szovjet,1.0528604984283447
nonszensz,szubrett,1.0890944004058838
nonszensz,sábesz,0.9988611340522766
nonszensz,sóder,1.0154106616973877
nonszensz,sólet,1.0705084800720215
nonszensz,tandem,0.9989705085754395
nonszensz,token,1.0274271965026855
nonszensz,totem,1.0020277500152588
nonszensz,transzfer,0.9921680688858032
nonszensz,traverz,0.9783214330673218
nonszensz,tróger,0.865164041519165
nonszensz,valcer,0.9975019693374634
nonszensz,vamzer,1.002563238143921
nonszensz,vátesz,0.9208388328552246
nonszensz,zsakett,1.0681074857711792
nonszensz,zsorzsett,1.1498544216156006
nonszensz,zsáner,0.9995023012161255
nonszensz,ágens,0.9104913473129272
nonszensz,ájer,1.0558947324752808
nonszensz,ámen,0.9513327479362488
nonszensz,ómen,0.8676416873931885
notesz,okker,0.7531458735466003
notesz,omlett,0.7423073053359985
notesz,pajesz,0.8526496887207031
notesz,pakett,0.9295485615730286
notesz,pamflet,0.7978935837745667
notesz,panel,0.7680184245109558
notesz,parkett,0.6960353255271912
notesz,parszek,0.8116282224655151
notesz,partner,0.9817018508911133
notesz,pasztell,0.6797688007354736
notesz,plakett,0.7986297011375427
notesz,pollen,0.9108636379241943
notesz,poszter,0.6405502557754517
notesz,prakker,0.8327162265777588
notesz,projekt,0.995231568813324
notesz,puffer,0.8213130235671997
notesz,pátens,1.056482195854187
notesz,páter,0.9697027802467346
notesz,póker,0.7546252608299255
notesz,púder,0.6853874921798706
notesz,raszter,0.7845380306243896
notesz,rocker,0.8154832124710083
notesz,roller,0.6438815593719482
notesz,rubel,0.9145516157150269
notesz,rulett,0.8198944330215454
notesz,sakter,0.8942400813102722
notesz,saller,0.8211895227432251
notesz,samesz,0.9078995585441589
notesz,skanzen,0.8868032693862915
notesz,sláger,0.6925594806671143
notesz,sparherd,0.7970737218856812
notesz,srapnel,0.849382221698761
notesz,stukker,0.847824215888977
notesz,subler,0.9566478729248047
notesz,sumer,0.9433902502059937
notesz,suszter,0.7561056613922119
notesz,szkander,0.8847038149833679
notesz,szlogen,0.8286228179931641
notesz,szoftver,0.7549636363983154
notesz,szonett,0.7473013997077942
notesz,szovjet,1.059144139289856
notesz,szubrett,0.8102065324783325
notesz,sábesz,1.0065116882324219
notesz,sóder,0.8384167551994324
notesz,sólet,0.8134195804595947
notesz,tandem,0.8208637237548828
notesz,token,0.7010977864265442
notesz,totem,0.7477714419364929
notesz,transzfer,0.9335800409317017
notesz,traverz,0.8836159110069275
notesz,tróger,0.8315106630325317
notesz,valcer,0.7919331789016724
notesz,vamzer,0.9020952582359314
notesz,vátesz,0.9541372656822205
notesz,zsakett,0.7792114615440369
notesz,zsorzsett,0.895389974117279
notesz,zsáner,0.8877725601196289
notesz,ágens,0.9561663866043091
notesz,ájer,0.8072646260261536
notesz,ámen,0.8955103754997253
notesz,ómen,0.9819706082344055
okker,omlett,0.6534910202026367
okker,pajesz,0.6941941976547241
okker,pakett,0.9892654418945312
okker,pamflet,0.8369584679603577
okker,panel,0.8042542934417725
okker,parkett,0.7355856895446777
okker,parszek,0.7935563325881958
okker,partner,1.0340787172317505
okker,pasztell,0.43672311305999756
okker,plakett,0.6750611066818237
okker,pollen,0.7543716430664062
okker,poszter,0.7676718235015869
okker,prakker,0.8401831984519958
okker,projekt,1.0799305438995361
okker,puffer,0.8597811460494995
okker,pátens,0.8997593522071838
okker,páter,0.9533776044845581
okker,póker,0.9315276145935059
okker,púder,0.6162340641021729
okker,raszter,0.8287426233291626
okker,rocker,0.876522421836853
okker,roller,0.7317625880241394
okker,rubel,0.9155018925666809
okker,rulett,0.9197940826416016
okker,sakter,0.9002978801727295
okker,saller,0.8224766254425049
okker,samesz,0.8753589391708374
okker,skanzen,0.8561339378356934
okker,sláger,0.8938959836959839
okker,sparherd,0.683337390422821
okker,srapnel,0.8064581751823425
okker,stukker,0.8709065914154053
okker,subler,0.7703450918197632
okker,sumer,0.8157885074615479
okker,suszter,0.8196828365325928
okker,szkander,0.9642711877822876
okker,szlogen,0.9414955377578735
okker,szoftver,1.0275905132293701
okker,szonett,0.7780736088752747
okker,szovjet,0.97431480884552
okker,szubrett,0.7798169851303101
okker,sábesz,0.8572683930397034
okker,sóder,0.6683270335197449
okker,sólet,0.6887759566307068
okker,tandem,0.9268512725830078
okker,token,0.87456214427948
okker,totem,0.7177029848098755
okker,transzfer,1.017134189605713
okker,traverz,0.8758313059806824
okker,tróger,0.8719683885574341
okker,valcer,0.7908477187156677
okker,vamzer,0.9531940221786499
okker,vátesz,0.9281221032142639
okker,zsakett,0.5994008779525757
okker,zsorzsett,0.5997120141983032
okker,zsáner,0.8396298885345459
okker,ágens,1.026498556137085
okker,ájer,0.723292350769043
okker,ámen,0.878218948841095
okker,ómen,0.9797127842903137
omlett,pajesz,0.7934229373931885
omlett,pakett,0.9449751377105713
omlett,pamflet,0.8764280676841736
omlett,panel,0.9366050362586975
omlett,parkett,0.7186050415039062
omlett,parszek,0.8009926080703735
omlett,partner,0.9586493968963623
omlett,pasztell,0.6702919602394104
omlett,plakett,0.8330267071723938
omlett,pollen,0.7584431767463684
omlett,poszter,0.7872450351715088
omlett,prakker,0.8001444339752197
omlett,projekt,1.033358097076416
omlett,puffer,0.9088499546051025
omlett,pátens,0.925327479839325
omlett,páter,0.9107927083969116
omlett,póker,0.860424280166626
omlett,púder,0.6517884731292725
omlett,raszter,0.911740779876709
omlett,rocker,0.7946276664733887
omlett,roller,0.6959616541862488
omlett,rubel,0.7932790517807007
omlett,rulett,0.7855112552642822
omlett,sakter,0.8515334129333496
omlett,saller,0.8125093579292297
omlett,samesz,0.7972503304481506
omlett,skanzen,0.8131412267684937
omlett,sláger,0.7461107969284058
omlett,sparherd,0.6373286843299866
omlett,srapnel,0.7957987785339355
omlett,stukker,0.8500580191612244
omlett,subler,0.8339861631393433
omlett,sumer,0.9077872037887573
omlett,suszter,0.7243627309799194
omlett,szkander,0.8008842468261719
omlett,szlogen,0.8908801078796387
omlett,szoftver,0.950563907623291
omlett,szonett,0.8068804740905762
omlett,szovjet,1.0346026420593262
omlett,szubrett,0.7612684965133667
omlett,sábesz,0.8762441873550415
omlett,sóder,0.6526979207992554
omlett,sólet,0.4579397439956665
omlett,tandem,0.8257638216018677
omlett,token,0.9098677039146423
omlett,totem,0.7358987331390381
omlett,transzfer,0.9960354566574097
omlett,traverz,0.8596959710121155
omlett,tróger,0.8065378069877625
omlett,valcer,0.7314362525939941
omlett,vamzer,0.9211222529411316
omlett,vátesz,0.8952998518943787
omlett,zsakett,0.7296826839447021
omlett,zsorzsett,0.7582463622093201
omlett,zsáner,0.8471788167953491
omlett,ágens,1.0510640144348145
omlett,ájer,0.7243174314498901
omlett,ámen,0.8188824653625488
omlett,ómen,0.9250546097755432
pajesz,pakett,1.0137035846710205
pajesz,pamflet,0.9019950032234192
pajesz,panel,1.0486271381378174
pajesz,parkett,0.8298778533935547
pajesz,parszek,0.9551012516021729
pajesz,partner,1.07610285282135
pajesz,pasztell,0.7475621700286865
pajesz,plakett,0.8516249656677246
pajesz,pollen,0.9825404286384583
pajesz,poszter,0.8948580622673035
pajesz,prakker,0.8648442029953003
pajesz,projekt,1.1086071729660034
pajesz,puffer,1.0762361288070679
pajesz,pátens,0.923597514629364
pajesz,páter,0.9307522773742676
pajesz,póker,0.8878745436668396
pajesz,púder,0.846416711807251
pajesz,raszter,0.9687807559967041
pajesz,rocker,0.8530925512313843
pajesz,roller,0.7926158905029297
pajesz,rubel,1.013067603111267
pajesz,rulett,0.8901865482330322
pajesz,sakter,0.8711209297180176
pajesz,saller,0.9154013395309448
pajesz,samesz,0.8651608228683472
pajesz,skanzen,0.97770756483078
pajesz,sláger,0.8975722193717957
pajesz,sparherd,0.8054354190826416
pajesz,srapnel,0.8632226586341858
pajesz,stukker,0.8705498576164246
pajesz,subler,0.827709436416626
pajesz,sumer,0.9172379970550537
pajesz,suszter,0.8191644549369812
pajesz,szkander,0.8114495277404785
pajesz,szlogen,0.9249037504196167
pajesz,szoftver,1.096423625946045
pajesz,szonett,0.9068307876586914
pajesz,szovjet,1.0081766843795776
pajesz,szubrett,0.7823542356491089
pajesz,sábesz,0.8032470941543579
pajesz,sóder,0.8811747431755066
pajesz,sólet,0.7696955800056458
pajesz,tandem,0.9469791650772095
pajesz,token,0.8823339939117432
pajesz,totem,0.760222315788269
pajesz,transzfer,1.0441832542419434
pajesz,traverz,0.8602052927017212
pajesz,tróger,0.8083642721176147
pajesz,valcer,0.7553681135177612
pajesz,vamzer,0.8810074329376221
pajesz,vátesz,0.8910316228866577
pajesz,zsakett,0.6398858428001404
pajesz,zsorzsett,0.7280178666114807
pajesz,zsáner,0.9236950278282166
pajesz,ágens,1.1100218296051025
pajesz,ájer,0.8516592979431152
pajesz,ámen,0.8559583425521851
pajesz,ómen,0.8750042915344238
pakett,pamflet,1.0632622241973877
pakett,panel,0.9108520746231079
pakett,parkett,0.9511864185333252
pakett,parszek,0.8911885023117065
pakett,partner,0.8282450437545776
pakett,pasztell,1.0519944429397583
pakett,plakett,0.9566245675086975
pakett,pollen,0.962527334690094
pakett,poszter,0.9726492166519165
pakett,prakker,1.0287796258926392
pakett,projekt,0.8074023127555847
pakett,puffer,0.8993604779243469
pakett,pátens,0.882946252822876
pakett,páter,1.0351746082305908
pakett,póker,0.9503118395805359
pakett,púder,1.0148693323135376
pakett,raszter,1.0727448463439941
pakett,rocker,1.0435795783996582
pakett,roller,1.0220637321472168
pakett,rubel,0.6354119777679443
pakett,rulett,0.8137120604515076
pakett,sakter,0.9793063998222351
pakett,saller,0.9137313365936279
pakett,samesz,1.0038626194000244
pakett,skanzen,0.9666334986686707
pakett,sláger,0.9224774837493896
pakett,sparherd,0.9462987780570984
pakett,srapnel,0.9491038918495178
pakett,stukker,0.9904733300209045
pakett,subler,0.9842991828918457
pakett,sumer,1.0373693704605103
pakett,suszter,0.9569365382194519
pakett,szkander,1.0130783319473267
pakett,szlogen,0.9798452258110046
pakett,szoftver,0.8211277723312378
pakett,szonett,1.0482991933822632
pakett,szovjet,0.9708287715911865
pakett,szubrett,1.0452947616577148
pakett,sábesz,0.9666644930839539
pakett,sóder,0.9906812906265259
pakett,sólet,0.9772830605506897
pakett,tandem,0.8943317532539368
pakett,token,0.9378270506858826
pakett,totem,1.020243763923645
pakett,transzfer,0.8979946970939636
pakett,traverz,1.0312728881835938
pakett,tróger,1.0077905654907227
pakett,valcer,0.9384136199951172
pakett,vamzer,1.022894024848938
pakett,vátesz,1.0785084962844849
pakett,zsakett,0.970848023891449
pakett,zsorzsett,1.0254007577896118
pakett,zsáner,1.0506943464279175
pakett,ágens,0.986794650554657
pakett,ájer,1.0453072786331177
pakett,ámen,1.0084526538848877
pakett,ómen,1.0017112493515015
pamflet,panel,0.9294387698173523
pamflet,parkett,0.9310293197631836
pamflet,parszek,0.9399219751358032
pamflet,partner,1.041991949081421
pamflet,pasztell,0.8479735851287842
pamflet,plakett,0.8380324840545654
pamflet,pollen,1.0268363952636719
pamflet,poszter,0.7265099883079529
pamflet,prakker,0.932489275932312
pamflet,projekt,1.0255285501480103
pamflet,puffer,1.0101547241210938
pamflet,pátens,0.777803897857666
pamflet,páter,0.8904157280921936
pamflet,póker,0.8254420757293701
pamflet,púder,0.8850784301757812
pamflet,raszter,0.9483042359352112
pamflet,rocker,0.8009228706359863
pamflet,roller,0.8204600214958191
pamflet,rubel,0.9771988391876221
pamflet,rulett,0.8585169315338135
pamflet,sakter,0.8470804691314697
pamflet,saller,0.8281810283660889
pamflet,samesz,0.9352030754089355
pamflet,skanzen,0.9058034420013428
pamflet,sláger,0.7435219287872314
pamflet,sparherd,0.988005518913269
pamflet,srapnel,0.9166913032531738
pamflet,stukker,0.9622972011566162
pamflet,subler,0.8160490393638611
pamflet,sumer,0.8241834044456482
pamflet,suszter,0.9268274903297424
pamflet,szkander,0.927594006061554
pamflet,szlogen,0.7101922631263733
pamflet,szoftver,0.9300867915153503
pamflet,szonett,0.5625103116035461
pamflet,szovjet,0.8815877437591553
pamflet,szubrett,0.8008620738983154
pamflet,sábesz,0.9439244866371155
pamflet,sóder,0.9948284029960632
pamflet,sólet,0.8893636465072632
pamflet,tandem,0.8798496723175049
pamflet,token,0.931103527545929
pamflet,totem,0.8794493675231934
pamflet,transzfer,1.0778554677963257
pamflet,traverz,0.9169942736625671
pamflet,tróger,0.9260671734809875
pamflet,valcer,0.802373468875885
pamflet,vamzer,0.97226881980896
pamflet,vátesz,0.7384424209594727
pamflet,zsakett,0.8027607202529907
pamflet,zsorzsett,0.9890885353088379
pamflet,zsáner,0.7271807193756104
pamflet,ágens,0.7976771593093872
pamflet,ájer,0.9670113921165466
pamflet,ámen,0.9678824543952942
pamflet,ómen,0.947307288646698
panel,parkett,0.7991141676902771
panel,parszek,0.8243287801742554
panel,partner,0.9209416508674622
panel,pasztell,0.7821115851402283
panel,plakett,0.9243369102478027
panel,pollen,0.8895164728164673
panel,poszter,0.7941739559173584
panel,prakker,0.9292243123054504
panel,projekt,0.771932065486908
panel,puffer,0.6835501790046692
panel,pátens,1.0261739492416382
panel,páter,1.1276944875717163
panel,póker,0.9442394375801086
panel,púder,0.8077937364578247
panel,raszter,0.6183584928512573
panel,rocker,1.0233473777770996
panel,roller,0.8023166656494141
panel,rubel,1.046682596206665
panel,rulett,0.9678617715835571
panel,sakter,0.9415460228919983
panel,saller,0.9254233241081238
panel,samesz,0.9559178352355957
panel,skanzen,0.8338209390640259
panel,sláger,0.9144095182418823
panel,sparherd,0.7883234620094299
panel,srapnel,0.9492340087890625
panel,stukker,0.9794653654098511
panel,subler,0.9433594942092896
panel,sumer,1.0098038911819458
panel,suszter,0.945589005947113
panel,szkander,1.0446810722351074
panel,szlogen,0.8147833347320557
panel,szoftver,0.7319695353507996
panel,szonett,0.8335121870040894
panel,szovjet,1.0114260911941528
panel,szubrett,0.974420964717865
panel,sábesz,0.992007851600647
panel,sóder,0.8681209087371826
panel,sólet,0.916366457939148
panel,tandem,0.7879446744918823
panel,token,0.7499616146087646
panel,totem,0.9356408715248108
panel,transzfer,0.8914281725883484
panel,traverz,0.9043238759040833
panel,tróger,0.9671699404716492
panel,valcer,0.9681933522224426
panel,vamzer,0.9812206029891968
panel,vátesz,1.0641930103302002
panel,zsakett,0.9355871677398682
panel,zsorzsett,0.9964077472686768
panel,zsáner,0.966381847858429
panel,ágens,0.8466943502426147
panel,ájer,0.9450130462646484
panel,ámen,0.9795998930931091
panel,ómen,1.0188575983047485
parkett,parszek,0.8451052308082581
parkett,partner,0.9665303230285645
parkett,pasztell,0.7035980224609375
parkett,plakett,0.8707377910614014
parkett,pollen,0.8463464975357056
parkett,poszter,0.8044443726539612
parkett,prakker,0.8685405254364014
parkett,projekt,0.9577354788780212
parkett,puffer,0.9647390842437744
parkett,pátens,0.9854785203933716
parkett,páter,0.9250161647796631
parkett,póker,0.8012864589691162
parkett,púder,0.7231224775314331
parkett,raszter,0.9576180577278137
parkett,rocker,0.8058900237083435
parkett,roller,0.7090893983840942
parkett,rubel,0.9068703651428223
parkett,rulett,0.7623972296714783
parkett,sakter,0.9004151225090027
parkett,saller,0.7370810508728027
parkett,samesz,0.8618089556694031
parkett,skanzen,0.8482000827789307
parkett,sláger,0.8295726776123047
parkett,sparherd,0.7058992385864258
parkett,srapnel,0.7981902956962585
parkett,stukker,0.9153933525085449
parkett,subler,1.0031307935714722
parkett,sumer,1.0420435667037964
parkett,suszter,0.7096412181854248
parkett,szkander,0.8420321345329285
parkett,szlogen,0.869097888469696
parkett,szoftver,0.9305126667022705
parkett,szonett,0.8299887180328369
parkett,szovjet,1.032536268234253
parkett,szubrett,0.7813465595245361
parkett,sábesz,0.931312084197998
parkett,sóder,0.7333730459213257
parkett,sólet,0.7746071815490723
parkett,tandem,0.8538956046104431
parkett,token,0.920283317565918
parkett,totem,0.8121321201324463
parkett,transzfer,0.9692494869232178
parkett,traverz,0.8103710412979126
parkett,tróger,0.7411484122276306
parkett,valcer,0.7369446754455566
parkett,vamzer,0.9192963242530823
parkett,vátesz,0.971744179725647
parkett,zsakett,0.6972571611404419
parkett,zsorzsett,0.7924554347991943
parkett,zsáner,0.8787496089935303
parkett,ágens,1.046278715133667
parkett,ájer,0.7693955898284912
parkett,ámen,0.9597111344337463
parkett,ómen,0.8666019439697266
parszek,partner,1.0249805450439453
parszek,pasztell,0.8659213185310364
parszek,plakett,0.8842585682868958
parszek,pollen,0.8069894909858704
parszek,poszter,0.7969284057617188
parszek,prakker,0.8547130227088928
parszek,projekt,0.8636924624443054
parszek,puffer,0.7754490971565247
parszek,pátens,0.9199915528297424
parszek,páter,1.0244733095169067
parszek,póker,0.9769018888473511
parszek,púder,0.8204972743988037
parszek,raszter,0.7202903032302856
parszek,rocker,1.0122300386428833
parszek,roller,0.8001571893692017
parszek,rubel,0.7003041505813599
parszek,rulett,0.9527286887168884
parszek,sakter,0.9147204756736755
parszek,saller,0.8431907296180725
parszek,samesz,0.955732524394989
parszek,skanzen,0.8929500579833984
parszek,sláger,0.9275041818618774
parszek,sparherd,0.7805611491203308
parszek,srapnel,0.9029502272605896
parszek,stukker,1.0263869762420654
parszek,subler,0.8311403393745422
parszek,sumer,0.877119243144989
parszek,suszter,1.0191253423690796
parszek,szkander,0.9972821474075317
parszek,szlogen,1.027938723564148
parszek,szoftver,0.9199322462081909
parszek,szonett,0.8051934242248535
parszek,szovjet,1.0224838256835938
parszek,szubrett,0.926711916923523
parszek,sábesz,0.8385434150695801
parszek,sóder,0.8495686054229736
parszek,sólet,0.9143901467323303
parszek,tandem,0.8381156325340271
parszek,token,0.7566732168197632
parszek,totem,0.7987712025642395
parszek,transzfer,0.9023030996322632
parszek,traverz,0.8225722312927246
parszek,tróger,0.9660314321517944
parszek,valcer,0.8858259916305542
parszek,vamzer,0.9652772545814514
parszek,vátesz,1.092130184173584
parszek,zsakett,0.8142983913421631
parszek,zsorzsett,0.8700180053710938
parszek,zsáner,0.966565728187561
parszek,ágens,0.9337425827980042
parszek,ájer,0.9530304074287415
parszek,ámen,0.8825880289077759
parszek,ómen,0.9980764985084534
partner,pasztell,1.0574476718902588
partner,plakett,1.0314912796020508
partner,pollen,0.9351942539215088
partner,poszter,0.9488601088523865
partner,prakker,0.9921587705612183
partner,projekt,0.7816795706748962
partner,puffer,0.8727509379386902
partner,pátens,1.068958044052124
partner,páter,1.0208464860916138
partner,póker,0.9084294438362122
partner,púder,0.9384057521820068
partner,raszter,0.9911055564880371
partner,rocker,0.9151585698127747
partner,roller,0.9879336953163147
partner,rubel,0.9148983359336853
partner,rulett,0.8541092872619629
partner,sakter,0.9976579546928406
partner,saller,0.9271982908248901
partner,samesz,0.9624096751213074
partner,skanzen,0.971091628074646
partner,sláger,0.967833936214447
partner,sparherd,1.0501693487167358
partner,srapnel,1.0086928606033325
partner,stukker,1.0277808904647827
partner,subler,0.998190701007843
partner,sumer,1.1082266569137573
partner,suszter,0.9571218490600586
partner,szkander,1.0470623970031738
partner,szlogen,0.9379699230194092
partner,szoftver,0.7925304174423218
partner,szonett,1.0113009214401245
partner,szovjet,1.0165233612060547
partner,szubrett,0.87616366147995
partner,sábesz,0.9241585731506348
partner,sóder,0.9998245239257812
partner,sólet,0.975123941898346
partner,tandem,0.8817107081413269
partner,token,0.911750316619873
partner,totem,0.9876396656036377
partner,transzfer,0.8855882287025452
partner,traverz,1.0843700170516968
partner,tróger,1.0151101350784302
partner,valcer,1.0220035314559937
partner,vamzer,1.025251030921936
partner,vátesz,0.9876050353050232
partner,zsakett,0.9792978763580322
partner,zsorzsett,1.051668405532837
partner,zsáner,1.0761584043502808
partner,ágens,0.7660658359527588
partner,ájer,0.9884219765663147
partner,ámen,1.04966139793396
partner,ómen,0.933642566204071
pasztell,plakett,0.6926055550575256
pasztell,pollen,0.8140211701393127
pasztell,poszter,0.669266939163208
pasztell,prakker,0.8194328546524048
pasztell,projekt,1.0481183528900146
pasztell,puffer,0.9089553952217102
pasztell,pátens,1.0242406129837036
pasztell,páter,0.9753313660621643
pasztell,póker,0.8443275690078735
pasztell,púder,0.5672799348831177
pasztell,raszter,0.7511317133903503
pasztell,rocker,0.8492217063903809
pasztell,roller,0.7742090225219727
pasztell,rubel,1.0384581089019775
pasztell,rulett,0.9390895962715149
pasztell,sakter,0.9270082712173462
pasztell,saller,0.9259167313575745
pasztell,samesz,0.9359325170516968
pasztell,skanzen,0.8298342227935791
pasztell,sláger,0.8338730335235596
pasztell,sparherd,0.7433657646179199
pasztell,srapnel,0.8155198693275452
pasztell,stukker,0.9424102902412415
pasztell,subler,0.860308051109314
pasztell,sumer,0.9703347086906433
pasztell,suszter,0.851202130317688
pasztell,szkander,0.9245655536651611
pasztell,szlogen,0.9297927618026733
pasztell,szoftver,0.9895336627960205
pasztell,szonett,0.7321954965591431
pasztell,szovjet,0.9705687761306763
pasztell,szubrett,0.7011803388595581
pasztell,sábesz,0.9607968926429749
pasztell,sóder,0.7045587301254272
pasztell,sólet,0.699988842010498
pasztell,tandem,0.9210449457168579
pasztell,token,0.9089722037315369
pasztell,totem,0.7673889398574829
pasztell,transzfer,0.9842320680618286
pasztell,traverz,0.8680399656295776
pasztell,tróger,0.8781581521034241
pasztell,valcer,0.7871708273887634
pasztell,vamzer,0.9755584001541138
pasztell,vátesz,0.9531148076057434
pasztell,zsakett,0.6064262986183167
pasztell,zsorzsett,0.7042121291160583
pasztell,zsáner,0.6796654462814331
pasztell,ágens,1.07443106174469
pasztell,ájer,0.812006413936615
pasztell,ámen,0.8946841359138489
pasztell,ómen,1.0787197351455688
plakett,pollen,1.0123438835144043
plakett,poszter,0.6464910507202148
plakett,prakker,0.8758040070533752
plakett,projekt,0.9170640707015991
plakett,puffer,0.9302787184715271
plakett,pátens,0.8457695841789246
plakett,páter,0.9481480121612549
plakett,póker,0.9222186207771301
plakett,púder,0.7983967661857605
plakett,raszter,0.9290168881416321
plakett,rocker,0.9243412017822266
plakett,roller,0.7786772847175598
plakett,rubel,1.0141961574554443
plakett,rulett,0.9068872332572937
plakett,sakter,0.8939542174339294
plakett,saller,0.9606239795684814
plakett,samesz,0.9628129005432129
plakett,skanzen,0.7822463512420654
plakett,sláger,0.9023555517196655
plakett,sparherd,0.8473483920097351
plakett,srapnel,0.9337767362594604
plakett,stukker,0.9838700890541077
plakett,subler,0.8977185487747192
plakett,sumer,0.9907238483428955
plakett,suszter,0.9152036309242249
plakett,szkander,0.8487691283226013
plakett,szlogen,0.9081672430038452
plakett,szoftver,0.9098712205886841
plakett,szonett,0.7576984167098999
plakett,szovjet,1.0236197710037231
plakett,szubrett,0.7943099737167358
plakett,sábesz,0.9828672409057617
plakett,sóder,0.8364289999008179
plakett,sólet,0.906578779220581
plakett,tandem,0.8749750852584839
plakett,token,0.8297494649887085
plakett,totem,0.7331627607345581
plakett,transzfer,0.9370673894882202
plakett,traverz,0.9117206931114197
plakett,tróger,0.9450382590293884
plakett,valcer,0.8746159076690674
plakett,vamzer,1.0857218503952026
plakett,vátesz,0.8913432955741882
plakett,zsakett,0.7199362516403198
plakett,zsorzsett,0.8666174411773682
plakett,zsáner,0.7950061559677124
plakett,ágens,0.9753484725952148
plakett,ájer,0.9201433658599854
plakett,ámen,0.9439367055892944
plakett,ómen,1.078710913658142
pollen,poszter,0.9818950295448303
pollen,prakker,0.9695325493812561
pollen,projekt,0.9441686272621155
pollen,puffer,0.7195516228675842
pollen,pátens,0.9776028990745544
pollen,páter,1.0545647144317627
pollen,póker,0.9529687762260437
pollen,púder,0.767605185508728
pollen,raszter,0.872708797454834
pollen,rocker,0.9331808686256409
pollen,roller,0.852026104927063
pollen,rubel,0.9062530994415283
pollen,rulett,0.9423327445983887
pollen,sakter,0.9947118163108826
pollen,saller,0.9054346084594727
pollen,samesz,0.9462918639183044
pollen,skanzen,0.9513201713562012
pollen,sláger,0.8814659118652344
pollen,sparherd,0.8442292213439941
pollen,srapnel,0.7895432114601135
pollen,stukker,0.9378694891929626
pollen,subler,0.933994472026825
pollen,sumer,0.9219347834587097
pollen,suszter,0.966939389705658
pollen,szkander,0.9792080521583557
pollen,szlogen,0.9511259198188782
pollen,szoftver,0.9093089699745178
pollen,szonett,0.9178640842437744
pollen,szovjet,1.051880121231079
pollen,szubrett,0.944875955581665
pollen,sábesz,0.8490789532661438
pollen,sóder,0.6829981803894043
pollen,sólet,0.8117276430130005
pollen,tandem,1.0228379964828491
pollen,token,0.9362244009971619
pollen,totem,0.8704678416252136
pollen,transzfer,0.9622242450714111
pollen,traverz,1.0047117471694946
pollen,tróger,0.9708847403526306
pollen,valcer,0.9892780780792236
pollen,vamzer,0.94925457239151
pollen,vátesz,1.035617470741272
pollen,zsakett,0.9213504791259766
pollen,zsorzsett,0.8379186391830444
pollen,zsáner,1.0050153732299805
pollen,ágens,0.9027443528175354
pollen,ájer,0.7919604182243347
pollen,ámen,1.0037379264831543
pollen,ómen,1.0044597387313843
poszter,prakker,0.8521938920021057
poszter,projekt,0.8460051417350769
poszter,puffer,0.9117918610572815
poszter,pátens,1.0201928615570068
poszter,páter,1.0067781209945679
poszter,póker,0.7573928833007812
poszter,púder,0.8178966641426086
poszter,raszter,0.7561185359954834
poszter,rocker,0.9054573774337769
poszter,roller,0.7304073572158813
poszter,rubel,0.9885910749435425
poszter,rulett,0.8323473334312439
poszter,sakter,0.944876492023468
poszter,saller,0.8234588503837585
poszter,samesz,0.9980810284614563
poszter,skanzen,0.8261184096336365
poszter,sláger,0.7477903366088867
poszter,sparherd,0.8566814661026001
poszter,srapnel,0.9218122363090515
poszter,stukker,0.9494408369064331
poszter,subler,0.8822988867759705
poszter,sumer,0.9756151437759399
poszter,suszter,0.9943082332611084
poszter,szkander,0.8811793923377991
poszter,szlogen,0.894576370716095
poszter,szoftver,0.8145536184310913
poszter,szonett,0.7393100261688232
poszter,szovjet,1.0734164714813232
poszter,szubrett,0.808588981628418
poszter,sábesz,1.000025987625122
poszter,sóder,0.9309495091438293
poszter,sólet,0.8259357810020447
poszter,tandem,0.811185359954834
poszter,token,0.7210899591445923
poszter,totem,0.8008550405502319
poszter,transzfer,0.8837012648582458
poszter,traverz,0.8654272556304932
poszter,tróger,0.8872498273849487
poszter,valcer,0.7990393042564392
poszter,vamzer,0.9845092296600342
poszter,vátesz,0.9715301394462585
poszter,zsakett,0.8772167563438416
poszter,zsorzsett,0.8531631827354431
poszter,zsáner,0.7943335175514221
poszter,ágens,0.9350669980049133
poszter,ájer,0.9586450457572937
poszter,ámen,0.9245187044143677
poszter,ómen,1.1139914989471436
prakker,projekt,0.973154604434967
prakker,puffer,0.9677626490592957
prakker,pátens,0.8972437977790833
prakker,páter,0.8603447675704956
prakker,póker,1.0050127506256104
prakker,púder,0.8445702791213989
prakker,raszter,0.9038956761360168
prakker,rocker,0.9297087788581848
prakker,roller,0.8477158546447754
prakker,rubel,0.9823995232582092
prakker,rulett,0.9159469604492188
prakker,sakter,0.8891587257385254
prakker,saller,0.8344119787216187
prakker,samesz,0.8566568493843079
prakker,skanzen,0.9485571384429932
prakker,sláger,0.8908488750457764
prakker,sparherd,0.7703061103820801
prakker,srapnel,0.8627758622169495
prakker,stukker,0.875260055065155
prakker,subler,0.8987367153167725
prakker,sumer,0.9409509897232056
prakker,suszter,0.8306573629379272
prakker,szkander,1.0069044828414917
prakker,szlogen,0.9700406789779663
prakker,szoftver,1.0004805326461792
prakker,szonett,0.8598638772964478
prakker,szovjet,0.9912438988685608
prakker,szubrett,0.8685342073440552
prakker,sábesz,0.81611567735672
prakker,sóder,0.8704099059104919
prakker,sólet,0.8153355121612549
prakker,tandem,0.9380344748497009
prakker,token,0.8812466859817505
prakker,totem,0.8626784682273865
prakker,transzfer,1.0573021173477173
prakker,traverz,0.8429968953132629
prakker,tróger,0.8950514793395996
prakker,valcer,0.8560435771942139
prakker,vamzer,0.912192702293396
prakker,vátesz,0.935792863368988
prakker,zsakett,0.8133231997489929
prakker,zsorzsett,0.8636568784713745
prakker,zsáner,0.9432882070541382
prakker,ágens,0.9767995476722717
prakker,ájer,0.908012866973877
prakker,ámen,0.8894596099853516
prakker,ómen,0.8979218006134033
projekt,puffer,0.8504997491836548
projekt,pátens,0.9890573024749756
projekt,páter,1.0504240989685059
projekt,póker,0.98430335521698
projekt,púder,1.0313410758972168
projekt,raszter,0.8514862656593323
projekt,rocker,1.0533347129821777
projekt,roller,1.0104254484176636
projekt,rubel,0.9500858783721924
projekt,rulett,0.9673324823379517
projekt,sakter,1.0237987041473389
projekt,saller,0.9311859607696533
projekt,samesz,1.0743736028671265
projekt,skanzen,0.7811987400054932
projekt,sláger,0.9327861666679382
projekt,sparherd,1.0304536819458008
projekt,srapnel,1.030043363571167
projekt,stukker,1.1059856414794922
projekt,subler,1.0404356718063354
projekt,sumer,1.009199857711792
projekt,suszter,1.120765209197998
projekt,szkander,1.026350736618042
projekt,szlogen,0.9056759476661682
projekt,szoftver,0.6010611057281494
projekt,szonett,0.9261488914489746
projekt,szovjet,1.0531806945800781
projekt,szubrett,0.9978912472724915
projekt,sábesz,0.9717316627502441
projekt,sóder,1.0552947521209717
projekt,sólet,1.0229215621948242
projekt,tandem,0.8761428594589233
projekt,token,0.8521319627761841
projekt,totem,0.9893242716789246
projekt,transzfer,0.6532901525497437
projekt,traverz,1.0493476390838623
projekt,tróger,1.0175801515579224
projekt,valcer,0.9763924479484558
projekt,vamzer,1.1147830486297607
projekt,vátesz,1.1866060495376587
projekt,zsakett,1.0484155416488647
projekt,zsorzsett,1.0534141063690186
projekt,zsáner,0.9592423439025879
projekt,ágens,0.775760293006897
projekt,ájer,1.135679006576538
projekt,ámen,1.0790454149246216
projekt,ómen,1.0827053785324097
puffer,pátens,0.96147620677948
puffer,páter,1.2031906843185425
puffer,póker,0.9324446320533752
puffer,púder,0.7517481446266174
puffer,raszter,0.5660712718963623
puffer,rocker,1.08154296875
puffer,roller,0.8440195918083191
puffer,rubel,0.9071299433708191
puffer,rulett,0.9412142634391785
puffer,sakter,1.0121428966522217
puffer,saller,1.000619888305664
puffer,samesz,1.0161625146865845
puffer,skanzen,1.0693317651748657
puffer,sláger,1.02094566822052
puffer,sparherd,0.8848260045051575
puffer,srapnel,0.8829902410507202
puffer,stukker,1.0472586154937744
puffer,subler,0.9163655638694763
puffer,sumer,0.9351809024810791
puffer,suszter,1.1231423616409302
puffer,szkander,1.0746270418167114
puffer,szlogen,0.9732313752174377
puffer,szoftver,0.6935012936592102
puffer,szonett,0.9517972469329834
puffer,szovjet,1.0268630981445312
puffer,szubrett,1.0486140251159668
puffer,sábesz,0.9098000526428223
puffer,sóder,0.778874933719635
puffer,sólet,0.9713703393936157
puffer,tandem,0.8206769227981567
puffer,token,0.652100682258606
puffer,totem,0.9284464716911316
puffer,transzfer,0.7895139455795288
puffer,traverz,0.9491709470748901
puffer,tróger,1.0239070653915405
puffer,valcer,1.0234355926513672
puffer,vamzer,0.9803820848464966
puffer,vátesz,1.1111199855804443
puffer,zsakett,0.9949585795402527
puffer,zsorzsett,1.0278184413909912
puffer,zsáner,1.134053111076355
puffer,ágens,0.8124996423721313
puffer,ájer,0.9882323741912842
puffer,ámen,0.9569017291069031
puffer,ómen,1.1053026914596558
pátens,páter,0.866945207118988
pátens,póker,1.037063479423523
pátens,púder,1.0281544923782349
pátens,raszter,1.05332612991333
pátens,rocker,1.0389200448989868
pátens,roller,1.0383988618850708
pátens,rubel,0.8236777782440186
pátens,rulett,0.9608806371688843
pátens,sakter,0.8282071352005005
pátens,saller,0.9105449318885803
pátens,samesz,0.9988313913345337
pátens,skanzen,0.9541079998016357
pátens,sláger,0.929364025592804
pátens,sparherd,0.9136209487915039
pátens,srapnel,0.9831697344779968
pátens,stukker,0.9544155597686768
pátens,subler,0.9888986349105835
pátens,sumer,0.8668582439422607
pátens,suszter,0.911746621131897
pátens,szkander,1.0353282690048218
pátens,szlogen,0.9171674847602844
pátens,szoftver,0.9613518118858337
pátens,szonett,0.8808934688568115
pátens,szovjet,0.8150358200073242
pátens,szubrett,0.9771560430526733
pátens,sábesz,0.9465534687042236
pátens,sóder,0.9783150553703308
pátens,sólet,0.9148755073547363
pátens,tandem,0.9673012495040894
pátens,token,0.9820807576179504
pátens,totem,0.9570167660713196
pátens,transzfer,1.0267912149429321
pátens,traverz,1.0446454286575317
pátens,tróger,1.026944637298584
pátens,valcer,0.8836051225662231
pátens,vamzer,1.0098240375518799
pátens,vátesz,1.0076669454574585
pátens,zsakett,0.8119868040084839
pátens,zsorzsett,0.9205791354179382
pátens,zsáner,0.9931167364120483
pátens,ágens,0.9291320443153381
pátens,ájer,1.0116527080535889
pátens,ámen,1.0124940872192383
pátens,ómen,0.9869990944862366
páter,póker,1.095403790473938
páter,púder,1.1050643920898438
páter,raszter,1.1461845636367798
páter,rocker,0.8270419836044312
páter,roller,1.0799970626831055
páter,rubel,0.9759734272956848
páter,rulett,0.9672508835792542
páter,sakter,0.8359964489936829
páter,saller,0.871826171875
páter,samesz,0.8244553208351135
páter,skanzen,0.9092919826507568
páter,sláger,1.0060338973999023
páter,sparherd,0.9672698974609375
páter,srapnel,0.9537051320075989
páter,stukker,0.8746072053909302
páter,subler,1.0785695314407349
páter,sumer,0.9972954392433167
páter,suszter,0.6447242498397827
páter,szkander,1.0262022018432617
páter,szlogen,1.018456220626831
páter,szoftver,1.096531867980957
páter,szonett,0.8867375254631042
páter,szovjet,0.9604065418243408
páter,szubrett,0.8934333324432373
páter,sábesz,0.993998646736145
páter,sóder,1.0360171794891357
páter,sólet,0.8541412353515625
páter,tandem,1.0466523170471191
páter,token,1.0427236557006836
páter,totem,0.9086694717407227
páter,transzfer,1.1364505290985107
páter,traverz,0.9828004240989685
páter,tróger,0.8214554190635681
páter,valcer,0.9562941193580627
páter,vamzer,0.7938058376312256
páter,vátesz,0.8014414310455322
páter,zsakett,0.8922103047370911
páter,zsorzsett,0.9285635948181152
páter,zsáner,0.8834864497184753
páter,ágens,0.9855021834373474
páter,ájer,0.9618073105812073
páter,ámen,0.8115231990814209
páter,ómen,0.9059759974479675
póker,púder,0.8797711133956909
póker,raszter,0.9489415884017944
póker,rocker,0.7059094905853271
póker,roller,0.6914820075035095
póker,rubel,0.9369680881500244
póker,rulett,0.6774401664733887
póker,sakter,1.0433493852615356
póker,saller,0.8543415665626526
póker,samesz,0.9506186246871948
póker,skanzen,0.8786827325820923
póker,sláger,0.7329027652740479
póker,sparherd,0.945344090461731
póker,srapnel,0.916262149810791
póker,stukker,0.9100154042243958
póker,subler,0.9099440574645996
póker,sumer,0.9822000861167908
póker,suszter,0.922967791557312
póker,szkander,0.7132076621055603
póker,szlogen,0.8155743479728699
póker,szoftver,0.8303388953208923
póker,szonett,0.8822657465934753
póker,szovjet,1.019407033920288
póker,szubrett,0.7601321935653687
póker,sábesz,0.9667081832885742
póker,sóder,0.9738508462905884
póker,sólet,0.8987207412719727
póker,tandem,0.7323042154312134
póker,token,0.7756076455116272
póker,totem,0.8289840817451477
póker,transzfer,0.9521222710609436
póker,traverz,0.9389436841011047
póker,tróger,0.8710662722587585
póker,valcer,0.8195441961288452
póker,vamzer,0.973028302192688
póker,vátesz,0.9316160082817078
póker,zsakett,0.854230523109436
póker,zsorzsett,0.9793357849121094
póker,zsáner,0.8114824295043945
póker,ágens,0.9064245820045471
póker,ájer,0.9504044055938721
póker,ámen,0.922569215297699
póker,ómen,0.9677349328994751
púder,raszter,0.7661471366882324
púder,rocker,0.8665499091148376
púder,roller,0.6963825821876526
púder,rubel,1.0016716718673706
púder,rulett,0.8901069164276123
púder,sakter,0.8953238725662231
púder,saller,0.8496797680854797
púder,samesz,0.8203959465026855
púder,skanzen,1.0280466079711914
púder,sláger,0.8471990823745728
púder,sparherd,0.7086569666862488
púder,srapnel,0.7171615362167358
púder,stukker,0.8548853397369385
púder,subler,0.8990602493286133
púder,sumer,0.9860685467720032
púder,suszter,0.8287570476531982
púder,szkander,0.9055270552635193
púder,szlogen,0.8151222467422485
púder,szoftver,0.844769299030304
púder,szonett,0.7995651364326477
púder,szovjet,1.0675634145736694
púder,szubrett,0.7848412990570068
púder,sábesz,0.8484750986099243
púder,sóder,0.6070713996887207
púder,sólet,0.69272780418396
púder,tandem,0.8877778053283691
púder,token,0.8384659886360168
púder,totem,0.7966464757919312
púder,transzfer,0.9152591228485107
púder,traverz,0.8323040008544922
púder,tróger,0.8128432631492615
púder,valcer,0.8095979690551758
púder,vamzer,0.9652208685874939
púder,vátesz,0.9281530976295471
púder,zsakett,0.6890996694564819
púder,zsorzsett,0.7174965143203735
púder,zsáner,0.9493319392204285
púder,ágens,0.9142404794692993
púder,ájer,0.7405657768249512
púder,ámen,0.8671208024024963
púder,ómen,0.9475007057189941
raszter,rocker,1.0809653997421265
raszter,roller,0.8336043953895569
raszter,rubel,1.1059908866882324
raszter,rulett,0.988063633441925
raszter,sakter,1.0089631080627441
raszter,saller,1.0040897130966187
raszter,samesz,0.9753741025924683
raszter,skanzen,0.9936692714691162
raszter,sláger,0.9894521832466125
raszter,sparherd,0.879639744758606
raszter,srapnel,0.9667314887046814
raszter,stukker,1.0506588220596313
raszter,subler,0.836132287979126
raszter,sumer,0.8181507587432861
raszter,suszter,1.1134846210479736
raszter,szkander,1.0220038890838623
raszter,szlogen,0.9367854595184326
raszter,szoftver,0.6668921709060669
raszter,szonett,0.8479598760604858
raszter,szovjet,1.0134190320968628
raszter,szubrett,1.0128333568572998
raszter,sábesz,0.9379600882530212
raszter,sóder,0.9169100522994995
raszter,sólet,0.991062343120575
raszter,tandem,0.8208125829696655
raszter,token,0.5773078203201294
raszter,totem,0.8789904117584229
raszter,transzfer,0.8154952526092529
raszter,traverz,0.8736469745635986
raszter,tróger,1.0638939142227173
raszter,valcer,0.9992231726646423
raszter,vamzer,0.9835314750671387
raszter,vátesz,1.067383050918579
raszter,zsakett,0.9459379315376282
raszter,zsorzsett,0.993859052658081
raszter,zsáner,0.9368147850036621
raszter,ágens,0.7988555431365967
raszter,ájer,1.053078532218933
raszter,ámen,0.9604409337043762
raszter,ómen,1.1096111536026
rocker,roller,0.792795717716217
rocker,rubel,0.9928312301635742
rocker,rulett,0.7549274563789368
rocker,sakter,0.9125674962997437
rocker,saller,0.8404824733734131
rocker,samesz,0.8389815092086792
rocker,skanzen,0.8801721334457397
rocker,sláger,0.667743980884552
rocker,sparherd,0.952161431312561
rocker,srapnel,0.808158278465271
rocker,stukker,0.8447685241699219
rocker,subler,0.873690128326416
rocker,sumer,0.9351783990859985
rocker,suszter,0.6993308067321777
rocker,szkander,0.8320395350456238
rocker,szlogen,0.8884636759757996
rocker,szoftver,1.0380027294158936
rocker,szonett,0.847975492477417
rocker,szovjet,1.024959921836853
rocker,szubrett,0.6763211488723755
rocker,sábesz,0.9100063443183899
rocker,sóder,0.915372371673584
rocker,sólet,0.7768833637237549
rocker,tandem,0.8289945721626282
rocker,token,1.0034576654434204
rocker,totem,0.8365901708602905
rocker,transzfer,1.1218812465667725
rocker,traverz,0.935581386089325
rocker,tróger,0.6720926761627197
rocker,valcer,0.7939815521240234
rocker,vamzer,0.8274906277656555
rocker,vátesz,0.7720906734466553
rocker,zsakett,0.808222770690918
rocker,zsorzsett,0.8202014565467834
rocker,zsáner,0.8008475303649902
rocker,ágens,1.016155481338501
rocker,ájer,0.9079592823982239
rocker,ámen,0.9056814908981323
rocker,ómen,0.8799598813056946
roller,rubel,0.9799087643623352
roller,rulett,0.7467511892318726
roller,sakter,0.9487295746803284
roller,saller,0.778892993927002
roller,samesz,0.8738620281219482
roller,skanzen,0.8102277517318726
roller,sláger,0.7136294841766357
roller,sparherd,0.8054442405700684
roller,srapnel,0.804051399230957
roller,stukker,0.8737344145774841
roller,subler,0.7936238646507263
roller,sumer,1.0040136575698853
roller,suszter,0.8658682107925415
roller,szkander,0.6920903921127319
roller,szlogen,0.8267218470573425
roller,szoftver,0.8612954616546631
roller,szonett,0.7866673469543457
roller,szovjet,1.0888619422912598
roller,szubrett,0.7468595504760742
roller,sábesz,0.9148342609405518
roller,sóder,0.7152302265167236
roller,sólet,0.7392972707748413
roller,tandem,0.7463383078575134
roller,token,0.7672069668769836
roller,totem,0.7986279726028442
roller,transzfer,0.8692668676376343
roller,traverz,0.7692773938179016
roller,tróger,0.8349370956420898
roller,valcer,0.7448652982711792
roller,vamzer,0.9593515396118164
roller,vátesz,0.9811031222343445
roller,zsakett,0.7375210523605347
roller,zsorzsett,0.8446006774902344
roller,zsáner,0.8543485403060913
roller,ágens,0.9939102530479431
roller,ájer,0.8159226179122925
roller,ámen,0.9347835779190063
roller,ómen,0.880829930305481
rubel,rulett,0.8150333166122437
rubel,sakter,1.029308795928955
rubel,saller,0.8090301752090454
rubel,samesz,0.99842768907547
rubel,skanzen,1.058457612991333
rubel,sláger,0.8997420072555542
rubel,sparherd,0.9371019005775452
rubel,srapnel,0.921294629573822
rubel,stukker,1.0092769861221313
rubel,subler,0.9440662264823914
rubel,sumer,0.9731367826461792
rubel,suszter,0.9047037959098816
rubel,szkander,1.0240516662597656
rubel,szlogen,0.9900419116020203
rubel,szoftver,0.9206026196479797
rubel,szonett,0.9618698954582214
rubel,szovjet,0.8306971788406372
rubel,szubrett,1.0555205345153809
rubel,sábesz,0.9613891243934631
rubel,sóder,0.919952392578125
rubel,sólet,0.9223179221153259
rubel,tandem,0.9297412037849426
rubel,token,0.9188291430473328
rubel,totem,1.0483927726745605
rubel,transzfer,0.9585728645324707
rubel,traverz,1.0185089111328125
rubel,tróger,0.9115617275238037
rubel,valcer,0.9170922040939331
rubel,vamzer,0.9312529563903809
rubel,vátesz,1.051615595817566
rubel,zsakett,0.9510016441345215
rubel,zsorzsett,0.9276195764541626
rubel,zsáner,1.1290782690048218
rubel,ágens,0.9907940626144409
rubel,ájer,0.891188383102417
rubel,ámen,0.9139739871025085
rubel,ómen,0.9584786891937256
rulett,sakter,0.9590688943862915
rulett,saller,0.8377670049667358
rulett,samesz,0.9149826765060425
rulett,skanzen,0.9325899481773376
rulett,sláger,0.7826805114746094
rulett,sparherd,0.8665671348571777
rulett,srapnel,0.8101556897163391
rulett,stukker,0.8249708414077759
rulett,subler,0.8370072245597839
rulett,sumer,0.9234263300895691
rulett,suszter,0.816413938999176
rulett,szkander,0.7461675405502319
rulett,szlogen,0.8663738369941711
rulett,szoftver,0.920647144317627
rulett,szonett,0.7928779125213623
rulett,szovjet,0.9309345483779907
rulett,szubrett,0.8160682320594788
rulett,sábesz,0.948688268661499
rulett,sóder,0.9179797768592834
rulett,sólet,0.8262629508972168
rulett,tandem,0.6800765991210938
rulett,token,0.8623024821281433
rulett,totem,0.8139249086380005
rulett,transzfer,0.9432177543640137
rulett,traverz,0.8932159543037415
rulett,tróger,0.8245905637741089
rulett,valcer,0.752051830291748
rulett,vamzer,0.9424729943275452
rulett,vátesz,0.9506168365478516
rulett,zsakett,0.8579527139663696
rulett,zsorzsett,0.9283847808837891
rulett,zsáner,0.9448249340057373
rulett,ágens,0.9240971207618713
rulett,ájer,0.9048366546630859
rulett,ámen,0.9734885692596436
rulett,ómen,0.8657001256942749
sakter,saller,0.8755959868431091
sakter,samesz,0.8407835960388184
sakter,skanzen,0.9340193271636963
sakter,sláger,0.9346163272857666
sakter,sparherd,0.8749834299087524
sakter,srapnel,0.9032012224197388
sakter,stukker,0.9835466742515564
sakter,subler,0.8801924586296082
sakter,sumer,0.9115653038024902
sakter,suszter,0.8146377205848694
sakter,szkander,0.9971399903297424
sakter,szlogen,0.9916969537734985
sakter,szoftver,1.0234167575836182
sakter,szonett,0.8901690244674683
sakter,szovjet,0.9352713823318481
sakter,szubrett,0.8461869955062866
sakter,sábesz,0.891329824924469
sakter,sóder,0.9296838045120239
sakter,sólet,0.8256756663322449
sakter,tandem,0.9324866533279419
sakter,token,0.9248710870742798
sakter,totem,0.7902297377586365
sakter,transzfer,1.0718592405319214
sakter,traverz,0.938651978969574
sakter,tróger,0.9649112224578857
sakter,valcer,0.8138890266418457
sakter,vamzer,0.8238305449485779
sakter,vátesz,0.8647077083587646
sakter,zsakett,0.7972348928451538
sakter,zsorzsett,0.8774121403694153
sakter,zsáner,0.9130468964576721
sakter,ágens,0.9693245887756348
sakter,ájer,0.9714085459709167
sakter,ámen,0.9419724941253662
sakter,ómen,0.9676570296287537
saller,samesz,0.8327862620353699
saller,skanzen,0.903013288974762
saller,sláger,0.7662138938903809
saller,sparherd,0.8501740097999573
saller,srapnel,0.7818559408187866
saller,stukker,0.861943781375885
saller,subler,0.9021803140640259
saller,sumer,1.0150394439697266
saller,suszter,0.7494116425514221
saller,szkander,0.9769030809402466
saller,szlogen,0.858070433139801
saller,szoftver,0.9562222361564636
saller,szonett,0.8197211027145386
saller,szovjet,0.9634274840354919
saller,szubrett,0.8958121538162231
saller,sábesz,0.8483539819717407
saller,sóder,0.8281940221786499
saller,sólet,0.832769513130188
saller,tandem,0.8598384857177734
saller,token,0.9055200219154358
saller,totem,0.8693500757217407
saller,transzfer,1.0332273244857788
saller,traverz,0.9150853753089905
saller,tróger,0.7438335418701172
saller,valcer,0.788544774055481
saller,vamzer,0.8161898851394653
saller,vátesz,0.8943291306495667
saller,zsakett,0.8370821475982666
saller,zsorzsett,0.9420320391654968
saller,zsáner,1.0127253532409668
saller,ágens,0.960151195526123
saller,ájer,0.884575366973877
saller,ámen,0.8563125133514404
saller,ómen,0.9133369326591492
samesz,skanzen,0.9079151749610901
samesz,sláger,0.9041479229927063
samesz,sparherd,0.7966891527175903
samesz,srapnel,0.9039197564125061
samesz,stukker,0.7979558706283569
samesz,subler,0.8844608068466187
samesz,sumer,0.9539834856987
samesz,suszter,0.7336770296096802
samesz,szkander,0.8697006106376648
samesz,szlogen,0.9381574392318726
samesz,szoftver,0.9897865653038025
samesz,szonett,0.9561266303062439
samesz,szovjet,0.9559949636459351
samesz,szubrett,0.8462849855422974
samesz,sábesz,0.8574222922325134
samesz,sóder,0.8214923143386841
samesz,sólet,0.7670828700065613
samesz,tandem,0.9614006876945496
samesz,token,0.9943339824676514
samesz,totem,0.8936964273452759
samesz,transzfer,0.9801626801490784
samesz,traverz,0.8442252278327942
samesz,tróger,0.8124968409538269
samesz,valcer,0.8005133271217346
samesz,vamzer,0.8732189536094666
samesz,vátesz,0.7726325392723083
samesz,zsakett,0.823459267616272
samesz,zsorzsett,0.8748922348022461
samesz,zsáner,0.958209216594696
samesz,ágens,0.9097082614898682
samesz,ájer,0.8100787997245789
samesz,ámen,0.808605432510376
samesz,ómen,0.9130843877792358
skanzen,sláger,0.8284828662872314
skanzen,sparherd,0.7777926921844482
skanzen,srapnel,0.9356433749198914
skanzen,stukker,0.93584805727005
skanzen,subler,0.9644336104393005
skanzen,sumer,0.9140968322753906
skanzen,suszter,0.8230101466178894
skanzen,szkander,0.8553644418716431
skanzen,szlogen,0.8221406936645508
skanzen,szoftver,0.9410674571990967
skanzen,szonett,0.8246347308158875
skanzen,szovjet,0.9966509342193604
skanzen,szubrett,0.8505176305770874
skanzen,sábesz,0.9858172535896301
skanzen,sóder,0.8598887324333191
skanzen,sólet,0.7990970015525818
skanzen,tandem,0.9386758208274841
skanzen,token,1.000257134437561
skanzen,totem,0.8265926837921143
skanzen,transzfer,0.8975878953933716
skanzen,traverz,0.9129721522331238
skanzen,tróger,0.8854856491088867
skanzen,valcer,0.8254478573799133
skanzen,vamzer,1.0554405450820923
skanzen,vátesz,0.9686832427978516
skanzen,zsakett,0.8674383163452148
skanzen,zsorzsett,0.9710901379585266
skanzen,zsáner,0.7420737743377686
skanzen,ágens,1.0176146030426025
skanzen,ájer,0.9477832317352295
skanzen,ámen,1.0125007629394531
skanzen,ómen,1.0275925397872925
sláger,sparherd,0.8796198964118958
sláger,srapnel,0.8900331258773804
sláger,stukker,0.8281421661376953
sláger,subler,0.9253100156784058
sláger,sumer,0.9107786417007446
sláger,suszter,0.8411632776260376
sláger,szkander,0.8783692717552185
sláger,szlogen,0.7026876211166382
sláger,szoftver,0.9286549687385559
sláger,szonett,0.7165688872337341
sláger,szovjet,1.025636076927185
sláger,szubrett,0.7639616131782532
sláger,sábesz,0.9723437428474426
sláger,sóder,0.8818841576576233
sláger,sólet,0.7207146286964417
sláger,tandem,0.8449968099594116
sláger,token,1.0026440620422363
sláger,totem,0.9070078134536743
sláger,transzfer,0.9837934970855713
sláger,traverz,0.8912721872329712
sláger,tróger,0.8614574670791626
sláger,valcer,0.6735243797302246
sláger,vamzer,1.0253738164901733
sláger,vátesz,0.8909199237823486
sláger,zsakett,0.7592693567276001
sláger,zsorzsett,0.9003981351852417
sláger,zsáner,0.7871883511543274
sláger,ágens,1.019163966178894
sláger,ájer,0.8838635683059692
sláger,ámen,0.8749061226844788
sláger,ómen,0.9002125859260559
sparherd,srapnel,0.7622226476669312
sparherd,stukker,0.7854971885681152
sparherd,subler,0.8121634721755981
sparherd,sumer,0.9837348461151123
sparherd,suszter,0.7871817946434021
sparherd,szkander,0.9493817687034607
sparherd,szlogen,0.9081072211265564
sparherd,szoftver,0.9487215280532837
sparherd,szonett,0.850288450717926
sparherd,szovjet,0.9890370965003967
sparherd,szubrett,0.8390293717384338
sparherd,sábesz,0.8412222862243652
sparherd,sóder,0.6667799949645996
sparherd,sólet,0.6807961463928223
sparherd,tandem,0.9436403512954712
sparherd,token,0.8481547236442566
sparherd,totem,0.7476524114608765
sparherd,transzfer,0.9545546174049377
sparherd,traverz,0.8145508170127869
sparherd,tróger,0.8764460682868958
sparherd,valcer,0.7584171891212463
sparherd,vamzer,0.8974970579147339
sparherd,vátesz,0.9367417097091675
sparherd,zsakett,0.7465720772743225
sparherd,zsorzsett,0.7601175904273987
sparherd,zsáner,0.9359887838363647
sparherd,ágens,1.0899678468704224
sparherd,ájer,0.7775030732154846
sparherd,ámen,0.8290286064147949
sparherd,ómen,0.9416519999504089
srapnel,stukker,0.88025963306427
srapnel,subler,0.8717097640037537
srapnel,sumer,0.8947699069976807
srapnel,suszter,0.7985987067222595
srapnel,szkander,1.0079455375671387
srapnel,szlogen,1.0211703777313232
srapnel,szoftver,0.9774044156074524
srapnel,szonett,0.8363783955574036
srapnel,szovjet,0.8923457860946655
srapnel,szubrett,0.834775984287262
srapnel,sábesz,0.9110809564590454
srapnel,sóder,0.7982343435287476
srapnel,sólet,0.7757959365844727
srapnel,tandem,0.8605771660804749
srapnel,token,0.8596872091293335
srapnel,totem,0.8443787097930908
srapnel,transzfer,0.9918383955955505
srapnel,traverz,0.9081939458847046
srapnel,tróger,0.7641706466674805
srapnel,valcer,0.7642681002616882
srapnel,vamzer,0.8901066184043884
srapnel,vátesz,0.9070411920547485
srapnel,zsakett,0.8565531969070435
srapnel,zsorzsett,0.7891252040863037
srapnel,zsáner,0.9391592144966125
srapnel,ágens,0.9706063866615295
srapnel,ájer,0.9007231593132019
srapnel,ámen,0.9075230360031128
srapnel,ómen,0.9254422187805176
stukker,subler,0.9185985922813416
stukker,sumer,0.967718243598938
stukker,suszter,0.7188093662261963
stukker,szkander,0.8556406497955322
stukker,szlogen,0.8756502866744995
stukker,szoftver,0.9869493842124939
stukker,szonett,0.8671019077301025
stukker,szovjet,1.028671145439148
stukker,szubrett,0.9174097776412964
stukker,sábesz,0.8571938872337341
stukker,sóder,0.8177274465560913
stukker,sólet,0.807711124420166
stukker,tandem,0.8872058987617493
stukker,token,1.036057472229004
stukker,totem,0.9394709467887878
stukker,transzfer,1.0705403089523315
stukker,traverz,0.9053448438644409
stukker,tróger,0.8247825503349304
stukker,valcer,0.8328909277915955
stukker,vamzer,0.8325507640838623
stukker,vátesz,0.9160509705543518
stukker,zsakett,0.8754836320877075
stukker,zsorzsett,0.9122841954231262
stukker,zsáner,0.9558233618736267
stukker,ágens,1.087654948234558
stukker,ájer,0.8062520027160645
stukker,ámen,0.8254466652870178
stukker,ómen,0.9096821546554565
subler,sumer,0.888310968875885
subler,suszter,1.0159547328948975
subler,szkander,0.9053316116333008
subler,szlogen,0.923821210861206
subler,szoftver,0.9255877733230591
subler,szonett,0.857794463634491
subler,szovjet,0.9106470346450806
subler,szubrett,0.8639109134674072
subler,sábesz,0.8399498462677002
subler,sóder,0.9014103412628174
subler,sólet,0.8428981304168701
subler,tandem,0.9352171421051025
subler,token,0.8403598070144653
subler,totem,0.9168995022773743
subler,transzfer,0.935624361038208
subler,traverz,0.8767032623291016
subler,tróger,0.9514192342758179
subler,valcer,0.8375784754753113
subler,vamzer,0.8687926530838013
subler,vátesz,0.9448878169059753
subler,zsakett,0.8164079785346985
subler,zsorzsett,0.8300303220748901
subler,zsáner,0.8667712211608887
subler,ágens,0.9108757376670837
subler,ájer,0.9513737559318542
subler,ámen,0.989863395690918
subler,ómen,0.9327108263969421
sumer,suszter,0.9908714294433594
sumer,szkander,1.0874196290969849
sumer,szlogen,0.9118973612785339
sumer,szoftver,0.9512739181518555
sumer,szonett,0.7606816291809082
sumer,szovjet,0.8372855186462402
sumer,szubrett,0.9696810841560364
sumer,sábesz,0.965340256690979
sumer,sóder,0.9439699649810791
sumer,sólet,0.9638612866401672
sumer,tandem,0.8852236866950989
sumer,token,0.8977744579315186
sumer,totem,0.7411828637123108
sumer,transzfer,0.9799484014511108
sumer,traverz,0.9547370672225952
sumer,tróger,0.9950038194656372
sumer,valcer,0.8145880699157715
sumer,vamzer,0.9982241988182068
sumer,vátesz,0.8426145911216736
sumer,zsakett,0.828738808631897
sumer,zsorzsett,0.9485429525375366
sumer,zsáner,0.8559513092041016
sumer,ágens,0.8187962174415588
sumer,ájer,1.0030758380889893
sumer,ámen,0.9007401466369629
sumer,ómen,1.008830189704895
suszter,szkander,0.9610772728919983
suszter,szlogen,0.8430656790733337
suszter,szoftver,0.9972632527351379
suszter,szonett,0.8637149930000305
suszter,szovjet,0.9469835162162781
suszter,szubrett,0.788066029548645
suszter,sábesz,0.9662862420082092
suszter,sóder,0.8095780611038208
suszter,sólet,0.7099788784980774
suszter,tandem,0.9048920273780823
suszter,token,1.0085899829864502
suszter,totem,0.7943475246429443
suszter,transzfer,1.118767261505127
suszter,traverz,0.9250401258468628
suszter,tróger,0.6184554696083069
suszter,valcer,0.8124434947967529
suszter,vamzer,0.7566969394683838
suszter,vátesz,0.7747920751571655
suszter,zsakett,0.7877904176712036
suszter,zsorzsett,0.8115599751472473
suszter,zsáner,0.9089879989624023
suszter,ágens,0.9987062811851501
suszter,ájer,0.781399667263031
suszter,ámen,0.8592334389686584
suszter,ómen,0.860602855682373
szkander,szlogen,0.9246680736541748
szkander,szoftver,0.9806881546974182
szkander,szonett,0.9226657748222351
szkander,szovjet,1.0551906824111938
szkander,szubrett,0.735336422920227
szkander,sábesz,0.877606213092804
szkander,sóder,0.9040136933326721
szkander,sólet,0.7846556901931763
szkander,tandem,0.8161405920982361
szkander,token,0.9813101291656494
szkander,totem,0.8461160659790039
szkander,transzfer,0.9417755007743835
szkander,traverz,0.8026197552680969
szkander,tróger,0.8899267911911011
szkander,valcer,0.8355530500411987
szkander,vamzer,0.9891693592071533
szkander,vátesz,0.9890035390853882
szkander,zsakett,0.8020616769790649
szkander,zsorzsett,0.9222713112831116
szkander,zsáner,0.8354487419128418
szkander,ágens,1.099528193473816
szkander,ájer,0.9309179782867432
szkander,ámen,1.0496851205825806
szkander,ómen,0.8976805210113525
szlogen,szoftver,0.8799219131469727
szlogen,szonett,0.8099241256713867
szlogen,szovjet,0.9839890599250793
szlogen,szubrett,0.9841799736022949
szlogen,sábesz,0.9855806827545166
szlogen,sóder,0.9165444374084473
szlogen,sólet,0.9359445571899414
szlogen,tandem,0.8779642581939697
szlogen,token,0.9648478031158447
szlogen,totem,0.8798131942749023
szlogen,transzfer,0.9712556600570679
szlogen,traverz,0.9554141163825989
szlogen,tróger,0.8603610992431641
szlogen,valcer,0.8883807063102722
szlogen,vamzer,0.9914111495018005
szlogen,vátesz,0.7918679118156433
szlogen,zsakett,0.8747843503952026
szlogen,zsorzsett,1.0743064880371094
szlogen,zsáner,0.9030753374099731
szlogen,ágens,0.8951350450515747
szlogen,ájer,0.9128913879394531
szlogen,ámen,0.803863525390625
szlogen,ómen,0.8208000063896179
szoftver,szonett,0.9018804430961609
szoftver,szovjet,1.0406805276870728
szoftver,szubrett,1.0454832315444946
szoftver,sábesz,0.9973987340927124
szoftver,sóder,0.9623132944107056
szoftver,sólet,1.0244039297103882
szoftver,tandem,0.8760132789611816
szoftver,token,0.6730921864509583
szoftver,totem,1.0252974033355713
szoftver,transzfer,0.7328743934631348
szoftver,traverz,1.059324860572815
szoftver,tróger,0.9660936594009399
szoftver,valcer,0.9730216860771179
szoftver,vamzer,1.022658348083496
szoftver,vátesz,1.0899757146835327
szoftver,zsakett,1.065636157989502
szoftver,zsorzsett,1.0405559539794922
szoftver,zsáner,0.992816686630249
szoftver,ágens,0.6764224767684937
szoftver,ájer,1.0488817691802979
szoftver,ámen,1.058214545249939
szoftver,ómen,1.0999400615692139
szonett,szovjet,1.0083998441696167
szonett,szubrett,0.7698155641555786
szonett,sábesz,0.9164763689041138
szonett,sóder,0.9381455779075623
szonett,sólet,0.7658617496490479
szonett,tandem,0.7789865732192993
szonett,token,0.8447942137718201
szonett,totem,0.7968164086341858
szonett,transzfer,1.0358517169952393
szonett,traverz,0.84425950050354
szonett,tróger,0.853396475315094
szonett,valcer,0.6927177906036377
szonett,vamzer,1.0390422344207764
szonett,vátesz,0.7573534846305847
szonett,zsakett,0.7751027345657349
szonett,zsorzsett,0.9254368543624878
szonett,zsáner,0.6931211352348328
szonett,ágens,0.8324921131134033
szonett,ájer,0.9261348247528076
szonett,ámen,0.8063660860061646
szonett,ómen,0.9294615387916565
szovjet,szubrett,0.994979977607727
szovjet,sábesz,1.046650767326355
szovjet,sóder,1.0193400382995605
szovjet,sólet,1.0175564289093018
szovjet,tandem,0.8930612802505493
szovjet,token,0.9831804633140564
szovjet,totem,1.0194915533065796
szovjet,transzfer,0.9528200626373291
szovjet,traverz,1.038662075996399
szovjet,tróger,1.0419774055480957
szovjet,valcer,0.8919374942779541
szovjet,vamzer,0.9601221680641174
szovjet,vátesz,0.9574373364448547
szovjet,zsakett,0.9512314200401306
szovjet,zsorzsett,0.9819959998130798
szovjet,zsáner,0.9814493656158447
szovjet,ágens,0.9483458995819092
szovjet,ájer,1.0202345848083496
szovjet,ámen,1.0680346488952637
szovjet,ómen,1.0392180681228638
szubrett,sábesz,0.9359129071235657
szubrett,sóder,0.9086628556251526
szubrett,sólet,0.7420096397399902
szubrett,tandem,0.8684588670730591
szubrett,token,0.961856484413147
szubrett,totem,0.8130120635032654
szubrett,transzfer,0.9964553713798523
szubrett,traverz,0.9015330672264099
szubrett,tróger,0.8297486305236816
szubrett,valcer,0.763718843460083
szubrett,vamzer,0.8770227432250977
szubrett,vátesz,0.8290140628814697
szubrett,zsakett,0.668890118598938
szubrett,zsorzsett,0.711293637752533
szubrett,zsáner,0.7007039189338684
szubrett,ágens,1.0005699396133423
szubrett,ájer,0.8087990283966064
szubrett,ámen,0.9280897378921509
szubrett,ómen,0.9679273366928101
sábesz,sóder,0.8704550862312317
sábesz,sólet,0.8461604118347168
sábesz,tandem,0.9957093000411987
sábesz,token,0.9306643009185791
sábesz,totem,0.8969976902008057
sábesz,transzfer,0.982329249382019
sábesz,traverz,0.9201530814170837
sábesz,tróger,0.9737045764923096
sábesz,valcer,0.8354951739311218
sábesz,vamzer,0.9292541146278381
sábesz,vátesz,0.9876937866210938
sábesz,zsakett,0.8603286147117615
sábesz,zsorzsett,0.8679637908935547
sábesz,zsáner,1.0237150192260742
sábesz,ágens,0.9733293056488037
sábesz,ájer,1.0135830640792847
sábesz,ámen,0.8720569014549255
sábesz,ómen,0.8573156595230103
sóder,sólet,0.6975950598716736
sóder,tandem,0.9284828901290894
sóder,token,0.9793482422828674
sóder,totem,0.8110535144805908
sóder,transzfer,0.9632484912872314
sóder,traverz,0.811305046081543
sóder,tróger,0.8214746713638306
sóder,valcer,0.8962575793266296
sóder,vamzer,0.8796676993370056
sóder,vátesz,1.0093740224838257
sóder,zsakett,0.7795206308364868
sóder,zsorzsett,0.7810583710670471
sóder,zsáner,1.0089343786239624
sóder,ágens,1.1000981330871582
sóder,ájer,0.7332737445831299
sóder,ámen,0.8822848200798035
sóder,ómen,0.9175812005996704
sólet,tandem,0.8864413499832153
sólet,token,0.9700633883476257
sólet,totem,0.7687217593193054
sólet,transzfer,1.136509656906128
sólet,traverz,0.8884583115577698
sólet,tróger,0.7587841153144836
sólet,valcer,0.7189393639564514
sólet,vamzer,0.8507992625236511
sólet,vátesz,0.9065320491790771
sólet,zsakett,0.7269434928894043
sólet,zsorzsett,0.7257876396179199
sólet,zsáner,0.8558679223060608
sólet,ágens,1.0517053604125977
sólet,ájer,0.7899433374404907
sólet,ámen,0.8542612791061401
sólet,ómen,0.8231537938117981
tandem,token,0.7511011958122253
tandem,totem,0.8153061270713806
tandem,transzfer,0.8218380808830261
tandem,traverz,0.8289508819580078
tandem,tróger,0.9111228585243225
tandem,valcer,0.8155953288078308
tandem,vamzer,1.0079749822616577
tandem,vátesz,1.0139104127883911
tandem,zsakett,0.846561849117279
tandem,zsorzsett,0.9994803667068481
tandem,zsáner,0.9456871151924133
tandem,ágens,0.8616396188735962
tandem,ájer,0.9843505620956421
tandem,ámen,1.0330764055252075
tandem,ómen,0.9409191012382507
token,totem,0.8145281672477722
token,transzfer,0.7581288814544678
token,traverz,0.879299521446228
token,tróger,0.9914537668228149
token,valcer,0.9249572157859802
token,vamzer,1.0157063007354736
token,vátesz,1.034652829170227
token,zsakett,0.9088220596313477
token,zsorzsett,1.0029957294464111
token,zsáner,0.9890983700752258
token,ágens,0.762622058391571
token,ájer,1.0771068334579468
token,ámen,0.9494650959968567
token,ómen,1.0755043029785156
totem,transzfer,1.0207194089889526
totem,traverz,0.845139741897583
totem,tróger,0.8374719619750977
totem,valcer,0.7821716666221619
totem,vamzer,0.8699952363967896
totem,vátesz,0.8606874942779541
totem,zsakett,0.7654661536216736
totem,zsorzsett,0.8567459583282471
totem,zsáner,0.8653576374053955
totem,ágens,0.9178371429443359
totem,ájer,0.8712033629417419
totem,ámen,0.8279565572738647
totem,ómen,0.9311949014663696
transzfer,traverz,0.9010496735572815
transzfer,tróger,1.0689527988433838
transzfer,valcer,0.9098299145698547
transzfer,vamzer,1.0961099863052368
transzfer,vátesz,1.1399214267730713
transzfer,zsakett,0.9964282512664795
transzfer,zsorzsett,1.0316656827926636
transzfer,zsáner,1.0362107753753662
transzfer,ágens,0.8705563545227051
transzfer,ájer,1.0158089399337769
transzfer,ámen,1.0642170906066895
transzfer,ómen,1.0966951847076416
traverz,tróger,0.9024057388305664
traverz,valcer,0.8013427257537842
traverz,vamzer,1.0058742761611938
traverz,vátesz,0.9899362921714783
traverz,zsakett,0.7502877712249756
traverz,zsorzsett,0.8990402817726135
traverz,zsáner,0.9662561416625977
traverz,ágens,1.0758284330368042
traverz,ájer,0.8241642713546753
traverz,ámen,0.94337397813797
traverz,ómen,0.8973917961120605
tróger,valcer,0.787914514541626
tróger,vamzer,0.7083555459976196
tróger,vátesz,0.796571671962738
tróger,zsakett,0.9074820280075073
tróger,zsorzsett,0.846504271030426
tróger,zsáner,0.9631462693214417
tróger,ágens,1.0084187984466553
tróger,ájer,0.8167411088943481
tróger,ámen,0.798609733581543
tróger,ómen,0.8530384302139282
valcer,vamzer,0.9684975147247314
valcer,vátesz,0.8283836245536804
valcer,zsakett,0.7031346559524536
valcer,zsorzsett,0.821086049079895
valcer,zsáner,0.8162583708763123
valcer,ágens,0.9547992944717407
valcer,ájer,0.815632700920105
valcer,ámen,0.8492364287376404
valcer,ómen,0.9391211867332458
vamzer,vátesz,0.8799822330474854
vamzer,zsakett,0.9451584219932556
vamzer,zsorzsett,0.8673234581947327
vamzer,zsáner,1.039018154144287
vamzer,ágens,0.9914050698280334
vamzer,ájer,0.9102805852890015
vamzer,ámen,0.8880228400230408
vamzer,ómen,0.9413238167762756
vátesz,zsakett,0.9621067643165588
vátesz,zsorzsett,0.9360994100570679
vátesz,zsáner,0.7919502258300781
vátesz,ágens,0.8895326852798462
vátesz,ájer,0.9012452363967896
vátesz,ámen,0.7766129374504089
vátesz,ómen,0.8863916993141174
zsakett,zsorzsett,0.7352163791656494
zsakett,zsáner,0.7618473768234253
zsakett,ágens,1.0138787031173706
zsakett,ájer,0.784895658493042
zsakett,ámen,0.9961193203926086
zsakett,ómen,0.9031710624694824
zsorzsett,zsáner,0.8639855980873108
zsorzsett,ágens,1.0813825130462646
zsorzsett,ájer,0.8216805458068848
zsorzsett,ámen,0.902925431728363
zsorzsett,ómen,0.9784705638885498
zsáner,ágens,0.9809563755989075
zsáner,ájer,1.0207014083862305
zsáner,ámen,0.9936142563819885
zsáner,ómen,1.0642188787460327
ágens,ájer,1.047844409942627
ágens,ámen,1.0224190950393677
ágens,ómen,1.0015795230865479
ájer,ámen,0.8470849990844727
ájer,ómen,0.8770664930343628
ámen,ómen,0.9466543793678284
