id	yob	age	gender	total_time	i	target	accept	rt	upper_time	lower_time
GVH1BZ	2000	24	férfi	572051	1	szláken	FALSE	7180	892650.628	-168238.62800000003
GVH1BZ	2000	24	férfi	572051	2	laben	FALSE	7363	892650.628	-168238.62800000003
GVH1BZ	2000	24	férfi	572051	3	mojem	TRUE	7147	892650.628	-168238.62800000003
GVH1BZ	2000	24	férfi	572051	4	daken	TRUE	7950	892650.628	-168238.62800000003
GVH1BZ	2000	24	férfi	572051	5	mojem	FALSE	13302	892650.628	-168238.62800000003
GVH1BZ	2000	24	férfi	572051	6	gortesz	TRUE	6100	892650.628	-168238.62800000003
GVH1BZ	2000	24	férfi	572051	7	pratec	TRUE	9920	892650.628	-168238.62800000003
GVH1BZ	2000	24	férfi	572051	8	pámen	TRUE	3760	892650.628	-168238.62800000003
GVH1BZ	2000	24	férfi	572051	9	próngem	FALSE	11348	892650.628	-168238.62800000003
GVH1BZ	2000	24	férfi	572051	10	szláken	TRUE	8949	892650.628	-168238.62800000003
GVH1BZ	2000	24	férfi	572051	11	sudel	FALSE	5432	892650.628	-168238.62800000003
GVH1BZ	2000	24	férfi	572051	12	vódett	FALSE	4726	892650.628	-168238.62800000003
GVH1BZ	2000	24	férfi	572051	13	takkesz	FALSE	9136	892650.628	-168238.62800000003
GVH1BZ	2000	24	férfi	572051	14	kokker	FALSE	14127	892650.628	-168238.62800000003
GVH1BZ	2000	24	férfi	572051	15	voglens	FALSE	13720	892650.628	-168238.62800000003
GVH1BZ	2000	24	férfi	572051	16	bojex	TRUE	2921	892650.628	-168238.62800000003
GVH1BZ	2000	24	férfi	572051	17	trumlex	TRUE	11815	892650.628	-168238.62800000003
GVH1BZ	2000	24	férfi	572051	18	daken	TRUE	8655	892650.628	-168238.62800000003
GVH1BZ	2000	24	férfi	572051	19	plosztem	TRUE	4548	892650.628	-168238.62800000003
GVH1BZ	2000	24	férfi	572051	20	stokler	TRUE	4183	892650.628	-168238.62800000003
GVH1BZ	2000	24	férfi	572051	21	pofszett	TRUE	3761	892650.628	-168238.62800000003
GVH1BZ	2000	24	férfi	572051	22	kamesz	TRUE	3816	892650.628	-168238.62800000003
GVH1BZ	2000	24	férfi	572051	23	loftvens	FALSE	6847	892650.628	-168238.62800000003
GVH1BZ	2000	24	férfi	572051	24	slotens	TRUE	4268	892650.628	-168238.62800000003
GVH1BZ	2000	24	férfi	572051	25	kokker	TRUE	4254	892650.628	-168238.62800000003
GVH1BZ	2000	24	férfi	572051	26	rojett	TRUE	6968	892650.628	-168238.62800000003
GVH1BZ	2000	24	férfi	572051	27	kampesz	TRUE	3156	892650.628	-168238.62800000003
GVH1BZ	2000	24	férfi	572051	28	hókens	FALSE	3199	892650.628	-168238.62800000003
GVH1BZ	2000	24	férfi	572051	29	kacsek	TRUE	4615	892650.628	-168238.62800000003
GVH1BZ	2000	24	férfi	572051	30	bórcer	FALSE	4655	892650.628	-168238.62800000003
GVH1BZ	2000	24	férfi	572051	31	kumek	TRUE	6590	892650.628	-168238.62800000003
GVH1BZ	2000	24	férfi	572051	32	flotek	TRUE	4668	892650.628	-168238.62800000003
GVH1BZ	2000	24	férfi	572051	33	bondett	FALSE	4198	892650.628	-168238.62800000003
GVH1BZ	2000	24	férfi	572051	34	szkatyec	TRUE	4088	892650.628	-168238.62800000003
GVH1BZ	2000	24	férfi	572051	35	pódens	FALSE	3918	892650.628	-168238.62800000003
GVH1BZ	2000	24	férfi	572051	36	tokex	FALSE	6656	892650.628	-168238.62800000003
GVH1BZ	2000	24	férfi	572051	37	ubrem	FALSE	12325	892650.628	-168238.62800000003
GVH1BZ	2000	24	férfi	572051	38	pofszett	TRUE	3740	892650.628	-168238.62800000003
GVH1BZ	2000	24	férfi	572051	39	bralek	TRUE	3148	892650.628	-168238.62800000003
GVH1BZ	2000	24	férfi	572051	40	flotek	TRUE	10825	892650.628	-168238.62800000003
GVH1BZ	2000	24	férfi	572051	41	kajler	FALSE	7542	892650.628	-168238.62800000003
GVH1BZ	2000	24	férfi	572051	42	voglens	FALSE	8540	892650.628	-168238.62800000003
GVH1BZ	2000	24	férfi	572051	43	tosztem	FALSE	9818	892650.628	-168238.62800000003
GVH1BZ	2000	24	férfi	572051	44	takkesz	TRUE	3406	892650.628	-168238.62800000003
GVH1BZ	2000	24	férfi	572051	45	bálen	TRUE	6408	892650.628	-168238.62800000003
GVH1BZ	2000	24	férfi	572051	46	moplec	FALSE	9377	892650.628	-168238.62800000003
GVH1BZ	2000	24	férfi	572051	47	slotens	TRUE	1462	892650.628	-168238.62800000003
GVH1BZ	2000	24	férfi	572051	48	rojett	TRUE	1992	892650.628	-168238.62800000003
GVH1BZ	2000	24	férfi	572051	49	bachesz	TRUE	2195	892650.628	-168238.62800000003
GVH1BZ	2000	24	férfi	572051	50	baktec	FALSE	4152	892650.628	-168238.62800000003
GVH1BZ	2000	24	férfi	572051	51	ojett	FALSE	2482	892650.628	-168238.62800000003
GVH1BZ	2000	24	férfi	572051	52	pámen	FALSE	3064	892650.628	-168238.62800000003
GVH1BZ	2000	24	férfi	572051	53	kranel	FALSE	3498	892650.628	-168238.62800000003
GVH1BZ	2000	24	férfi	572051	54	tokex	TRUE	10294	892650.628	-168238.62800000003
GVH1BZ	2000	24	férfi	572051	55	dubex	FALSE	5016	892650.628	-168238.62800000003
GVH1BZ	2000	24	férfi	572051	56	suter	FALSE	1791	892650.628	-168238.62800000003
GVH1BZ	2000	24	férfi	572051	57	moplec	FALSE	5064	892650.628	-168238.62800000003
GVH1BZ	2000	24	férfi	572051	58	gortesz	FALSE	3570	892650.628	-168238.62800000003
GVH1BZ	2000	24	férfi	572051	59	kojex	FALSE	6570	892650.628	-168238.62800000003
GVH1BZ	2000	24	férfi	572051	60	sapec	TRUE	3641	892650.628	-168238.62800000003
GVH1BZ	2000	24	férfi	572051	61	ojett	FALSE	4223	892650.628	-168238.62800000003
GVH1BZ	2000	24	férfi	572051	62	bojex	FALSE	3313	892650.628	-168238.62800000003
GVH1BZ	2000	24	férfi	572051	63	forrel	FALSE	5555	892650.628	-168238.62800000003
GVH1BZ	2000	24	férfi	572051	64	saklek	FALSE	5019	892650.628	-168238.62800000003
GVH1BZ	2000	24	férfi	572051	65	pratec	FALSE	8543	892650.628	-168238.62800000003
GVH1BZ	2000	24	férfi	572051	66	hacel	TRUE	1969	892650.628	-168238.62800000003
GVH1BZ	2000	24	férfi	572051	67	sapec	TRUE	2593	892650.628	-168238.62800000003
GVH1BZ	2000	24	férfi	572051	68	pódens	TRUE	2605	892650.628	-168238.62800000003
GVH1BZ	2000	24	férfi	572051	69	ubrem	FALSE	8686	892650.628	-168238.62800000003
GVH1BZ	2000	24	férfi	572051	70	hodel	TRUE	1691	892650.628	-168238.62800000003
GVH1BZ	2000	24	férfi	572051	71	baktec	TRUE	5329	892650.628	-168238.62800000003
GVH1BZ	2000	24	férfi	572051	72	tosztem	TRUE	2183	892650.628	-168238.62800000003
GVH1BZ	2000	24	férfi	572051	73	bálen	FALSE	6513	892650.628	-168238.62800000003
GVH1BZ	2000	24	férfi	572051	74	kojex	TRUE	11643	892650.628	-168238.62800000003
GVH1BZ	2000	24	férfi	572051	75	kamesz	TRUE	1664	892650.628	-168238.62800000003
GVH1BZ	2000	24	férfi	572051	76	vódett	FALSE	2365	892650.628	-168238.62800000003
GVH1BZ	2000	24	férfi	572051	77	próngem	TRUE	13825	892650.628	-168238.62800000003
GVH1BZ	2000	24	férfi	572051	78	saklek	FALSE	4627	892650.628	-168238.62800000003
GVH1BZ	2000	24	férfi	572051	79	laben	FALSE	6943	892650.628	-168238.62800000003
GVH1BZ	2000	24	férfi	572051	80	stokler	FALSE	8649	892650.628	-168238.62800000003
GVH1BZ	2000	24	férfi	572051	81	bralek	FALSE	8606	892650.628	-168238.62800000003
GVH1BZ	2000	24	férfi	572051	82	kumek	TRUE	27834	892650.628	-168238.62800000003
GVH1BZ	2000	24	férfi	572051	83	plosztem	FALSE	1471	892650.628	-168238.62800000003
GVH1BZ	2000	24	férfi	572051	84	suter	TRUE	1897	892650.628	-168238.62800000003
GVH1BZ	2000	24	férfi	572051	85	hodel	FALSE	3044	892650.628	-168238.62800000003
GVH1BZ	2000	24	férfi	572051	86	kranel	TRUE	3906	892650.628	-168238.62800000003
GVH1BZ	2000	24	férfi	572051	87	hókens	FALSE	7662	892650.628	-168238.62800000003
GVH1BZ	2000	24	férfi	572051	88	loftvens	FALSE	4307	892650.628	-168238.62800000003
GVH1BZ	2000	24	férfi	572051	89	sudel	TRUE	1464	892650.628	-168238.62800000003
GVH1BZ	2000	24	férfi	572051	90	bondett	FALSE	1616	892650.628	-168238.62800000003
GVH1BZ	2000	24	férfi	572051	91	forrel	FALSE	2591	892650.628	-168238.62800000003
GVH1BZ	2000	24	férfi	572051	92	hacel	FALSE	2585	892650.628	-168238.62800000003
GVH1BZ	2000	24	férfi	572051	93	kajler	TRUE	3402	892650.628	-168238.62800000003
GVH1BZ	2000	24	férfi	572051	94	dubex	TRUE	5657	892650.628	-168238.62800000003
GVH1BZ	2000	24	férfi	572051	95	kampesz	TRUE	1434	892650.628	-168238.62800000003
GVH1BZ	2000	24	férfi	572051	96	kacsek	TRUE	6999	892650.628	-168238.62800000003
GVH1BZ	2000	24	férfi	572051	97	bórcer	FALSE	1848	892650.628	-168238.62800000003
GVH1BZ	2000	24	férfi	572051	98	szkatyec	FALSE	3227	892650.628	-168238.62800000003
GVH1BZ	2000	24	férfi	572051	99	bachesz	FALSE	3267	892650.628	-168238.62800000003
GVH1BZ	2000	24	férfi	572051	100	trumlex	FALSE	3437	892650.628	-168238.62800000003
VMQ5TC	2004	20	f	16795	1	sudel	TRUE	50	892650.628	-168238.62800000003
VMQ5TC	2004	20	f	16795	2	suter	FALSE	94	892650.628	-168238.62800000003
VMQ5TC	2004	20	f	16795	3	ojett	FALSE	120	892650.628	-168238.62800000003
VMQ5TC	2004	20	f	16795	4	kojex	TRUE	27	892650.628	-168238.62800000003
VMQ5TC	2004	20	f	16795	5	rojett	FALSE	99	892650.628	-168238.62800000003
VMQ5TC	2004	20	f	16795	6	kranel	FALSE	73	892650.628	-168238.62800000003
VMQ5TC	2004	20	f	16795	7	pódens	TRUE	5	892650.628	-168238.62800000003
VMQ5TC	2004	20	f	16795	8	vódett	FALSE	118	892650.628	-168238.62800000003
VMQ5TC	2004	20	f	16795	9	kranel	FALSE	84	892650.628	-168238.62800000003
VMQ5TC	2004	20	f	16795	10	kamesz	FALSE	49	892650.628	-168238.62800000003
VMQ5TC	2004	20	f	16795	11	bórcer	FALSE	106	892650.628	-168238.62800000003
VMQ5TC	2004	20	f	16795	12	flotek	FALSE	86	892650.628	-168238.62800000003
VMQ5TC	2004	20	f	16795	13	bojex	FALSE	4767	892650.628	-168238.62800000003
VMQ5TC	2004	20	f	16795	14	kokker	TRUE	951	892650.628	-168238.62800000003
VMQ5TC	2004	20	f	16795	15	daken	FALSE	323	892650.628	-168238.62800000003
VMQ5TC	2004	20	f	16795	16	bojex	TRUE	47	892650.628	-168238.62800000003
VMQ5TC	2004	20	f	16795	17	bálen	FALSE	92	892650.628	-168238.62800000003
VMQ5TC	2004	20	f	16795	18	mojem	TRUE	18	892650.628	-168238.62800000003
VMQ5TC	2004	20	f	16795	19	tosztem	FALSE	48	892650.628	-168238.62800000003
VMQ5TC	2004	20	f	16795	20	saklek	TRUE	164	892650.628	-168238.62800000003
VMQ5TC	2004	20	f	16795	21	kumek	TRUE	161	892650.628	-168238.62800000003
VMQ5TC	2004	20	f	16795	22	baktec	FALSE	3	892650.628	-168238.62800000003
VMQ5TC	2004	20	f	16795	23	kampesz	TRUE	2	892650.628	-168238.62800000003
VMQ5TC	2004	20	f	16795	24	próngem	TRUE	129	892650.628	-168238.62800000003
VMQ5TC	2004	20	f	16795	25	dubex	TRUE	59	892650.628	-168238.62800000003
VMQ5TC	2004	20	f	16795	26	saklek	TRUE	275	892650.628	-168238.62800000003
VMQ5TC	2004	20	f	16795	27	trumlex	FALSE	58	892650.628	-168238.62800000003
VMQ5TC	2004	20	f	16795	28	suter	FALSE	100	892650.628	-168238.62800000003
VMQ5TC	2004	20	f	16795	29	slotens	FALSE	426	892650.628	-168238.62800000003
VMQ5TC	2004	20	f	16795	30	voglens	TRUE	449	892650.628	-168238.62800000003
VMQ5TC	2004	20	f	16795	31	voglens	TRUE	104	892650.628	-168238.62800000003
VMQ5TC	2004	20	f	16795	32	gortesz	TRUE	12	892650.628	-168238.62800000003
VMQ5TC	2004	20	f	16795	33	forrel	TRUE	105	892650.628	-168238.62800000003
VMQ5TC	2004	20	f	16795	34	tosztem	FALSE	47	892650.628	-168238.62800000003
VMQ5TC	2004	20	f	16795	35	tokex	TRUE	27	892650.628	-168238.62800000003
VMQ5TC	2004	20	f	16795	36	ubrem	FALSE	11	892650.628	-168238.62800000003
VMQ5TC	2004	20	f	16795	37	pofszett	FALSE	7	892650.628	-168238.62800000003
VMQ5TC	2004	20	f	16795	38	daken	FALSE	19	892650.628	-168238.62800000003
VMQ5TC	2004	20	f	16795	39	pódens	TRUE	120	892650.628	-168238.62800000003
VMQ5TC	2004	20	f	16795	40	bralek	TRUE	77	892650.628	-168238.62800000003
VMQ5TC	2004	20	f	16795	41	slotens	TRUE	173	892650.628	-168238.62800000003
VMQ5TC	2004	20	f	16795	42	bachesz	FALSE	35	892650.628	-168238.62800000003
VMQ5TC	2004	20	f	16795	43	szkatyec	FALSE	43	892650.628	-168238.62800000003
VMQ5TC	2004	20	f	16795	44	szláken	FALSE	141	892650.628	-168238.62800000003
VMQ5TC	2004	20	f	16795	45	moplec	TRUE	33	892650.628	-168238.62800000003
VMQ5TC	2004	20	f	16795	46	kojex	FALSE	134	892650.628	-168238.62800000003
VMQ5TC	2004	20	f	16795	47	hodel	TRUE	26	892650.628	-168238.62800000003
VMQ5TC	2004	20	f	16795	48	bondett	FALSE	63	892650.628	-168238.62800000003
VMQ5TC	2004	20	f	16795	49	tokex	TRUE	8	892650.628	-168238.62800000003
VMQ5TC	2004	20	f	16795	50	stokler	FALSE	2	892650.628	-168238.62800000003
VMQ5TC	2004	20	f	16795	51	plosztem	TRUE	111	892650.628	-168238.62800000003
VMQ5TC	2004	20	f	16795	52	szkatyec	FALSE	61	892650.628	-168238.62800000003
VMQ5TC	2004	20	f	16795	53	gortesz	FALSE	93	892650.628	-168238.62800000003
VMQ5TC	2004	20	f	16795	54	kokker	FALSE	82	892650.628	-168238.62800000003
VMQ5TC	2004	20	f	16795	55	laben	TRUE	53	892650.628	-168238.62800000003
VMQ5TC	2004	20	f	16795	56	próngem	TRUE	58	892650.628	-168238.62800000003
VMQ5TC	2004	20	f	16795	57	hókens	TRUE	165	892650.628	-168238.62800000003
VMQ5TC	2004	20	f	16795	58	bralek	FALSE	15	892650.628	-168238.62800000003
VMQ5TC	2004	20	f	16795	59	pratec	TRUE	303	892650.628	-168238.62800000003
VMQ5TC	2004	20	f	16795	60	ojett	TRUE	4	892650.628	-168238.62800000003
VMQ5TC	2004	20	f	16795	61	plosztem	TRUE	501	892650.628	-168238.62800000003
VMQ5TC	2004	20	f	16795	62	hodel	FALSE	182	892650.628	-168238.62800000003
VMQ5TC	2004	20	f	16795	63	rojett	FALSE	102	892650.628	-168238.62800000003
VMQ5TC	2004	20	f	16795	64	kacsek	TRUE	174	892650.628	-168238.62800000003
VMQ5TC	2004	20	f	16795	65	ubrem	FALSE	86	892650.628	-168238.62800000003
VMQ5TC	2004	20	f	16795	66	bórcer	TRUE	76	892650.628	-168238.62800000003
VMQ5TC	2004	20	f	16795	67	laben	FALSE	6	892650.628	-168238.62800000003
VMQ5TC	2004	20	f	16795	68	kacsek	FALSE	83	892650.628	-168238.62800000003
VMQ5TC	2004	20	f	16795	69	kamesz	FALSE	3	892650.628	-168238.62800000003
VMQ5TC	2004	20	f	16795	70	kampesz	FALSE	141	892650.628	-168238.62800000003
VMQ5TC	2004	20	f	16795	71	kajler	TRUE	649	892650.628	-168238.62800000003
VMQ5TC	2004	20	f	16795	72	kumek	FALSE	131	892650.628	-168238.62800000003
VMQ5TC	2004	20	f	16795	73	pratec	FALSE	101	892650.628	-168238.62800000003
VMQ5TC	2004	20	f	16795	74	loftvens	TRUE	165	892650.628	-168238.62800000003
VMQ5TC	2004	20	f	16795	75	loftvens	FALSE	100	892650.628	-168238.62800000003
VMQ5TC	2004	20	f	16795	76	szláken	TRUE	27	892650.628	-168238.62800000003
VMQ5TC	2004	20	f	16795	77	vódett	FALSE	21	892650.628	-168238.62800000003
VMQ5TC	2004	20	f	16795	78	trumlex	FALSE	119	892650.628	-168238.62800000003
VMQ5TC	2004	20	f	16795	79	stokler	TRUE	2	892650.628	-168238.62800000003
VMQ5TC	2004	20	f	16795	80	sapec	FALSE	260	892650.628	-168238.62800000003
VMQ5TC	2004	20	f	16795	81	mojem	TRUE	151	892650.628	-168238.62800000003
VMQ5TC	2004	20	f	16795	82	hókens	FALSE	153	892650.628	-168238.62800000003
VMQ5TC	2004	20	f	16795	83	moplec	FALSE	171	892650.628	-168238.62800000003
VMQ5TC	2004	20	f	16795	84	pámen	FALSE	104	892650.628	-168238.62800000003
VMQ5TC	2004	20	f	16795	85	pofszett	FALSE	10	892650.628	-168238.62800000003
VMQ5TC	2004	20	f	16795	86	baktec	TRUE	188	892650.628	-168238.62800000003
VMQ5TC	2004	20	f	16795	87	kajler	FALSE	85	892650.628	-168238.62800000003
VMQ5TC	2004	20	f	16795	88	sapec	TRUE	104	892650.628	-168238.62800000003
VMQ5TC	2004	20	f	16795	89	pámen	FALSE	118	892650.628	-168238.62800000003
VMQ5TC	2004	20	f	16795	90	bondett	FALSE	196	892650.628	-168238.62800000003
VMQ5TC	2004	20	f	16795	91	hacel	FALSE	50	892650.628	-168238.62800000003
VMQ5TC	2004	20	f	16795	92	takkesz	FALSE	26	892650.628	-168238.62800000003
VMQ5TC	2004	20	f	16795	93	flotek	FALSE	57	892650.628	-168238.62800000003
VMQ5TC	2004	20	f	16795	94	bálen	FALSE	12	892650.628	-168238.62800000003
VMQ5TC	2004	20	f	16795	95	sudel	FALSE	53	892650.628	-168238.62800000003
VMQ5TC	2004	20	f	16795	96	takkesz	FALSE	140	892650.628	-168238.62800000003
VMQ5TC	2004	20	f	16795	97	hacel	FALSE	483	892650.628	-168238.62800000003
VMQ5TC	2004	20	f	16795	98	forrel	FALSE	10	892650.628	-168238.62800000003
VMQ5TC	2004	20	f	16795	99	dubex	FALSE	118	892650.628	-168238.62800000003
VMQ5TC	2004	20	f	16795	100	bachesz	FALSE	522	892650.628	-168238.62800000003
E1FFKG	2005	19	nő	1435428	1	voglens	FALSE	13612	892650.628	-168238.62800000003
E1FFKG	2005	19	nő	1435428	2	szkatyec	TRUE	6004	892650.628	-168238.62800000003
E1FFKG	2005	19	nő	1435428	3	bórcer	TRUE	7982	892650.628	-168238.62800000003
E1FFKG	2005	19	nő	1435428	4	bórcer	FALSE	17761	892650.628	-168238.62800000003
E1FFKG	2005	19	nő	1435428	5	pofszett	TRUE	5583	892650.628	-168238.62800000003
E1FFKG	2005	19	nő	1435428	6	daken	FALSE	11280	892650.628	-168238.62800000003
E1FFKG	2005	19	nő	1435428	7	pámen	TRUE	5744	892650.628	-168238.62800000003
E1FFKG	2005	19	nő	1435428	8	kranel	FALSE	17085	892650.628	-168238.62800000003
E1FFKG	2005	19	nő	1435428	9	sapec	FALSE	9729	892650.628	-168238.62800000003
E1FFKG	2005	19	nő	1435428	10	sudel	FALSE	20679	892650.628	-168238.62800000003
E1FFKG	2005	19	nő	1435428	11	ojett	TRUE	7634	892650.628	-168238.62800000003
E1FFKG	2005	19	nő	1435428	12	tosztem	FALSE	11275	892650.628	-168238.62800000003
E1FFKG	2005	19	nő	1435428	13	pódens	TRUE	10026	892650.628	-168238.62800000003
E1FFKG	2005	19	nő	1435428	14	bondett	FALSE	13489	892650.628	-168238.62800000003
E1FFKG	2005	19	nő	1435428	15	dubex	FALSE	4559	892650.628	-168238.62800000003
E1FFKG	2005	19	nő	1435428	16	mojem	FALSE	8606	892650.628	-168238.62800000003
E1FFKG	2005	19	nő	1435428	17	forrel	TRUE	9596	892650.628	-168238.62800000003
E1FFKG	2005	19	nő	1435428	18	kumek	TRUE	3379	892650.628	-168238.62800000003
E1FFKG	2005	19	nő	1435428	19	ojett	FALSE	7788	892650.628	-168238.62800000003
E1FFKG	2005	19	nő	1435428	20	rojett	FALSE	3015	892650.628	-168238.62800000003
E1FFKG	2005	19	nő	1435428	21	kumek	FALSE	3238	892650.628	-168238.62800000003
E1FFKG	2005	19	nő	1435428	22	próngem	TRUE	6102	892650.628	-168238.62800000003
E1FFKG	2005	19	nő	1435428	23	bálen	FALSE	7402	892650.628	-168238.62800000003
E1FFKG	2005	19	nő	1435428	24	rojett	FALSE	4262	892650.628	-168238.62800000003
E1FFKG	2005	19	nő	1435428	25	ubrem	FALSE	9680	892650.628	-168238.62800000003
E1FFKG	2005	19	nő	1435428	26	próngem	FALSE	7834	892650.628	-168238.62800000003
E1FFKG	2005	19	nő	1435428	27	bachesz	TRUE	6447	892650.628	-168238.62800000003
E1FFKG	2005	19	nő	1435428	28	hacel	TRUE	6633	892650.628	-168238.62800000003
E1FFKG	2005	19	nő	1435428	29	kajler	FALSE	4106	892650.628	-168238.62800000003
E1FFKG	2005	19	nő	1435428	30	loftvens	TRUE	13462	892650.628	-168238.62800000003
E1FFKG	2005	19	nő	1435428	31	laben	TRUE	6367	892650.628	-168238.62800000003
E1FFKG	2005	19	nő	1435428	32	gortesz	TRUE	3698	892650.628	-168238.62800000003
E1FFKG	2005	19	nő	1435428	33	bojex	TRUE	2348	892650.628	-168238.62800000003
E1FFKG	2005	19	nő	1435428	34	flotek	TRUE	6778	892650.628	-168238.62800000003
E1FFKG	2005	19	nő	1435428	35	gortesz	TRUE	2692	892650.628	-168238.62800000003
E1FFKG	2005	19	nő	1435428	36	loftvens	FALSE	4339	892650.628	-168238.62800000003
E1FFKG	2005	19	nő	1435428	37	hodel	FALSE	4872	892650.628	-168238.62800000003
E1FFKG	2005	19	nő	1435428	38	kampesz	TRUE	3402	892650.628	-168238.62800000003
E1FFKG	2005	19	nő	1435428	39	mojem	FALSE	7786	892650.628	-168238.62800000003
E1FFKG	2005	19	nő	1435428	40	forrel	TRUE	4756	892650.628	-168238.62800000003
E1FFKG	2005	19	nő	1435428	41	kamesz	FALSE	6482	892650.628	-168238.62800000003
E1FFKG	2005	19	nő	1435428	42	voglens	FALSE	3372	892650.628	-168238.62800000003
E1FFKG	2005	19	nő	1435428	43	plosztem	TRUE	7911	892650.628	-168238.62800000003
E1FFKG	2005	19	nő	1435428	44	stokler	TRUE	3872	892650.628	-168238.62800000003
E1FFKG	2005	19	nő	1435428	45	kokker	TRUE	7305	892650.628	-168238.62800000003
E1FFKG	2005	19	nő	1435428	46	tosztem	FALSE	5089	892650.628	-168238.62800000003
E1FFKG	2005	19	nő	1435428	47	bachesz	TRUE	4039	892650.628	-168238.62800000003
E1FFKG	2005	19	nő	1435428	48	szláken	FALSE	7402	892650.628	-168238.62800000003
E1FFKG	2005	19	nő	1435428	49	trumlex	TRUE	4397	892650.628	-168238.62800000003
E1FFKG	2005	19	nő	1435428	50	kojex	TRUE	3516	892650.628	-168238.62800000003
E1FFKG	2005	19	nő	1435428	51	saklek	TRUE	5229	892650.628	-168238.62800000003
E1FFKG	2005	19	nő	1435428	52	pódens	FALSE	3944	892650.628	-168238.62800000003
E1FFKG	2005	19	nő	1435428	53	baktec	FALSE	9134	892650.628	-168238.62800000003
E1FFKG	2005	19	nő	1435428	54	kranel	TRUE	7401	892650.628	-168238.62800000003
E1FFKG	2005	19	nő	1435428	55	bálen	FALSE	4347	892650.628	-168238.62800000003
E1FFKG	2005	19	nő	1435428	56	kacsek	FALSE	4737	892650.628	-168238.62800000003
E1FFKG	2005	19	nő	1435428	57	kokker	TRUE	2532	892650.628	-168238.62800000003
E1FFKG	2005	19	nő	1435428	58	suter	TRUE	5507	892650.628	-168238.62800000003
E1FFKG	2005	19	nő	1435428	59	slotens	TRUE	6196	892650.628	-168238.62800000003
E1FFKG	2005	19	nő	1435428	60	bojex	TRUE	3279	892650.628	-168238.62800000003
E1FFKG	2005	19	nő	1435428	61	pofszett	FALSE	8046	892650.628	-168238.62800000003
E1FFKG	2005	19	nő	1435428	62	vódett	FALSE	2958	892650.628	-168238.62800000003
E1FFKG	2005	19	nő	1435428	63	suter	FALSE	2279	892650.628	-168238.62800000003
E1FFKG	2005	19	nő	1435428	64	laben	TRUE	2764	892650.628	-168238.62800000003
E1FFKG	2005	19	nő	1435428	65	slotens	FALSE	2038	892650.628	-168238.62800000003
E1FFKG	2005	19	nő	1435428	66	tokex	FALSE	5178	892650.628	-168238.62800000003
E1FFKG	2005	19	nő	1435428	67	bralek	TRUE	6626	892650.628	-168238.62800000003
E1FFKG	2005	19	nő	1435428	68	ubrem	TRUE	2594	892650.628	-168238.62800000003
E1FFKG	2005	19	nő	1435428	69	hókens	FALSE	2186	892650.628	-168238.62800000003
E1FFKG	2005	19	nő	1435428	70	szláken	FALSE	1572	892650.628	-168238.62800000003
E1FFKG	2005	19	nő	1435428	71	moplec	FALSE	2815	892650.628	-168238.62800000003
E1FFKG	2005	19	nő	1435428	72	baktec	TRUE	1877	892650.628	-168238.62800000003
E1FFKG	2005	19	nő	1435428	73	hodel	FALSE	5243	892650.628	-168238.62800000003
E1FFKG	2005	19	nő	1435428	74	kajler	TRUE	2976	892650.628	-168238.62800000003
E1FFKG	2005	19	nő	1435428	75	trumlex	FALSE	349777	892650.628	-168238.62800000003
E1FFKG	2005	19	nő	1435428	76	stokler	TRUE	46298	892650.628	-168238.62800000003
E1FFKG	2005	19	nő	1435428	77	sudel	TRUE	17169	892650.628	-168238.62800000003
E1FFKG	2005	19	nő	1435428	78	kamesz	TRUE	9860	892650.628	-168238.62800000003
E1FFKG	2005	19	nő	1435428	79	moplec	TRUE	13636	892650.628	-168238.62800000003
E1FFKG	2005	19	nő	1435428	80	plosztem	TRUE	9470	892650.628	-168238.62800000003
E1FFKG	2005	19	nő	1435428	81	daken	TRUE	7204	892650.628	-168238.62800000003
E1FFKG	2005	19	nő	1435428	82	bondett	TRUE	22342	892650.628	-168238.62800000003
E1FFKG	2005	19	nő	1435428	83	dubex	TRUE	10650	892650.628	-168238.62800000003
E1FFKG	2005	19	nő	1435428	84	takkesz	TRUE	27529	892650.628	-168238.62800000003
E1FFKG	2005	19	nő	1435428	85	pámen	TRUE	15982	892650.628	-168238.62800000003
E1FFKG	2005	19	nő	1435428	86	saklek	TRUE	5975	892650.628	-168238.62800000003
E1FFKG	2005	19	nő	1435428	87	sapec	TRUE	4853	892650.628	-168238.62800000003
E1FFKG	2005	19	nő	1435428	88	pratec	TRUE	6778	892650.628	-168238.62800000003
E1FFKG	2005	19	nő	1435428	89	tokex	TRUE	2830	892650.628	-168238.62800000003
E1FFKG	2005	19	nő	1435428	90	bralek	FALSE	10369	892650.628	-168238.62800000003
E1FFKG	2005	19	nő	1435428	91	flotek	TRUE	4169	892650.628	-168238.62800000003
E1FFKG	2005	19	nő	1435428	92	kojex	TRUE	384685	892650.628	-168238.62800000003
E1FFKG	2005	19	nő	1435428	93	vódett	FALSE	2493	892650.628	-168238.62800000003
E1FFKG	2005	19	nő	1435428	94	takkesz	TRUE	4065	892650.628	-168238.62800000003
E1FFKG	2005	19	nő	1435428	95	hókens	TRUE	1687	892650.628	-168238.62800000003
E1FFKG	2005	19	nő	1435428	96	kacsek	TRUE	2516	892650.628	-168238.62800000003
E1FFKG	2005	19	nő	1435428	97	kampesz	TRUE	2338	892650.628	-168238.62800000003
E1FFKG	2005	19	nő	1435428	98	pratec	TRUE	2062	892650.628	-168238.62800000003
E1FFKG	2005	19	nő	1435428	99	hacel	FALSE	3050	892650.628	-168238.62800000003
E1FFKG	2005	19	nő	1435428	100	szkatyec	TRUE	1768	892650.628	-168238.62800000003
O69I3D	2007	17	n	455687	1	próngem	FALSE	10927	892650.628	-168238.62800000003
O69I3D	2007	17	n	455687	2	trumlex	FALSE	4362	892650.628	-168238.62800000003
O69I3D	2007	17	n	455687	3	suter	TRUE	3804	892650.628	-168238.62800000003
O69I3D	2007	17	n	455687	4	loftvens	FALSE	4899	892650.628	-168238.62800000003
O69I3D	2007	17	n	455687	5	hacel	TRUE	4923	892650.628	-168238.62800000003
O69I3D	2007	17	n	455687	6	pratec	TRUE	2939	892650.628	-168238.62800000003
O69I3D	2007	17	n	455687	7	rojett	TRUE	2895	892650.628	-168238.62800000003
O69I3D	2007	17	n	455687	8	trumlex	TRUE	4833	892650.628	-168238.62800000003
O69I3D	2007	17	n	455687	9	pódens	FALSE	4259	892650.628	-168238.62800000003
O69I3D	2007	17	n	455687	10	hacel	TRUE	2536	892650.628	-168238.62800000003
O69I3D	2007	17	n	455687	11	hókens	FALSE	3014	892650.628	-168238.62800000003
O69I3D	2007	17	n	455687	12	kojex	TRUE	2847	892650.628	-168238.62800000003
O69I3D	2007	17	n	455687	13	ubrem	TRUE	6694	892650.628	-168238.62800000003
O69I3D	2007	17	n	455687	14	slotens	FALSE	6594	892650.628	-168238.62800000003
O69I3D	2007	17	n	455687	15	takkesz	TRUE	3809	892650.628	-168238.62800000003
O69I3D	2007	17	n	455687	16	pofszett	FALSE	5358	892650.628	-168238.62800000003
O69I3D	2007	17	n	455687	17	bachesz	TRUE	3241	892650.628	-168238.62800000003
O69I3D	2007	17	n	455687	18	bálen	TRUE	3502	892650.628	-168238.62800000003
O69I3D	2007	17	n	455687	19	bojex	FALSE	5219	892650.628	-168238.62800000003
O69I3D	2007	17	n	455687	20	szkatyec	TRUE	4636	892650.628	-168238.62800000003
O69I3D	2007	17	n	455687	21	bálen	TRUE	3962	892650.628	-168238.62800000003
O69I3D	2007	17	n	455687	22	tokex	TRUE	3810	892650.628	-168238.62800000003
O69I3D	2007	17	n	455687	23	stokler	FALSE	10338	892650.628	-168238.62800000003
O69I3D	2007	17	n	455687	24	hodel	FALSE	8901	892650.628	-168238.62800000003
O69I3D	2007	17	n	455687	25	baktec	FALSE	9058	892650.628	-168238.62800000003
O69I3D	2007	17	n	455687	26	voglens	FALSE	5125	892650.628	-168238.62800000003
O69I3D	2007	17	n	455687	27	bralek	TRUE	4436	892650.628	-168238.62800000003
O69I3D	2007	17	n	455687	28	hodel	FALSE	2612	892650.628	-168238.62800000003
O69I3D	2007	17	n	455687	29	baktec	TRUE	4652	892650.628	-168238.62800000003
O69I3D	2007	17	n	455687	30	kokker	FALSE	8250	892650.628	-168238.62800000003
O69I3D	2007	17	n	455687	31	loftvens	FALSE	3756	892650.628	-168238.62800000003
O69I3D	2007	17	n	455687	32	daken	TRUE	4581	892650.628	-168238.62800000003
O69I3D	2007	17	n	455687	33	szkatyec	TRUE	3478	892650.628	-168238.62800000003
O69I3D	2007	17	n	455687	34	sudel	TRUE	4317	892650.628	-168238.62800000003
O69I3D	2007	17	n	455687	35	bondett	TRUE	2620	892650.628	-168238.62800000003
O69I3D	2007	17	n	455687	36	ojett	FALSE	5383	892650.628	-168238.62800000003
O69I3D	2007	17	n	455687	37	kamesz	FALSE	2478	892650.628	-168238.62800000003
O69I3D	2007	17	n	455687	38	mojem	FALSE	2999	892650.628	-168238.62800000003
O69I3D	2007	17	n	455687	39	rojett	TRUE	6278	892650.628	-168238.62800000003
O69I3D	2007	17	n	455687	40	moplec	TRUE	8585	892650.628	-168238.62800000003
O69I3D	2007	17	n	455687	41	vódett	FALSE	4464	892650.628	-168238.62800000003
O69I3D	2007	17	n	455687	42	laben	TRUE	3213	892650.628	-168238.62800000003
O69I3D	2007	17	n	455687	43	vódett	TRUE	3784	892650.628	-168238.62800000003
O69I3D	2007	17	n	455687	44	mojem	TRUE	2744	892650.628	-168238.62800000003
O69I3D	2007	17	n	455687	45	voglens	FALSE	2295	892650.628	-168238.62800000003
O69I3D	2007	17	n	455687	46	hókens	FALSE	3364	892650.628	-168238.62800000003
O69I3D	2007	17	n	455687	47	kampesz	TRUE	5871	892650.628	-168238.62800000003
O69I3D	2007	17	n	455687	48	flotek	TRUE	3816	892650.628	-168238.62800000003
O69I3D	2007	17	n	455687	49	forrel	TRUE	2052	892650.628	-168238.62800000003
O69I3D	2007	17	n	455687	50	szláken	FALSE	4284	892650.628	-168238.62800000003
O69I3D	2007	17	n	455687	51	pámen	FALSE	8199	892650.628	-168238.62800000003
O69I3D	2007	17	n	455687	52	bórcer	TRUE	2689	892650.628	-168238.62800000003
O69I3D	2007	17	n	455687	53	kampesz	TRUE	1803	892650.628	-168238.62800000003
O69I3D	2007	17	n	455687	54	pratec	TRUE	2446	892650.628	-168238.62800000003
O69I3D	2007	17	n	455687	55	dubex	FALSE	4744	892650.628	-168238.62800000003
O69I3D	2007	17	n	455687	56	stokler	FALSE	2264	892650.628	-168238.62800000003
O69I3D	2007	17	n	455687	57	plosztem	FALSE	3431	892650.628	-168238.62800000003
O69I3D	2007	17	n	455687	58	pódens	FALSE	5648	892650.628	-168238.62800000003
O69I3D	2007	17	n	455687	59	kajler	TRUE	3537	892650.628	-168238.62800000003
O69I3D	2007	17	n	455687	60	gortesz	FALSE	3214	892650.628	-168238.62800000003
O69I3D	2007	17	n	455687	61	bondett	FALSE	7402	892650.628	-168238.62800000003
O69I3D	2007	17	n	455687	62	kumek	TRUE	2045	892650.628	-168238.62800000003
O69I3D	2007	17	n	455687	63	bojex	TRUE	6600	892650.628	-168238.62800000003
O69I3D	2007	17	n	455687	64	tosztem	TRUE	4497	892650.628	-168238.62800000003
O69I3D	2007	17	n	455687	65	szláken	FALSE	4145	892650.628	-168238.62800000003
O69I3D	2007	17	n	455687	66	dubex	FALSE	2867	892650.628	-168238.62800000003
O69I3D	2007	17	n	455687	67	sudel	FALSE	3125	892650.628	-168238.62800000003
O69I3D	2007	17	n	455687	68	kranel	TRUE	3376	892650.628	-168238.62800000003
O69I3D	2007	17	n	455687	69	flotek	FALSE	4335	892650.628	-168238.62800000003
O69I3D	2007	17	n	455687	70	bralek	TRUE	2791	892650.628	-168238.62800000003
O69I3D	2007	17	n	455687	71	laben	TRUE	8948	892650.628	-168238.62800000003
O69I3D	2007	17	n	455687	72	moplec	FALSE	2354	892650.628	-168238.62800000003
O69I3D	2007	17	n	455687	73	plosztem	FALSE	6810	892650.628	-168238.62800000003
O69I3D	2007	17	n	455687	74	sapec	TRUE	12564	892650.628	-168238.62800000003
O69I3D	2007	17	n	455687	75	forrel	FALSE	3286	892650.628	-168238.62800000003
O69I3D	2007	17	n	455687	76	próngem	FALSE	5004	892650.628	-168238.62800000003
O69I3D	2007	17	n	455687	77	kamesz	TRUE	4074	892650.628	-168238.62800000003
O69I3D	2007	17	n	455687	78	bórcer	TRUE	6319	892650.628	-168238.62800000003
O69I3D	2007	17	n	455687	79	kumek	FALSE	4655	892650.628	-168238.62800000003
O69I3D	2007	17	n	455687	80	suter	FALSE	3149	892650.628	-168238.62800000003
O69I3D	2007	17	n	455687	81	kacsek	TRUE	2181	892650.628	-168238.62800000003
O69I3D	2007	17	n	455687	82	kranel	TRUE	2108	892650.628	-168238.62800000003
O69I3D	2007	17	n	455687	83	daken	FALSE	6617	892650.628	-168238.62800000003
O69I3D	2007	17	n	455687	84	takkesz	TRUE	5392	892650.628	-168238.62800000003
O69I3D	2007	17	n	455687	85	bachesz	TRUE	5987	892650.628	-168238.62800000003
O69I3D	2007	17	n	455687	86	pámen	FALSE	2595	892650.628	-168238.62800000003
O69I3D	2007	17	n	455687	87	kacsek	TRUE	6300	892650.628	-168238.62800000003
O69I3D	2007	17	n	455687	88	saklek	TRUE	4962	892650.628	-168238.62800000003
O69I3D	2007	17	n	455687	89	ubrem	FALSE	2956	892650.628	-168238.62800000003
O69I3D	2007	17	n	455687	90	ojett	FALSE	3101	892650.628	-168238.62800000003
O69I3D	2007	17	n	455687	91	tokex	TRUE	5717	892650.628	-168238.62800000003
O69I3D	2007	17	n	455687	92	gortesz	FALSE	4023	892650.628	-168238.62800000003
O69I3D	2007	17	n	455687	93	kajler	FALSE	3313	892650.628	-168238.62800000003
O69I3D	2007	17	n	455687	94	slotens	FALSE	2493	892650.628	-168238.62800000003
O69I3D	2007	17	n	455687	95	pofszett	FALSE	3450	892650.628	-168238.62800000003
O69I3D	2007	17	n	455687	96	kojex	TRUE	4016	892650.628	-168238.62800000003
O69I3D	2007	17	n	455687	97	tosztem	FALSE	4083	892650.628	-168238.62800000003
O69I3D	2007	17	n	455687	98	sapec	TRUE	5096	892650.628	-168238.62800000003
O69I3D	2007	17	n	455687	99	saklek	TRUE	9700	892650.628	-168238.62800000003
O69I3D	2007	17	n	455687	100	kokker	TRUE	2479	892650.628	-168238.62800000003
GQ15XI	2003	21	n	176853	1	próngem	TRUE	6777	892650.628	-168238.62800000003
GQ15XI	2003	21	n	176853	2	kacsek	TRUE	6401	892650.628	-168238.62800000003
GQ15XI	2003	21	n	176853	3	bálen	TRUE	7064	892650.628	-168238.62800000003
GQ15XI	2003	21	n	176853	4	hacel	FALSE	5885	892650.628	-168238.62800000003
GQ15XI	2003	21	n	176853	5	baktec	TRUE	9486	892650.628	-168238.62800000003
GQ15XI	2003	21	n	176853	6	takkesz	TRUE	4640	892650.628	-168238.62800000003
GQ15XI	2003	21	n	176853	7	kacsek	FALSE	3354	892650.628	-168238.62800000003
GQ15XI	2003	21	n	176853	8	sudel	TRUE	5374	892650.628	-168238.62800000003
GQ15XI	2003	21	n	176853	9	bojex	TRUE	3882	892650.628	-168238.62800000003
GQ15XI	2003	21	n	176853	10	suter	TRUE	3192	892650.628	-168238.62800000003
GQ15XI	2003	21	n	176853	11	loftvens	FALSE	6378	892650.628	-168238.62800000003
GQ15XI	2003	21	n	176853	12	bachesz	FALSE	4035	892650.628	-168238.62800000003
GQ15XI	2003	21	n	176853	13	kamesz	TRUE	2415	892650.628	-168238.62800000003
GQ15XI	2003	21	n	176853	14	szláken	FALSE	4198	892650.628	-168238.62800000003
GQ15XI	2003	21	n	176853	15	mojem	TRUE	6389	892650.628	-168238.62800000003
GQ15XI	2003	21	n	176853	16	stokler	TRUE	4964	892650.628	-168238.62800000003
GQ15XI	2003	21	n	176853	17	szláken	FALSE	4064	892650.628	-168238.62800000003
GQ15XI	2003	21	n	176853	18	pámen	TRUE	3336	892650.628	-168238.62800000003
GQ15XI	2003	21	n	176853	19	stokler	TRUE	2036	892650.628	-168238.62800000003
GQ15XI	2003	21	n	176853	20	flotek	FALSE	7790	892650.628	-168238.62800000003
GQ15XI	2003	21	n	176853	21	pódens	FALSE	5146	892650.628	-168238.62800000003
GQ15XI	2003	21	n	176853	22	voglens	TRUE	7992	892650.628	-168238.62800000003
GQ15XI	2003	21	n	176853	23	slotens	TRUE	2921	892650.628	-168238.62800000003
GQ15XI	2003	21	n	176853	24	tosztem	TRUE	6248	892650.628	-168238.62800000003
GQ15XI	2003	21	n	176853	25	bralek	TRUE	3964	892650.628	-168238.62800000003
GQ15XI	2003	21	n	176853	26	moplec	FALSE	4526	892650.628	-168238.62800000003
GQ15XI	2003	21	n	176853	27	kokker	TRUE	2862	892650.628	-168238.62800000003
GQ15XI	2003	21	n	176853	28	kokker	TRUE	2878	892650.628	-168238.62800000003
GQ15XI	2003	21	n	176853	29	dubex	TRUE	3193	892650.628	-168238.62800000003
GQ15XI	2003	21	n	176853	30	kamesz	TRUE	7096	892650.628	-168238.62800000003
GQ15XI	2003	21	n	176853	31	kojex	TRUE	2527	892650.628	-168238.62800000003
GQ15XI	2003	21	n	176853	32	tosztem	TRUE	3324	892650.628	-168238.62800000003
GQ15XI	2003	21	n	176853	33	sapec	TRUE	2571	892650.628	-168238.62800000003
GQ15XI	2003	21	n	176853	34	szkatyec	TRUE	2591	892650.628	-168238.62800000003
GQ15XI	2003	21	n	176853	35	rojett	FALSE	2770	892650.628	-168238.62800000003
GQ15XI	2003	21	n	176853	36	hodel	TRUE	523	892650.628	-168238.62800000003
GQ15XI	2003	21	n	176853	37	hodel	FALSE	312	892650.628	-168238.62800000003
GQ15XI	2003	21	n	176853	38	vódett	TRUE	93	892650.628	-168238.62800000003
GQ15XI	2003	21	n	176853	39	szkatyec	TRUE	100	892650.628	-168238.62800000003
GQ15XI	2003	21	n	176853	40	forrel	FALSE	218	892650.628	-168238.62800000003
GQ15XI	2003	21	n	176853	41	gortesz	TRUE	164	892650.628	-168238.62800000003
GQ15XI	2003	21	n	176853	42	daken	FALSE	217	892650.628	-168238.62800000003
GQ15XI	2003	21	n	176853	43	dubex	FALSE	288	892650.628	-168238.62800000003
GQ15XI	2003	21	n	176853	44	kampesz	FALSE	96	892650.628	-168238.62800000003
GQ15XI	2003	21	n	176853	45	sudel	TRUE	130	892650.628	-168238.62800000003
GQ15XI	2003	21	n	176853	46	kojex	TRUE	127	892650.628	-168238.62800000003
GQ15XI	2003	21	n	176853	47	trumlex	TRUE	47	892650.628	-168238.62800000003
GQ15XI	2003	21	n	176853	48	tokex	TRUE	20	892650.628	-168238.62800000003
GQ15XI	2003	21	n	176853	49	kumek	FALSE	85	892650.628	-168238.62800000003
GQ15XI	2003	21	n	176853	50	loftvens	TRUE	100	892650.628	-168238.62800000003
GQ15XI	2003	21	n	176853	51	voglens	FALSE	90	892650.628	-168238.62800000003
GQ15XI	2003	21	n	176853	52	ojett	FALSE	118	892650.628	-168238.62800000003
GQ15XI	2003	21	n	176853	53	sapec	FALSE	398	892650.628	-168238.62800000003
GQ15XI	2003	21	n	176853	54	baktec	FALSE	50	892650.628	-168238.62800000003
GQ15XI	2003	21	n	176853	55	bachesz	TRUE	291	892650.628	-168238.62800000003
GQ15XI	2003	21	n	176853	56	pámen	FALSE	245	892650.628	-168238.62800000003
GQ15XI	2003	21	n	176853	57	pofszett	TRUE	324	892650.628	-168238.62800000003
GQ15XI	2003	21	n	176853	58	kajler	TRUE	60	892650.628	-168238.62800000003
GQ15XI	2003	21	n	176853	59	saklek	TRUE	52	892650.628	-168238.62800000003
GQ15XI	2003	21	n	176853	60	bálen	TRUE	119	892650.628	-168238.62800000003
GQ15XI	2003	21	n	176853	61	hacel	TRUE	135	892650.628	-168238.62800000003
GQ15XI	2003	21	n	176853	62	kranel	TRUE	124	892650.628	-168238.62800000003
GQ15XI	2003	21	n	176853	63	pratec	TRUE	2	892650.628	-168238.62800000003
GQ15XI	2003	21	n	176853	64	saklek	FALSE	106	892650.628	-168238.62800000003
GQ15XI	2003	21	n	176853	65	próngem	FALSE	215	892650.628	-168238.62800000003
GQ15XI	2003	21	n	176853	66	laben	TRUE	2	892650.628	-168238.62800000003
GQ15XI	2003	21	n	176853	67	plosztem	FALSE	83	892650.628	-168238.62800000003
GQ15XI	2003	21	n	176853	68	bralek	FALSE	184	892650.628	-168238.62800000003
GQ15XI	2003	21	n	176853	69	laben	FALSE	226	892650.628	-168238.62800000003
GQ15XI	2003	21	n	176853	70	vódett	FALSE	449	892650.628	-168238.62800000003
GQ15XI	2003	21	n	176853	71	forrel	TRUE	271	892650.628	-168238.62800000003
GQ15XI	2003	21	n	176853	72	pratec	FALSE	217	892650.628	-168238.62800000003
GQ15XI	2003	21	n	176853	73	slotens	TRUE	271	892650.628	-168238.62800000003
GQ15XI	2003	21	n	176853	74	ubrem	FALSE	332	892650.628	-168238.62800000003
GQ15XI	2003	21	n	176853	75	rojett	TRUE	330	892650.628	-168238.62800000003
GQ15XI	2003	21	n	176853	76	kampesz	FALSE	914	892650.628	-168238.62800000003
GQ15XI	2003	21	n	176853	77	bojex	TRUE	282	892650.628	-168238.62800000003
GQ15XI	2003	21	n	176853	78	pofszett	FALSE	251	892650.628	-168238.62800000003
GQ15XI	2003	21	n	176853	79	hókens	TRUE	248	892650.628	-168238.62800000003
GQ15XI	2003	21	n	176853	80	pódens	TRUE	271	892650.628	-168238.62800000003
GQ15XI	2003	21	n	176853	81	moplec	FALSE	280	892650.628	-168238.62800000003
GQ15XI	2003	21	n	176853	82	ojett	FALSE	240	892650.628	-168238.62800000003
GQ15XI	2003	21	n	176853	83	gortesz	FALSE	314	892650.628	-168238.62800000003
GQ15XI	2003	21	n	176853	84	suter	TRUE	267	892650.628	-168238.62800000003
GQ15XI	2003	21	n	176853	85	mojem	FALSE	259	892650.628	-168238.62800000003
GQ15XI	2003	21	n	176853	86	kumek	TRUE	220	892650.628	-168238.62800000003
GQ15XI	2003	21	n	176853	87	hókens	FALSE	358	892650.628	-168238.62800000003
GQ15XI	2003	21	n	176853	88	trumlex	TRUE	344	892650.628	-168238.62800000003
GQ15XI	2003	21	n	176853	89	kajler	TRUE	230	892650.628	-168238.62800000003
GQ15XI	2003	21	n	176853	90	bórcer	FALSE	237	892650.628	-168238.62800000003
GQ15XI	2003	21	n	176853	91	tokex	TRUE	347	892650.628	-168238.62800000003
GQ15XI	2003	21	n	176853	92	takkesz	FALSE	252	892650.628	-168238.62800000003
GQ15XI	2003	21	n	176853	93	bondett	FALSE	232	892650.628	-168238.62800000003
GQ15XI	2003	21	n	176853	94	kranel	TRUE	239	892650.628	-168238.62800000003
GQ15XI	2003	21	n	176853	95	flotek	TRUE	299	892650.628	-168238.62800000003
GQ15XI	2003	21	n	176853	96	plosztem	TRUE	2	892650.628	-168238.62800000003
GQ15XI	2003	21	n	176853	97	ubrem	FALSE	60	892650.628	-168238.62800000003
GQ15XI	2003	21	n	176853	98	bondett	FALSE	409	892650.628	-168238.62800000003
GQ15XI	2003	21	n	176853	99	daken	TRUE	549	892650.628	-168238.62800000003
GQ15XI	2003	21	n	176853	100	bórcer	FALSE	266	892650.628	-168238.62800000003
IGQ479	2004	20	f	362206	1	tosztem	TRUE	5587	892650.628	-168238.62800000003
IGQ479	2004	20	f	362206	2	szkatyec	TRUE	6849	892650.628	-168238.62800000003
IGQ479	2004	20	f	362206	3	kamesz	TRUE	2669	892650.628	-168238.62800000003
IGQ479	2004	20	f	362206	4	ubrem	FALSE	4387	892650.628	-168238.62800000003
IGQ479	2004	20	f	362206	5	rojett	FALSE	4302	892650.628	-168238.62800000003
IGQ479	2004	20	f	362206	6	tokex	FALSE	4814	892650.628	-168238.62800000003
IGQ479	2004	20	f	362206	7	bórcer	FALSE	3722	892650.628	-168238.62800000003
IGQ479	2004	20	f	362206	8	slotens	FALSE	7175	892650.628	-168238.62800000003
IGQ479	2004	20	f	362206	9	hodel	FALSE	5741	892650.628	-168238.62800000003
IGQ479	2004	20	f	362206	10	stokler	TRUE	3573	892650.628	-168238.62800000003
IGQ479	2004	20	f	362206	11	kumek	TRUE	4707	892650.628	-168238.62800000003
IGQ479	2004	20	f	362206	12	voglens	FALSE	4479	892650.628	-168238.62800000003
IGQ479	2004	20	f	362206	13	bojex	TRUE	3771	892650.628	-168238.62800000003
IGQ479	2004	20	f	362206	14	baktec	FALSE	4916	892650.628	-168238.62800000003
IGQ479	2004	20	f	362206	15	bálen	TRUE	5807	892650.628	-168238.62800000003
IGQ479	2004	20	f	362206	16	bondett	TRUE	7108	892650.628	-168238.62800000003
IGQ479	2004	20	f	362206	17	takkesz	FALSE	5310	892650.628	-168238.62800000003
IGQ479	2004	20	f	362206	18	gortesz	FALSE	2587	892650.628	-168238.62800000003
IGQ479	2004	20	f	362206	19	loftvens	TRUE	3451	892650.628	-168238.62800000003
IGQ479	2004	20	f	362206	20	kajler	TRUE	3372	892650.628	-168238.62800000003
IGQ479	2004	20	f	362206	21	plosztem	TRUE	6068	892650.628	-168238.62800000003
IGQ479	2004	20	f	362206	22	sudel	FALSE	2779	892650.628	-168238.62800000003
IGQ479	2004	20	f	362206	23	dubex	FALSE	4313	892650.628	-168238.62800000003
IGQ479	2004	20	f	362206	24	kajler	TRUE	3648	892650.628	-168238.62800000003
IGQ479	2004	20	f	362206	25	próngem	TRUE	5825	892650.628	-168238.62800000003
IGQ479	2004	20	f	362206	26	hókens	TRUE	3410	892650.628	-168238.62800000003
IGQ479	2004	20	f	362206	27	saklek	TRUE	2632	892650.628	-168238.62800000003
IGQ479	2004	20	f	362206	28	pódens	TRUE	2557	892650.628	-168238.62800000003
IGQ479	2004	20	f	362206	29	laben	TRUE	2346	892650.628	-168238.62800000003
IGQ479	2004	20	f	362206	30	hacel	TRUE	2733	892650.628	-168238.62800000003
IGQ479	2004	20	f	362206	31	bórcer	TRUE	3375	892650.628	-168238.62800000003
IGQ479	2004	20	f	362206	32	forrel	FALSE	3133	892650.628	-168238.62800000003
IGQ479	2004	20	f	362206	33	daken	TRUE	1935	892650.628	-168238.62800000003
IGQ479	2004	20	f	362206	34	pofszett	FALSE	5648	892650.628	-168238.62800000003
IGQ479	2004	20	f	362206	35	hókens	TRUE	2751	892650.628	-168238.62800000003
IGQ479	2004	20	f	362206	36	pratec	TRUE	3696	892650.628	-168238.62800000003
IGQ479	2004	20	f	362206	37	sudel	TRUE	4426	892650.628	-168238.62800000003
IGQ479	2004	20	f	362206	38	pámen	TRUE	3912	892650.628	-168238.62800000003
IGQ479	2004	20	f	362206	39	próngem	FALSE	4721	892650.628	-168238.62800000003
IGQ479	2004	20	f	362206	40	dubex	FALSE	3632	892650.628	-168238.62800000003
IGQ479	2004	20	f	362206	41	suter	TRUE	2372	892650.628	-168238.62800000003
IGQ479	2004	20	f	362206	42	loftvens	FALSE	2836	892650.628	-168238.62800000003
IGQ479	2004	20	f	362206	43	bralek	TRUE	2655	892650.628	-168238.62800000003
IGQ479	2004	20	f	362206	44	kojex	TRUE	2603	892650.628	-168238.62800000003
IGQ479	2004	20	f	362206	45	slotens	FALSE	5779	892650.628	-168238.62800000003
IGQ479	2004	20	f	362206	46	bachesz	FALSE	3897	892650.628	-168238.62800000003
IGQ479	2004	20	f	362206	47	bálen	TRUE	1923	892650.628	-168238.62800000003
IGQ479	2004	20	f	362206	48	kojex	TRUE	2107	892650.628	-168238.62800000003
IGQ479	2004	20	f	362206	49	rojett	FALSE	2774	892650.628	-168238.62800000003
IGQ479	2004	20	f	362206	50	stokler	TRUE	2009	892650.628	-168238.62800000003
IGQ479	2004	20	f	362206	51	trumlex	FALSE	3287	892650.628	-168238.62800000003
IGQ479	2004	20	f	362206	52	pofszett	FALSE	2436	892650.628	-168238.62800000003
IGQ479	2004	20	f	362206	53	kampesz	TRUE	2100	892650.628	-168238.62800000003
IGQ479	2004	20	f	362206	54	trumlex	FALSE	2699	892650.628	-168238.62800000003
IGQ479	2004	20	f	362206	55	sapec	FALSE	3065	892650.628	-168238.62800000003
IGQ479	2004	20	f	362206	56	pódens	FALSE	4512	892650.628	-168238.62800000003
IGQ479	2004	20	f	362206	57	ubrem	TRUE	4091	892650.628	-168238.62800000003
IGQ479	2004	20	f	362206	58	daken	FALSE	3958	892650.628	-168238.62800000003
IGQ479	2004	20	f	362206	59	szláken	FALSE	3150	892650.628	-168238.62800000003
IGQ479	2004	20	f	362206	60	kamesz	TRUE	2556	892650.628	-168238.62800000003
IGQ479	2004	20	f	362206	61	kumek	TRUE	3239	892650.628	-168238.62800000003
IGQ479	2004	20	f	362206	62	mojem	TRUE	5136	892650.628	-168238.62800000003
IGQ479	2004	20	f	362206	63	moplec	FALSE	7524	892650.628	-168238.62800000003
IGQ479	2004	20	f	362206	64	plosztem	FALSE	2917	892650.628	-168238.62800000003
IGQ479	2004	20	f	362206	65	tokex	FALSE	2389	892650.628	-168238.62800000003
IGQ479	2004	20	f	362206	66	forrel	TRUE	3541	892650.628	-168238.62800000003
IGQ479	2004	20	f	362206	67	mojem	TRUE	2542	892650.628	-168238.62800000003
IGQ479	2004	20	f	362206	68	suter	FALSE	1828	892650.628	-168238.62800000003
IGQ479	2004	20	f	362206	69	flotek	FALSE	3157	892650.628	-168238.62800000003
IGQ479	2004	20	f	362206	70	kokker	TRUE	3744	892650.628	-168238.62800000003
IGQ479	2004	20	f	362206	71	vódett	TRUE	2800	892650.628	-168238.62800000003
IGQ479	2004	20	f	362206	72	saklek	FALSE	3390	892650.628	-168238.62800000003
IGQ479	2004	20	f	362206	73	bojex	TRUE	2324	892650.628	-168238.62800000003
IGQ479	2004	20	f	362206	74	takkesz	TRUE	2052	892650.628	-168238.62800000003
IGQ479	2004	20	f	362206	75	vódett	FALSE	2842	892650.628	-168238.62800000003
IGQ479	2004	20	f	362206	76	tosztem	FALSE	4165	892650.628	-168238.62800000003
IGQ479	2004	20	f	362206	77	hacel	TRUE	2525	892650.628	-168238.62800000003
IGQ479	2004	20	f	362206	78	moplec	FALSE	2290	892650.628	-168238.62800000003
IGQ479	2004	20	f	362206	79	ojett	FALSE	5455	892650.628	-168238.62800000003
IGQ479	2004	20	f	362206	80	bondett	TRUE	2815	892650.628	-168238.62800000003
IGQ479	2004	20	f	362206	81	pratec	FALSE	3258	892650.628	-168238.62800000003
IGQ479	2004	20	f	362206	82	laben	TRUE	2626	892650.628	-168238.62800000003
IGQ479	2004	20	f	362206	83	bralek	TRUE	3096	892650.628	-168238.62800000003
IGQ479	2004	20	f	362206	84	kranel	TRUE	2358	892650.628	-168238.62800000003
IGQ479	2004	20	f	362206	85	bachesz	TRUE	3803	892650.628	-168238.62800000003
IGQ479	2004	20	f	362206	86	kacsek	TRUE	3946	892650.628	-168238.62800000003
IGQ479	2004	20	f	362206	87	kranel	FALSE	3592	892650.628	-168238.62800000003
IGQ479	2004	20	f	362206	88	szkatyec	FALSE	4820	892650.628	-168238.62800000003
IGQ479	2004	20	f	362206	89	kokker	TRUE	4051	892650.628	-168238.62800000003
IGQ479	2004	20	f	362206	90	hodel	FALSE	2401	892650.628	-168238.62800000003
IGQ479	2004	20	f	362206	91	szláken	TRUE	3743	892650.628	-168238.62800000003
IGQ479	2004	20	f	362206	92	pámen	FALSE	2933	892650.628	-168238.62800000003
IGQ479	2004	20	f	362206	93	kacsek	FALSE	3528	892650.628	-168238.62800000003
IGQ479	2004	20	f	362206	94	baktec	FALSE	4620	892650.628	-168238.62800000003
IGQ479	2004	20	f	362206	95	ojett	TRUE	2840	892650.628	-168238.62800000003
IGQ479	2004	20	f	362206	96	voglens	FALSE	4692	892650.628	-168238.62800000003
IGQ479	2004	20	f	362206	97	sapec	TRUE	2204	892650.628	-168238.62800000003
IGQ479	2004	20	f	362206	98	gortesz	TRUE	3224	892650.628	-168238.62800000003
IGQ479	2004	20	f	362206	99	kampesz	FALSE	2311	892650.628	-168238.62800000003
IGQ479	2004	20	f	362206	100	flotek	FALSE	2809	892650.628	-168238.62800000003
ZVV08D	2007	17	n	484023	1	pámen	FALSE	7125	892650.628	-168238.62800000003
ZVV08D	2007	17	n	484023	2	kokker	FALSE	5153	892650.628	-168238.62800000003
ZVV08D	2007	17	n	484023	3	ubrem	FALSE	8296	892650.628	-168238.62800000003
ZVV08D	2007	17	n	484023	4	moplec	FALSE	9635	892650.628	-168238.62800000003
ZVV08D	2007	17	n	484023	5	plosztem	TRUE	8397	892650.628	-168238.62800000003
ZVV08D	2007	17	n	484023	6	bórcer	FALSE	12646	892650.628	-168238.62800000003
ZVV08D	2007	17	n	484023	7	mojem	FALSE	6688	892650.628	-168238.62800000003
ZVV08D	2007	17	n	484023	8	tosztem	TRUE	6847	892650.628	-168238.62800000003
ZVV08D	2007	17	n	484023	9	hacel	FALSE	9454	892650.628	-168238.62800000003
ZVV08D	2007	17	n	484023	10	trumlex	TRUE	7355	892650.628	-168238.62800000003
ZVV08D	2007	17	n	484023	11	kumek	TRUE	4101	892650.628	-168238.62800000003
ZVV08D	2007	17	n	484023	12	kajler	FALSE	4778	892650.628	-168238.62800000003
ZVV08D	2007	17	n	484023	13	bachesz	TRUE	5944	892650.628	-168238.62800000003
ZVV08D	2007	17	n	484023	14	pratec	FALSE	7997	892650.628	-168238.62800000003
ZVV08D	2007	17	n	484023	15	gortesz	TRUE	8634	892650.628	-168238.62800000003
ZVV08D	2007	17	n	484023	16	dubex	TRUE	12410	892650.628	-168238.62800000003
ZVV08D	2007	17	n	484023	17	hókens	FALSE	5699	892650.628	-168238.62800000003
ZVV08D	2007	17	n	484023	18	daken	FALSE	3776	892650.628	-168238.62800000003
ZVV08D	2007	17	n	484023	19	suter	FALSE	2113	892650.628	-168238.62800000003
ZVV08D	2007	17	n	484023	20	ubrem	FALSE	3152	892650.628	-168238.62800000003
ZVV08D	2007	17	n	484023	21	hodel	FALSE	1741	892650.628	-168238.62800000003
ZVV08D	2007	17	n	484023	22	vódett	FALSE	2016	892650.628	-168238.62800000003
ZVV08D	2007	17	n	484023	23	szkatyec	TRUE	7751	892650.628	-168238.62800000003
ZVV08D	2007	17	n	484023	24	suter	TRUE	1495	892650.628	-168238.62800000003
ZVV08D	2007	17	n	484023	25	bondett	FALSE	2309	892650.628	-168238.62800000003
ZVV08D	2007	17	n	484023	26	próngem	FALSE	9073	892650.628	-168238.62800000003
ZVV08D	2007	17	n	484023	27	baktec	TRUE	12770	892650.628	-168238.62800000003
ZVV08D	2007	17	n	484023	28	szláken	FALSE	7704	892650.628	-168238.62800000003
ZVV08D	2007	17	n	484023	29	voglens	FALSE	2988	892650.628	-168238.62800000003
ZVV08D	2007	17	n	484023	30	trumlex	FALSE	3380	892650.628	-168238.62800000003
ZVV08D	2007	17	n	484023	31	vódett	FALSE	11482	892650.628	-168238.62800000003
ZVV08D	2007	17	n	484023	32	sapec	TRUE	7025	892650.628	-168238.62800000003
ZVV08D	2007	17	n	484023	33	moplec	FALSE	9889	892650.628	-168238.62800000003
ZVV08D	2007	17	n	484023	34	plosztem	FALSE	2416	892650.628	-168238.62800000003
ZVV08D	2007	17	n	484023	35	slotens	TRUE	5011	892650.628	-168238.62800000003
ZVV08D	2007	17	n	484023	36	loftvens	FALSE	5727	892650.628	-168238.62800000003
ZVV08D	2007	17	n	484023	37	flotek	TRUE	5079	892650.628	-168238.62800000003
ZVV08D	2007	17	n	484023	38	kamesz	TRUE	5408	892650.628	-168238.62800000003
ZVV08D	2007	17	n	484023	39	forrel	FALSE	3409	892650.628	-168238.62800000003
ZVV08D	2007	17	n	484023	40	tokex	TRUE	3545	892650.628	-168238.62800000003
ZVV08D	2007	17	n	484023	41	bojex	TRUE	4704	892650.628	-168238.62800000003
ZVV08D	2007	17	n	484023	42	bralek	FALSE	1869	892650.628	-168238.62800000003
ZVV08D	2007	17	n	484023	43	kokker	TRUE	10995	892650.628	-168238.62800000003
ZVV08D	2007	17	n	484023	44	mojem	TRUE	6352	892650.628	-168238.62800000003
ZVV08D	2007	17	n	484023	45	takkesz	TRUE	4783	892650.628	-168238.62800000003
ZVV08D	2007	17	n	484023	46	kamesz	TRUE	3967	892650.628	-168238.62800000003
ZVV08D	2007	17	n	484023	47	daken	TRUE	3063	892650.628	-168238.62800000003
ZVV08D	2007	17	n	484023	48	laben	FALSE	3391	892650.628	-168238.62800000003
ZVV08D	2007	17	n	484023	49	kranel	FALSE	7710	892650.628	-168238.62800000003
ZVV08D	2007	17	n	484023	50	pódens	FALSE	2551	892650.628	-168238.62800000003
ZVV08D	2007	17	n	484023	51	bralek	TRUE	3058	892650.628	-168238.62800000003
ZVV08D	2007	17	n	484023	52	stokler	FALSE	2046	892650.628	-168238.62800000003
ZVV08D	2007	17	n	484023	53	szláken	FALSE	9077	892650.628	-168238.62800000003
ZVV08D	2007	17	n	484023	54	rojett	FALSE	1920	892650.628	-168238.62800000003
ZVV08D	2007	17	n	484023	55	laben	TRUE	2528	892650.628	-168238.62800000003
ZVV08D	2007	17	n	484023	56	bórcer	TRUE	3466	892650.628	-168238.62800000003
ZVV08D	2007	17	n	484023	57	pámen	FALSE	1546	892650.628	-168238.62800000003
ZVV08D	2007	17	n	484023	58	sudel	FALSE	3496	892650.628	-168238.62800000003
ZVV08D	2007	17	n	484023	59	kojex	TRUE	2132	892650.628	-168238.62800000003
ZVV08D	2007	17	n	484023	60	bálen	FALSE	3189	892650.628	-168238.62800000003
ZVV08D	2007	17	n	484023	61	kajler	FALSE	2491	892650.628	-168238.62800000003
ZVV08D	2007	17	n	484023	62	próngem	FALSE	3197	892650.628	-168238.62800000003
ZVV08D	2007	17	n	484023	63	sudel	TRUE	6786	892650.628	-168238.62800000003
ZVV08D	2007	17	n	484023	64	dubex	FALSE	5448	892650.628	-168238.62800000003
ZVV08D	2007	17	n	484023	65	kampesz	FALSE	3507	892650.628	-168238.62800000003
ZVV08D	2007	17	n	484023	66	hókens	FALSE	2476	892650.628	-168238.62800000003
ZVV08D	2007	17	n	484023	67	kumek	TRUE	3540	892650.628	-168238.62800000003
ZVV08D	2007	17	n	484023	68	saklek	FALSE	6499	892650.628	-168238.62800000003
ZVV08D	2007	17	n	484023	69	sapec	FALSE	9320	892650.628	-168238.62800000003
ZVV08D	2007	17	n	484023	70	hodel	FALSE	10594	892650.628	-168238.62800000003
ZVV08D	2007	17	n	484023	71	pódens	FALSE	3900	892650.628	-168238.62800000003
ZVV08D	2007	17	n	484023	72	baktec	FALSE	2933	892650.628	-168238.62800000003
ZVV08D	2007	17	n	484023	73	gortesz	TRUE	5889	892650.628	-168238.62800000003
ZVV08D	2007	17	n	484023	74	bondett	TRUE	2977	892650.628	-168238.62800000003
ZVV08D	2007	17	n	484023	75	bálen	FALSE	4908	892650.628	-168238.62800000003
ZVV08D	2007	17	n	484023	76	forrel	FALSE	1704	892650.628	-168238.62800000003
ZVV08D	2007	17	n	484023	77	kojex	TRUE	3379	892650.628	-168238.62800000003
ZVV08D	2007	17	n	484023	78	bojex	FALSE	2069	892650.628	-168238.62800000003
ZVV08D	2007	17	n	484023	79	loftvens	FALSE	7187	892650.628	-168238.62800000003
ZVV08D	2007	17	n	484023	80	rojett	FALSE	1955	892650.628	-168238.62800000003
ZVV08D	2007	17	n	484023	81	hacel	FALSE	2568	892650.628	-168238.62800000003
ZVV08D	2007	17	n	484023	82	ojett	TRUE	4969	892650.628	-168238.62800000003
ZVV08D	2007	17	n	484023	83	stokler	TRUE	1610	892650.628	-168238.62800000003
ZVV08D	2007	17	n	484023	84	ojett	FALSE	4492	892650.628	-168238.62800000003
ZVV08D	2007	17	n	484023	85	kacsek	TRUE	3498	892650.628	-168238.62800000003
ZVV08D	2007	17	n	484023	86	kampesz	FALSE	1451	892650.628	-168238.62800000003
ZVV08D	2007	17	n	484023	87	szkatyec	TRUE	5555	892650.628	-168238.62800000003
ZVV08D	2007	17	n	484023	88	pofszett	FALSE	5918	892650.628	-168238.62800000003
ZVV08D	2007	17	n	484023	89	saklek	FALSE	4220	892650.628	-168238.62800000003
ZVV08D	2007	17	n	484023	90	tokex	TRUE	1324	892650.628	-168238.62800000003
ZVV08D	2007	17	n	484023	91	voglens	FALSE	3424	892650.628	-168238.62800000003
ZVV08D	2007	17	n	484023	92	pofszett	FALSE	3312	892650.628	-168238.62800000003
ZVV08D	2007	17	n	484023	93	kacsek	TRUE	1755	892650.628	-168238.62800000003
ZVV08D	2007	17	n	484023	94	pratec	TRUE	1743	892650.628	-168238.62800000003
ZVV08D	2007	17	n	484023	95	bachesz	TRUE	3487	892650.628	-168238.62800000003
ZVV08D	2007	17	n	484023	96	flotek	FALSE	4275	892650.628	-168238.62800000003
ZVV08D	2007	17	n	484023	97	takkesz	TRUE	1444	892650.628	-168238.62800000003
ZVV08D	2007	17	n	484023	98	kranel	FALSE	2087	892650.628	-168238.62800000003
ZVV08D	2007	17	n	484023	99	slotens	TRUE	2127	892650.628	-168238.62800000003
ZVV08D	2007	17	n	484023	100	tosztem	FALSE	1744	892650.628	-168238.62800000003
Schloss	1986	38	n	456120	1	loftvens	FALSE	5080	892650.628	-168238.62800000003
Schloss	1986	38	n	456120	2	ubrem	FALSE	5604	892650.628	-168238.62800000003
Schloss	1986	38	n	456120	3	daken	FALSE	7301	892650.628	-168238.62800000003
Schloss	1986	38	n	456120	4	pámen	TRUE	4142	892650.628	-168238.62800000003
Schloss	1986	38	n	456120	5	takkesz	FALSE	4760	892650.628	-168238.62800000003
Schloss	1986	38	n	456120	6	bralek	FALSE	8199	892650.628	-168238.62800000003
Schloss	1986	38	n	456120	7	bondett	FALSE	5799	892650.628	-168238.62800000003
Schloss	1986	38	n	456120	8	loftvens	FALSE	7383	892650.628	-168238.62800000003
Schloss	1986	38	n	456120	9	bralek	FALSE	6541	892650.628	-168238.62800000003
Schloss	1986	38	n	456120	10	takkesz	FALSE	6628	892650.628	-168238.62800000003
Schloss	1986	38	n	456120	11	sapec	FALSE	8831	892650.628	-168238.62800000003
Schloss	1986	38	n	456120	12	moplec	FALSE	5626	892650.628	-168238.62800000003
Schloss	1986	38	n	456120	13	moplec	FALSE	7436	892650.628	-168238.62800000003
Schloss	1986	38	n	456120	14	vódett	FALSE	4537	892650.628	-168238.62800000003
Schloss	1986	38	n	456120	15	sapec	FALSE	8079	892650.628	-168238.62800000003
Schloss	1986	38	n	456120	16	bojex	FALSE	10719	892650.628	-168238.62800000003
Schloss	1986	38	n	456120	17	szkatyec	FALSE	7128	892650.628	-168238.62800000003
Schloss	1986	38	n	456120	18	kampesz	FALSE	5179	892650.628	-168238.62800000003
Schloss	1986	38	n	456120	19	mojem	FALSE	4892	892650.628	-168238.62800000003
Schloss	1986	38	n	456120	20	pratec	FALSE	5502	892650.628	-168238.62800000003
Schloss	1986	38	n	456120	21	gortesz	FALSE	8062	892650.628	-168238.62800000003
Schloss	1986	38	n	456120	22	hacel	FALSE	9164	892650.628	-168238.62800000003
Schloss	1986	38	n	456120	23	rojett	FALSE	5286	892650.628	-168238.62800000003
Schloss	1986	38	n	456120	24	bachesz	FALSE	4023	892650.628	-168238.62800000003
Schloss	1986	38	n	456120	25	bojex	FALSE	2530	892650.628	-168238.62800000003
Schloss	1986	38	n	456120	26	bálen	FALSE	4796	892650.628	-168238.62800000003
Schloss	1986	38	n	456120	27	sudel	FALSE	5509	892650.628	-168238.62800000003
Schloss	1986	38	n	456120	28	flotek	FALSE	4843	892650.628	-168238.62800000003
Schloss	1986	38	n	456120	29	laben	FALSE	4143	892650.628	-168238.62800000003
Schloss	1986	38	n	456120	30	bondett	FALSE	5416	892650.628	-168238.62800000003
Schloss	1986	38	n	456120	31	próngem	FALSE	5632	892650.628	-168238.62800000003
Schloss	1986	38	n	456120	32	kajler	FALSE	3987	892650.628	-168238.62800000003
Schloss	1986	38	n	456120	33	bálen	FALSE	3834	892650.628	-168238.62800000003
Schloss	1986	38	n	456120	34	hacel	FALSE	5832	892650.628	-168238.62800000003
Schloss	1986	38	n	456120	35	tosztem	FALSE	4489	892650.628	-168238.62800000003
Schloss	1986	38	n	456120	36	plosztem	FALSE	3321	892650.628	-168238.62800000003
Schloss	1986	38	n	456120	37	pódens	FALSE	1890	892650.628	-168238.62800000003
Schloss	1986	38	n	456120	38	szláken	FALSE	2672	892650.628	-168238.62800000003
Schloss	1986	38	n	456120	39	voglens	FALSE	9702	892650.628	-168238.62800000003
Schloss	1986	38	n	456120	40	stokler	FALSE	5653	892650.628	-168238.62800000003
Schloss	1986	38	n	456120	41	kokker	FALSE	3824	892650.628	-168238.62800000003
Schloss	1986	38	n	456120	42	flotek	FALSE	7186	892650.628	-168238.62800000003
Schloss	1986	38	n	456120	43	vódett	FALSE	4731	892650.628	-168238.62800000003
Schloss	1986	38	n	456120	44	saklek	FALSE	4447	892650.628	-168238.62800000003
Schloss	1986	38	n	456120	45	hodel	FALSE	4674	892650.628	-168238.62800000003
Schloss	1986	38	n	456120	46	forrel	FALSE	5873	892650.628	-168238.62800000003
Schloss	1986	38	n	456120	47	rojett	FALSE	3699	892650.628	-168238.62800000003
Schloss	1986	38	n	456120	48	kranel	FALSE	4972	892650.628	-168238.62800000003
Schloss	1986	38	n	456120	49	daken	FALSE	5493	892650.628	-168238.62800000003
Schloss	1986	38	n	456120	50	kamesz	FALSE	3623	892650.628	-168238.62800000003
Schloss	1986	38	n	456120	51	stokler	FALSE	5859	892650.628	-168238.62800000003
Schloss	1986	38	n	456120	52	ubrem	FALSE	3543	892650.628	-168238.62800000003
Schloss	1986	38	n	456120	53	kajler	FALSE	4816	892650.628	-168238.62800000003
Schloss	1986	38	n	456120	54	suter	FALSE	4442	892650.628	-168238.62800000003
Schloss	1986	38	n	456120	55	trumlex	FALSE	3574	892650.628	-168238.62800000003
Schloss	1986	38	n	456120	56	dubex	FALSE	2493	892650.628	-168238.62800000003
Schloss	1986	38	n	456120	57	bachesz	FALSE	2450	892650.628	-168238.62800000003
Schloss	1986	38	n	456120	58	kokker	FALSE	2282	892650.628	-168238.62800000003
Schloss	1986	38	n	456120	59	slotens	FALSE	2057	892650.628	-168238.62800000003
Schloss	1986	38	n	456120	60	bórcer	FALSE	3328	892650.628	-168238.62800000003
Schloss	1986	38	n	456120	61	trumlex	FALSE	5080	892650.628	-168238.62800000003
Schloss	1986	38	n	456120	62	kranel	FALSE	3253	892650.628	-168238.62800000003
Schloss	1986	38	n	456120	63	kumek	FALSE	2844	892650.628	-168238.62800000003
Schloss	1986	38	n	456120	64	baktec	FALSE	3204	892650.628	-168238.62800000003
Schloss	1986	38	n	456120	65	kacsek	FALSE	4043	892650.628	-168238.62800000003
Schloss	1986	38	n	456120	66	ojett	FALSE	6578	892650.628	-168238.62800000003
Schloss	1986	38	n	456120	67	forrel	FALSE	1984	892650.628	-168238.62800000003
Schloss	1986	38	n	456120	68	hodel	FALSE	2652	892650.628	-168238.62800000003
Schloss	1986	38	n	456120	69	plosztem	FALSE	3966	892650.628	-168238.62800000003
Schloss	1986	38	n	456120	70	pámen	FALSE	9406	892650.628	-168238.62800000003
Schloss	1986	38	n	456120	71	pofszett	FALSE	4994	892650.628	-168238.62800000003
Schloss	1986	38	n	456120	72	kamesz	FALSE	2660	892650.628	-168238.62800000003
Schloss	1986	38	n	456120	73	pódens	FALSE	2620	892650.628	-168238.62800000003
Schloss	1986	38	n	456120	74	kojex	FALSE	3003	892650.628	-168238.62800000003
Schloss	1986	38	n	456120	75	voglens	FALSE	2326	892650.628	-168238.62800000003
Schloss	1986	38	n	456120	76	szláken	FALSE	1559	892650.628	-168238.62800000003
Schloss	1986	38	n	456120	77	tokex	FALSE	3160	892650.628	-168238.62800000003
Schloss	1986	38	n	456120	78	hókens	FALSE	3007	892650.628	-168238.62800000003
Schloss	1986	38	n	456120	79	baktec	FALSE	2738	892650.628	-168238.62800000003
Schloss	1986	38	n	456120	80	gortesz	FALSE	2972	892650.628	-168238.62800000003
Schloss	1986	38	n	456120	81	próngem	FALSE	3404	892650.628	-168238.62800000003
Schloss	1986	38	n	456120	82	hókens	FALSE	2376	892650.628	-168238.62800000003
Schloss	1986	38	n	456120	83	suter	FALSE	4125	892650.628	-168238.62800000003
Schloss	1986	38	n	456120	84	pofszett	FALSE	3151	892650.628	-168238.62800000003
Schloss	1986	38	n	456120	85	tokex	FALSE	2191	892650.628	-168238.62800000003
Schloss	1986	38	n	456120	86	kacsek	FALSE	3509	892650.628	-168238.62800000003
Schloss	1986	38	n	456120	87	kampesz	FALSE	6995	892650.628	-168238.62800000003
Schloss	1986	38	n	456120	88	szkatyec	FALSE	4970	892650.628	-168238.62800000003
Schloss	1986	38	n	456120	89	laben	FALSE	4583	892650.628	-168238.62800000003
Schloss	1986	38	n	456120	90	sudel	FALSE	3185	892650.628	-168238.62800000003
Schloss	1986	38	n	456120	91	slotens	FALSE	3088	892650.628	-168238.62800000003
Schloss	1986	38	n	456120	92	ojett	FALSE	1882	892650.628	-168238.62800000003
Schloss	1986	38	n	456120	93	mojem	FALSE	2383	892650.628	-168238.62800000003
Schloss	1986	38	n	456120	94	pratec	FALSE	2067	892650.628	-168238.62800000003
Schloss	1986	38	n	456120	95	tosztem	FALSE	2220	892650.628	-168238.62800000003
Schloss	1986	38	n	456120	96	saklek	FALSE	2248	892650.628	-168238.62800000003
Schloss	1986	38	n	456120	97	kumek	FALSE	5595	892650.628	-168238.62800000003
Schloss	1986	38	n	456120	98	bórcer	FALSE	6588	892650.628	-168238.62800000003
Schloss	1986	38	n	456120	99	dubex	FALSE	2387	892650.628	-168238.62800000003
Schloss	1986	38	n	456120	100	kojex	FALSE	3608	892650.628	-168238.62800000003
A8O22J	2006	18	n	196537	1	ojett	FALSE	5468	892650.628	-168238.62800000003
A8O22J	2006	18	n	196537	2	bondett	TRUE	4448	892650.628	-168238.62800000003
A8O22J	2006	18	n	196537	3	laben	TRUE	6056	892650.628	-168238.62800000003
A8O22J	2006	18	n	196537	4	voglens	FALSE	4309	892650.628	-168238.62800000003
A8O22J	2006	18	n	196537	5	bachesz	TRUE	3628	892650.628	-168238.62800000003
A8O22J	2006	18	n	196537	6	sudel	FALSE	2944	892650.628	-168238.62800000003
A8O22J	2006	18	n	196537	7	kamesz	FALSE	2963	892650.628	-168238.62800000003
A8O22J	2006	18	n	196537	8	flotek	FALSE	3802	892650.628	-168238.62800000003
A8O22J	2006	18	n	196537	9	kampesz	TRUE	1512	892650.628	-168238.62800000003
A8O22J	2006	18	n	196537	10	bojex	FALSE	2886	892650.628	-168238.62800000003
A8O22J	2006	18	n	196537	11	tokex	FALSE	3721	892650.628	-168238.62800000003
A8O22J	2006	18	n	196537	12	voglens	FALSE	2802	892650.628	-168238.62800000003
A8O22J	2006	18	n	196537	13	bachesz	FALSE	2967	892650.628	-168238.62800000003
A8O22J	2006	18	n	196537	14	saklek	FALSE	1356	892650.628	-168238.62800000003
A8O22J	2006	18	n	196537	15	takkesz	FALSE	1536	892650.628	-168238.62800000003
A8O22J	2006	18	n	196537	16	trumlex	FALSE	2290	892650.628	-168238.62800000003
A8O22J	2006	18	n	196537	17	gortesz	FALSE	1554	892650.628	-168238.62800000003
A8O22J	2006	18	n	196537	18	hodel	FALSE	3170	892650.628	-168238.62800000003
A8O22J	2006	18	n	196537	19	vódett	FALSE	2327	892650.628	-168238.62800000003
A8O22J	2006	18	n	196537	20	kranel	FALSE	1157	892650.628	-168238.62800000003
A8O22J	2006	18	n	196537	21	kampesz	TRUE	3209	892650.628	-168238.62800000003
A8O22J	2006	18	n	196537	22	kojex	FALSE	1042	892650.628	-168238.62800000003
A8O22J	2006	18	n	196537	23	mojem	FALSE	2522	892650.628	-168238.62800000003
A8O22J	2006	18	n	196537	24	pratec	TRUE	1720	892650.628	-168238.62800000003
A8O22J	2006	18	n	196537	25	hacel	FALSE	7298	892650.628	-168238.62800000003
A8O22J	2006	18	n	196537	26	pódens	FALSE	1129	892650.628	-168238.62800000003
A8O22J	2006	18	n	196537	27	ubrem	FALSE	3837	892650.628	-168238.62800000003
A8O22J	2006	18	n	196537	28	ubrem	FALSE	4044	892650.628	-168238.62800000003
A8O22J	2006	18	n	196537	29	pámen	FALSE	1485	892650.628	-168238.62800000003
A8O22J	2006	18	n	196537	30	pódens	FALSE	1516	892650.628	-168238.62800000003
A8O22J	2006	18	n	196537	31	pámen	FALSE	1711	892650.628	-168238.62800000003
A8O22J	2006	18	n	196537	32	laben	FALSE	2876	892650.628	-168238.62800000003
A8O22J	2006	18	n	196537	33	szkatyec	FALSE	2198	892650.628	-168238.62800000003
A8O22J	2006	18	n	196537	34	szláken	FALSE	3232	892650.628	-168238.62800000003
A8O22J	2006	18	n	196537	35	szkatyec	FALSE	1930	892650.628	-168238.62800000003
A8O22J	2006	18	n	196537	36	bondett	FALSE	2394	892650.628	-168238.62800000003
A8O22J	2006	18	n	196537	37	slotens	FALSE	1042	892650.628	-168238.62800000003
A8O22J	2006	18	n	196537	38	baktec	FALSE	762	892650.628	-168238.62800000003
A8O22J	2006	18	n	196537	39	daken	FALSE	3314	892650.628	-168238.62800000003
A8O22J	2006	18	n	196537	40	sapec	FALSE	3124	892650.628	-168238.62800000003
A8O22J	2006	18	n	196537	41	hodel	FALSE	1850	892650.628	-168238.62800000003
A8O22J	2006	18	n	196537	42	sapec	FALSE	1291	892650.628	-168238.62800000003
A8O22J	2006	18	n	196537	43	hacel	FALSE	836	892650.628	-168238.62800000003
A8O22J	2006	18	n	196537	44	tosztem	FALSE	2485	892650.628	-168238.62800000003
A8O22J	2006	18	n	196537	45	loftvens	FALSE	1245	892650.628	-168238.62800000003
A8O22J	2006	18	n	196537	46	vódett	FALSE	676	892650.628	-168238.62800000003
A8O22J	2006	18	n	196537	47	stokler	FALSE	1491	892650.628	-168238.62800000003
A8O22J	2006	18	n	196537	48	kranel	FALSE	954	892650.628	-168238.62800000003
A8O22J	2006	18	n	196537	49	pratec	FALSE	870	892650.628	-168238.62800000003
A8O22J	2006	18	n	196537	50	bórcer	FALSE	1047	892650.628	-168238.62800000003
A8O22J	2006	18	n	196537	51	tokex	FALSE	5609	892650.628	-168238.62800000003
A8O22J	2006	18	n	196537	52	rojett	FALSE	1709	892650.628	-168238.62800000003
A8O22J	2006	18	n	196537	53	takkesz	FALSE	1112	892650.628	-168238.62800000003
A8O22J	2006	18	n	196537	54	dubex	FALSE	967	892650.628	-168238.62800000003
A8O22J	2006	18	n	196537	55	bórcer	FALSE	821	892650.628	-168238.62800000003
A8O22J	2006	18	n	196537	56	bralek	FALSE	1386	892650.628	-168238.62800000003
A8O22J	2006	18	n	196537	57	próngem	FALSE	1120	892650.628	-168238.62800000003
A8O22J	2006	18	n	196537	58	bálen	FALSE	1039	892650.628	-168238.62800000003
A8O22J	2006	18	n	196537	59	hókens	FALSE	1289	892650.628	-168238.62800000003
A8O22J	2006	18	n	196537	60	pofszett	FALSE	789	892650.628	-168238.62800000003
A8O22J	2006	18	n	196537	61	suter	FALSE	882	892650.628	-168238.62800000003
A8O22J	2006	18	n	196537	62	stokler	FALSE	1065	892650.628	-168238.62800000003
A8O22J	2006	18	n	196537	63	daken	FALSE	970	892650.628	-168238.62800000003
A8O22J	2006	18	n	196537	64	moplec	FALSE	482	892650.628	-168238.62800000003
A8O22J	2006	18	n	196537	65	mojem	FALSE	800	892650.628	-168238.62800000003
A8O22J	2006	18	n	196537	66	szláken	FALSE	267	892650.628	-168238.62800000003
A8O22J	2006	18	n	196537	67	tosztem	FALSE	796	892650.628	-168238.62800000003
A8O22J	2006	18	n	196537	68	bálen	FALSE	1230	892650.628	-168238.62800000003
A8O22J	2006	18	n	196537	69	plosztem	FALSE	3225	892650.628	-168238.62800000003
A8O22J	2006	18	n	196537	70	baktec	FALSE	884	892650.628	-168238.62800000003
A8O22J	2006	18	n	196537	71	slotens	FALSE	954	892650.628	-168238.62800000003
A8O22J	2006	18	n	196537	72	bralek	FALSE	632	892650.628	-168238.62800000003
A8O22J	2006	18	n	196537	73	kamesz	FALSE	798	892650.628	-168238.62800000003
A8O22J	2006	18	n	196537	74	saklek	TRUE	3586	892650.628	-168238.62800000003
A8O22J	2006	18	n	196537	75	moplec	FALSE	1680	892650.628	-168238.62800000003
A8O22J	2006	18	n	196537	76	hókens	FALSE	837	892650.628	-168238.62800000003
A8O22J	2006	18	n	196537	77	forrel	FALSE	975	892650.628	-168238.62800000003
A8O22J	2006	18	n	196537	78	trumlex	FALSE	888	892650.628	-168238.62800000003
A8O22J	2006	18	n	196537	79	kumek	TRUE	3664	892650.628	-168238.62800000003
A8O22J	2006	18	n	196537	80	flotek	FALSE	2315	892650.628	-168238.62800000003
A8O22J	2006	18	n	196537	81	gortesz	TRUE	4287	892650.628	-168238.62800000003
A8O22J	2006	18	n	196537	82	kokker	FALSE	834	892650.628	-168238.62800000003
A8O22J	2006	18	n	196537	83	próngem	FALSE	1421	892650.628	-168238.62800000003
A8O22J	2006	18	n	196537	84	suter	FALSE	1469	892650.628	-168238.62800000003
A8O22J	2006	18	n	196537	85	kumek	FALSE	261	892650.628	-168238.62800000003
A8O22J	2006	18	n	196537	86	sudel	FALSE	707	892650.628	-168238.62800000003
A8O22J	2006	18	n	196537	87	kojex	FALSE	596	892650.628	-168238.62800000003
A8O22J	2006	18	n	196537	88	kacsek	FALSE	2100	892650.628	-168238.62800000003
A8O22J	2006	18	n	196537	89	pofszett	FALSE	1303	892650.628	-168238.62800000003
A8O22J	2006	18	n	196537	90	rojett	TRUE	1078	892650.628	-168238.62800000003
A8O22J	2006	18	n	196537	91	ojett	TRUE	1541	892650.628	-168238.62800000003
A8O22J	2006	18	n	196537	92	kajler	FALSE	892	892650.628	-168238.62800000003
A8O22J	2006	18	n	196537	93	kokker	FALSE	898	892650.628	-168238.62800000003
A8O22J	2006	18	n	196537	94	bojex	FALSE	970	892650.628	-168238.62800000003
A8O22J	2006	18	n	196537	95	dubex	TRUE	1000	892650.628	-168238.62800000003
A8O22J	2006	18	n	196537	96	loftvens	FALSE	2784	892650.628	-168238.62800000003
A8O22J	2006	18	n	196537	97	kajler	FALSE	952	892650.628	-168238.62800000003
A8O22J	2006	18	n	196537	98	forrel	FALSE	1221	892650.628	-168238.62800000003
A8O22J	2006	18	n	196537	99	kacsek	FALSE	3844	892650.628	-168238.62800000003
A8O22J	2006	18	n	196537	100	plosztem	FALSE	1582	892650.628	-168238.62800000003
habarcs	1988	36	e	254184	1	ubrem	FALSE	3087	892650.628	-168238.62800000003
habarcs	1988	36	e	254184	2	szláken	FALSE	3922	892650.628	-168238.62800000003
habarcs	1988	36	e	254184	3	laben	FALSE	2726	892650.628	-168238.62800000003
habarcs	1988	36	e	254184	4	pámen	FALSE	2211	892650.628	-168238.62800000003
habarcs	1988	36	e	254184	5	kranel	FALSE	1684	892650.628	-168238.62800000003
habarcs	1988	36	e	254184	6	rojett	FALSE	2277	892650.628	-168238.62800000003
habarcs	1988	36	e	254184	7	szláken	FALSE	2613	892650.628	-168238.62800000003
habarcs	1988	36	e	254184	8	takkesz	FALSE	4043	892650.628	-168238.62800000003
habarcs	1988	36	e	254184	9	moplec	FALSE	2308	892650.628	-168238.62800000003
habarcs	1988	36	e	254184	10	gortesz	FALSE	2849	892650.628	-168238.62800000003
habarcs	1988	36	e	254184	11	baktec	FALSE	3669	892650.628	-168238.62800000003
habarcs	1988	36	e	254184	12	daken	FALSE	2536	892650.628	-168238.62800000003
habarcs	1988	36	e	254184	13	flotek	TRUE	3864	892650.628	-168238.62800000003
habarcs	1988	36	e	254184	14	forrel	FALSE	3148	892650.628	-168238.62800000003
habarcs	1988	36	e	254184	15	próngem	FALSE	2881	892650.628	-168238.62800000003
habarcs	1988	36	e	254184	16	hacel	FALSE	2185	892650.628	-168238.62800000003
habarcs	1988	36	e	254184	17	forrel	FALSE	2780	892650.628	-168238.62800000003
habarcs	1988	36	e	254184	18	kampesz	FALSE	2136	892650.628	-168238.62800000003
habarcs	1988	36	e	254184	19	mojem	FALSE	1603	892650.628	-168238.62800000003
habarcs	1988	36	e	254184	20	bojex	FALSE	2354	892650.628	-168238.62800000003
habarcs	1988	36	e	254184	21	hodel	FALSE	2773	892650.628	-168238.62800000003
habarcs	1988	36	e	254184	22	bachesz	FALSE	2052	892650.628	-168238.62800000003
habarcs	1988	36	e	254184	23	rojett	FALSE	1616	892650.628	-168238.62800000003
habarcs	1988	36	e	254184	24	pofszett	FALSE	1773	892650.628	-168238.62800000003
habarcs	1988	36	e	254184	25	bondett	FALSE	2443	892650.628	-168238.62800000003
habarcs	1988	36	e	254184	26	bórcer	FALSE	1812	892650.628	-168238.62800000003
habarcs	1988	36	e	254184	27	bondett	FALSE	1525	892650.628	-168238.62800000003
habarcs	1988	36	e	254184	28	sapec	FALSE	2913	892650.628	-168238.62800000003
habarcs	1988	36	e	254184	29	tosztem	FALSE	2707	892650.628	-168238.62800000003
habarcs	1988	36	e	254184	30	loftvens	FALSE	1509	892650.628	-168238.62800000003
habarcs	1988	36	e	254184	31	kokker	TRUE	10317	892650.628	-168238.62800000003
habarcs	1988	36	e	254184	32	sudel	FALSE	3421	892650.628	-168238.62800000003
habarcs	1988	36	e	254184	33	kumek	FALSE	1824	892650.628	-168238.62800000003
habarcs	1988	36	e	254184	34	laben	FALSE	1300	892650.628	-168238.62800000003
habarcs	1988	36	e	254184	35	kokker	FALSE	1467	892650.628	-168238.62800000003
habarcs	1988	36	e	254184	36	pratec	FALSE	1241	892650.628	-168238.62800000003
habarcs	1988	36	e	254184	37	kamesz	FALSE	1730	892650.628	-168238.62800000003
habarcs	1988	36	e	254184	38	loftvens	FALSE	1365	892650.628	-168238.62800000003
habarcs	1988	36	e	254184	39	tokex	FALSE	3973	892650.628	-168238.62800000003
habarcs	1988	36	e	254184	40	slotens	FALSE	1565	892650.628	-168238.62800000003
habarcs	1988	36	e	254184	41	bralek	FALSE	1610	892650.628	-168238.62800000003
habarcs	1988	36	e	254184	42	stokler	FALSE	1810	892650.628	-168238.62800000003
habarcs	1988	36	e	254184	43	pódens	FALSE	1219	892650.628	-168238.62800000003
habarcs	1988	36	e	254184	44	kacsek	TRUE	3867	892650.628	-168238.62800000003
habarcs	1988	36	e	254184	45	kumek	FALSE	1558	892650.628	-168238.62800000003
habarcs	1988	36	e	254184	46	moplec	FALSE	1366	892650.628	-168238.62800000003
habarcs	1988	36	e	254184	47	próngem	FALSE	1478	892650.628	-168238.62800000003
habarcs	1988	36	e	254184	48	ubrem	FALSE	1528	892650.628	-168238.62800000003
habarcs	1988	36	e	254184	49	szkatyec	FALSE	8948	892650.628	-168238.62800000003
habarcs	1988	36	e	254184	50	dubex	FALSE	1628	892650.628	-168238.62800000003
habarcs	1988	36	e	254184	51	sudel	FALSE	2143	892650.628	-168238.62800000003
habarcs	1988	36	e	254184	52	kamesz	TRUE	4231	892650.628	-168238.62800000003
habarcs	1988	36	e	254184	53	sapec	FALSE	2379	892650.628	-168238.62800000003
habarcs	1988	36	e	254184	54	ojett	FALSE	1579	892650.628	-168238.62800000003
habarcs	1988	36	e	254184	55	kojex	FALSE	3608	892650.628	-168238.62800000003
habarcs	1988	36	e	254184	56	kampesz	FALSE	1980	892650.628	-168238.62800000003
habarcs	1988	36	e	254184	57	kacsek	TRUE	3349	892650.628	-168238.62800000003
habarcs	1988	36	e	254184	58	szkatyec	FALSE	8911	892650.628	-168238.62800000003
habarcs	1988	36	e	254184	59	hacel	FALSE	1908	892650.628	-168238.62800000003
habarcs	1988	36	e	254184	60	baktec	FALSE	2056	892650.628	-168238.62800000003
habarcs	1988	36	e	254184	61	tokex	FALSE	5414	892650.628	-168238.62800000003
habarcs	1988	36	e	254184	62	suter	FALSE	2928	892650.628	-168238.62800000003
habarcs	1988	36	e	254184	63	trumlex	FALSE	3087	892650.628	-168238.62800000003
habarcs	1988	36	e	254184	64	pratec	FALSE	5660	892650.628	-168238.62800000003
habarcs	1988	36	e	254184	65	pofszett	FALSE	2474	892650.628	-168238.62800000003
habarcs	1988	36	e	254184	66	kranel	FALSE	5595	892650.628	-168238.62800000003
habarcs	1988	36	e	254184	67	hókens	FALSE	2782	892650.628	-168238.62800000003
habarcs	1988	36	e	254184	68	saklek	FALSE	3039	892650.628	-168238.62800000003
habarcs	1988	36	e	254184	69	gortesz	FALSE	2192	892650.628	-168238.62800000003
habarcs	1988	36	e	254184	70	vódett	FALSE	1635	892650.628	-168238.62800000003
habarcs	1988	36	e	254184	71	bralek	FALSE	2520	892650.628	-168238.62800000003
habarcs	1988	36	e	254184	72	bálen	FALSE	1620	892650.628	-168238.62800000003
habarcs	1988	36	e	254184	73	pódens	FALSE	1342	892650.628	-168238.62800000003
habarcs	1988	36	e	254184	74	voglens	FALSE	1366	892650.628	-168238.62800000003
habarcs	1988	36	e	254184	75	saklek	FALSE	1672	892650.628	-168238.62800000003
habarcs	1988	36	e	254184	76	bojex	FALSE	1330	892650.628	-168238.62800000003
habarcs	1988	36	e	254184	77	mojem	FALSE	3170	892650.628	-168238.62800000003
habarcs	1988	36	e	254184	78	bachesz	FALSE	1979	892650.628	-168238.62800000003
habarcs	1988	36	e	254184	79	pámen	FALSE	1155	892650.628	-168238.62800000003
habarcs	1988	36	e	254184	80	plosztem	FALSE	3911	892650.628	-168238.62800000003
habarcs	1988	36	e	254184	81	voglens	FALSE	1593	892650.628	-168238.62800000003
habarcs	1988	36	e	254184	82	hodel	FALSE	1097	892650.628	-168238.62800000003
habarcs	1988	36	e	254184	83	stokler	FALSE	1349	892650.628	-168238.62800000003
habarcs	1988	36	e	254184	84	trumlex	FALSE	1995	892650.628	-168238.62800000003
habarcs	1988	36	e	254184	85	vódett	FALSE	2176	892650.628	-168238.62800000003
habarcs	1988	36	e	254184	86	kajler	FALSE	2567	892650.628	-168238.62800000003
habarcs	1988	36	e	254184	87	dubex	FALSE	1997	892650.628	-168238.62800000003
habarcs	1988	36	e	254184	88	bórcer	FALSE	1850	892650.628	-168238.62800000003
habarcs	1988	36	e	254184	89	daken	FALSE	2386	892650.628	-168238.62800000003
habarcs	1988	36	e	254184	90	hókens	FALSE	1721	892650.628	-168238.62800000003
habarcs	1988	36	e	254184	91	takkesz	FALSE	1329	892650.628	-168238.62800000003
habarcs	1988	36	e	254184	92	flotek	FALSE	1170	892650.628	-168238.62800000003
habarcs	1988	36	e	254184	93	tosztem	FALSE	2284	892650.628	-168238.62800000003
habarcs	1988	36	e	254184	94	ojett	FALSE	4990	892650.628	-168238.62800000003
habarcs	1988	36	e	254184	95	bálen	FALSE	2248	892650.628	-168238.62800000003
habarcs	1988	36	e	254184	96	plosztem	FALSE	1784	892650.628	-168238.62800000003
habarcs	1988	36	e	254184	97	kojex	FALSE	1622	892650.628	-168238.62800000003
habarcs	1988	36	e	254184	98	slotens	FALSE	1043	892650.628	-168238.62800000003
habarcs	1988	36	e	254184	99	kajler	FALSE	1592	892650.628	-168238.62800000003
habarcs	1988	36	e	254184	100	suter	FALSE	1162	892650.628	-168238.62800000003
b4kl9d	2004	20	férfi	392990	1	forrel	FALSE	5239	892650.628	-168238.62800000003
b4kl9d	2004	20	férfi	392990	2	bórcer	FALSE	7518	892650.628	-168238.62800000003
b4kl9d	2004	20	férfi	392990	3	hacel	FALSE	9585	892650.628	-168238.62800000003
b4kl9d	2004	20	férfi	392990	4	kojex	FALSE	6954	892650.628	-168238.62800000003
b4kl9d	2004	20	férfi	392990	5	pofszett	TRUE	6395	892650.628	-168238.62800000003
b4kl9d	2004	20	férfi	392990	6	saklek	TRUE	7077	892650.628	-168238.62800000003
b4kl9d	2004	20	férfi	392990	7	kamesz	TRUE	4381	892650.628	-168238.62800000003
b4kl9d	2004	20	férfi	392990	8	sudel	FALSE	6134	892650.628	-168238.62800000003
b4kl9d	2004	20	férfi	392990	9	pódens	FALSE	3762	892650.628	-168238.62800000003
b4kl9d	2004	20	férfi	392990	10	plosztem	FALSE	8049	892650.628	-168238.62800000003
b4kl9d	2004	20	férfi	392990	11	kampesz	TRUE	6143	892650.628	-168238.62800000003
b4kl9d	2004	20	férfi	392990	12	bondett	TRUE	11070	892650.628	-168238.62800000003
b4kl9d	2004	20	férfi	392990	13	daken	TRUE	3473	892650.628	-168238.62800000003
b4kl9d	2004	20	férfi	392990	14	tosztem	FALSE	3112	892650.628	-168238.62800000003
b4kl9d	2004	20	férfi	392990	15	trumlex	TRUE	6076	892650.628	-168238.62800000003
b4kl9d	2004	20	férfi	392990	16	hókens	TRUE	6380	892650.628	-168238.62800000003
b4kl9d	2004	20	férfi	392990	17	bralek	FALSE	3533	892650.628	-168238.62800000003
b4kl9d	2004	20	férfi	392990	18	kumek	TRUE	2445	892650.628	-168238.62800000003
b4kl9d	2004	20	férfi	392990	19	tokex	TRUE	4077	892650.628	-168238.62800000003
b4kl9d	2004	20	férfi	392990	20	moplec	FALSE	4367	892650.628	-168238.62800000003
b4kl9d	2004	20	férfi	392990	21	slotens	FALSE	6152	892650.628	-168238.62800000003
b4kl9d	2004	20	férfi	392990	22	loftvens	FALSE	2768	892650.628	-168238.62800000003
b4kl9d	2004	20	férfi	392990	23	próngem	FALSE	2689	892650.628	-168238.62800000003
b4kl9d	2004	20	férfi	392990	24	kokker	TRUE	3137	892650.628	-168238.62800000003
b4kl9d	2004	20	férfi	392990	25	mojem	TRUE	2325	892650.628	-168238.62800000003
b4kl9d	2004	20	férfi	392990	26	suter	TRUE	4527	892650.628	-168238.62800000003
b4kl9d	2004	20	férfi	392990	27	kokker	TRUE	4470	892650.628	-168238.62800000003
b4kl9d	2004	20	férfi	392990	28	daken	TRUE	3439	892650.628	-168238.62800000003
b4kl9d	2004	20	férfi	392990	29	bojex	TRUE	2542	892650.628	-168238.62800000003
b4kl9d	2004	20	férfi	392990	30	flotek	TRUE	8929	892650.628	-168238.62800000003
b4kl9d	2004	20	férfi	392990	31	rojett	TRUE	3169	892650.628	-168238.62800000003
b4kl9d	2004	20	férfi	392990	32	pofszett	FALSE	11695	892650.628	-168238.62800000003
b4kl9d	2004	20	férfi	392990	33	kajler	TRUE	4531	892650.628	-168238.62800000003
b4kl9d	2004	20	férfi	392990	34	pámen	TRUE	4329	892650.628	-168238.62800000003
b4kl9d	2004	20	férfi	392990	35	dubex	TRUE	4259	892650.628	-168238.62800000003
b4kl9d	2004	20	férfi	392990	36	baktec	FALSE	3451	892650.628	-168238.62800000003
b4kl9d	2004	20	férfi	392990	37	szkatyec	FALSE	2960	892650.628	-168238.62800000003
b4kl9d	2004	20	férfi	392990	38	loftvens	FALSE	4749	892650.628	-168238.62800000003
b4kl9d	2004	20	férfi	392990	39	vódett	TRUE	2790	892650.628	-168238.62800000003
b4kl9d	2004	20	férfi	392990	40	hókens	TRUE	3850	892650.628	-168238.62800000003
b4kl9d	2004	20	férfi	392990	41	gortesz	FALSE	6901	892650.628	-168238.62800000003
b4kl9d	2004	20	férfi	392990	42	szláken	FALSE	2136	892650.628	-168238.62800000003
b4kl9d	2004	20	férfi	392990	43	mojem	FALSE	3799	892650.628	-168238.62800000003
b4kl9d	2004	20	férfi	392990	44	hodel	TRUE	3071	892650.628	-168238.62800000003
b4kl9d	2004	20	férfi	392990	45	szláken	FALSE	2130	892650.628	-168238.62800000003
b4kl9d	2004	20	férfi	392990	46	sapec	TRUE	4480	892650.628	-168238.62800000003
b4kl9d	2004	20	férfi	392990	47	slotens	FALSE	3152	892650.628	-168238.62800000003
b4kl9d	2004	20	férfi	392990	48	rojett	FALSE	3005	892650.628	-168238.62800000003
b4kl9d	2004	20	férfi	392990	49	ojett	FALSE	3245	892650.628	-168238.62800000003
b4kl9d	2004	20	férfi	392990	50	ubrem	FALSE	7219	892650.628	-168238.62800000003
b4kl9d	2004	20	férfi	392990	51	pámen	FALSE	1787	892650.628	-168238.62800000003
b4kl9d	2004	20	férfi	392990	52	laben	FALSE	2835	892650.628	-168238.62800000003
b4kl9d	2004	20	férfi	392990	53	baktec	FALSE	1894	892650.628	-168238.62800000003
b4kl9d	2004	20	férfi	392990	54	suter	TRUE	2072	892650.628	-168238.62800000003
b4kl9d	2004	20	férfi	392990	55	kranel	FALSE	4452	892650.628	-168238.62800000003
b4kl9d	2004	20	férfi	392990	56	voglens	FALSE	2352	892650.628	-168238.62800000003
b4kl9d	2004	20	férfi	392990	57	bálen	TRUE	1911	892650.628	-168238.62800000003
b4kl9d	2004	20	férfi	392990	58	stokler	TRUE	2584	892650.628	-168238.62800000003
b4kl9d	2004	20	férfi	392990	59	laben	TRUE	2985	892650.628	-168238.62800000003
b4kl9d	2004	20	férfi	392990	60	kajler	TRUE	2226	892650.628	-168238.62800000003
b4kl9d	2004	20	férfi	392990	61	ojett	TRUE	2338	892650.628	-168238.62800000003
b4kl9d	2004	20	férfi	392990	62	trumlex	FALSE	8795	892650.628	-168238.62800000003
b4kl9d	2004	20	férfi	392990	63	moplec	FALSE	2074	892650.628	-168238.62800000003
b4kl9d	2004	20	férfi	392990	64	dubex	TRUE	2026	892650.628	-168238.62800000003
b4kl9d	2004	20	férfi	392990	65	vódett	FALSE	1646	892650.628	-168238.62800000003
b4kl9d	2004	20	férfi	392990	66	forrel	TRUE	1615	892650.628	-168238.62800000003
b4kl9d	2004	20	férfi	392990	67	sapec	FALSE	4074	892650.628	-168238.62800000003
b4kl9d	2004	20	férfi	392990	68	pódens	FALSE	1446	892650.628	-168238.62800000003
b4kl9d	2004	20	férfi	392990	69	bachesz	FALSE	2200	892650.628	-168238.62800000003
b4kl9d	2004	20	férfi	392990	70	bojex	TRUE	3972	892650.628	-168238.62800000003
b4kl9d	2004	20	férfi	392990	71	ubrem	FALSE	5112	892650.628	-168238.62800000003
b4kl9d	2004	20	férfi	392990	72	bralek	TRUE	7330	892650.628	-168238.62800000003
b4kl9d	2004	20	férfi	392990	73	kacsek	TRUE	3290	892650.628	-168238.62800000003
b4kl9d	2004	20	férfi	392990	74	próngem	FALSE	1476	892650.628	-168238.62800000003
b4kl9d	2004	20	férfi	392990	75	plosztem	TRUE	2616	892650.628	-168238.62800000003
b4kl9d	2004	20	férfi	392990	76	gortesz	TRUE	2507	892650.628	-168238.62800000003
b4kl9d	2004	20	férfi	392990	77	saklek	FALSE	1816	892650.628	-168238.62800000003
b4kl9d	2004	20	férfi	392990	78	stokler	TRUE	2562	892650.628	-168238.62800000003
b4kl9d	2004	20	férfi	392990	79	flotek	FALSE	2166	892650.628	-168238.62800000003
b4kl9d	2004	20	férfi	392990	80	bachesz	FALSE	1992	892650.628	-168238.62800000003
b4kl9d	2004	20	férfi	392990	81	takkesz	TRUE	2726	892650.628	-168238.62800000003
b4kl9d	2004	20	férfi	392990	82	hodel	TRUE	1998	892650.628	-168238.62800000003
b4kl9d	2004	20	férfi	392990	83	bálen	FALSE	3078	892650.628	-168238.62800000003
b4kl9d	2004	20	férfi	392990	84	bórcer	FALSE	2690	892650.628	-168238.62800000003
b4kl9d	2004	20	férfi	392990	85	sudel	TRUE	4487	892650.628	-168238.62800000003
b4kl9d	2004	20	férfi	392990	86	voglens	FALSE	1571	892650.628	-168238.62800000003
b4kl9d	2004	20	férfi	392990	87	kranel	FALSE	3352	892650.628	-168238.62800000003
b4kl9d	2004	20	férfi	392990	88	takkesz	TRUE	5817	892650.628	-168238.62800000003
b4kl9d	2004	20	férfi	392990	89	tosztem	FALSE	5463	892650.628	-168238.62800000003
b4kl9d	2004	20	férfi	392990	90	hacel	TRUE	1616	892650.628	-168238.62800000003
b4kl9d	2004	20	férfi	392990	91	kumek	TRUE	1483	892650.628	-168238.62800000003
b4kl9d	2004	20	férfi	392990	92	pratec	FALSE	2121	892650.628	-168238.62800000003
b4kl9d	2004	20	férfi	392990	93	szkatyec	FALSE	3319	892650.628	-168238.62800000003
b4kl9d	2004	20	férfi	392990	94	bondett	FALSE	3796	892650.628	-168238.62800000003
b4kl9d	2004	20	férfi	392990	95	kamesz	TRUE	2661	892650.628	-168238.62800000003
b4kl9d	2004	20	férfi	392990	96	kojex	TRUE	6636	892650.628	-168238.62800000003
b4kl9d	2004	20	férfi	392990	97	kacsek	FALSE	3810	892650.628	-168238.62800000003
b4kl9d	2004	20	férfi	392990	98	tokex	TRUE	3470	892650.628	-168238.62800000003
b4kl9d	2004	20	férfi	392990	99	pratec	FALSE	2188	892650.628	-168238.62800000003
b4kl9d	2004	20	férfi	392990	100	kampesz	TRUE	2888	892650.628	-168238.62800000003
opz35o	1991	33	n	479068	1	daken	FALSE	11461	892650.628	-168238.62800000003
opz35o	1991	33	n	479068	2	baktec	TRUE	6374	892650.628	-168238.62800000003
opz35o	1991	33	n	479068	3	gortesz	TRUE	8480	892650.628	-168238.62800000003
opz35o	1991	33	n	479068	4	takkesz	TRUE	4660	892650.628	-168238.62800000003
opz35o	1991	33	n	479068	5	vódett	FALSE	7422	892650.628	-168238.62800000003
opz35o	1991	33	n	479068	6	slotens	FALSE	7604	892650.628	-168238.62800000003
opz35o	1991	33	n	479068	7	kampesz	TRUE	4195	892650.628	-168238.62800000003
opz35o	1991	33	n	479068	8	ubrem	FALSE	3953	892650.628	-168238.62800000003
opz35o	1991	33	n	479068	9	trumlex	FALSE	3867	892650.628	-168238.62800000003
opz35o	1991	33	n	479068	10	saklek	TRUE	9636	892650.628	-168238.62800000003
opz35o	1991	33	n	479068	11	bondett	TRUE	4227	892650.628	-168238.62800000003
opz35o	1991	33	n	479068	12	pódens	FALSE	7098	892650.628	-168238.62800000003
opz35o	1991	33	n	479068	13	kokker	TRUE	3368	892650.628	-168238.62800000003
opz35o	1991	33	n	479068	14	gortesz	FALSE	9634	892650.628	-168238.62800000003
opz35o	1991	33	n	479068	15	flotek	TRUE	10847	892650.628	-168238.62800000003
opz35o	1991	33	n	479068	16	voglens	FALSE	10295	892650.628	-168238.62800000003
opz35o	1991	33	n	479068	17	moplec	TRUE	4235	892650.628	-168238.62800000003
opz35o	1991	33	n	479068	18	kumek	TRUE	5730	892650.628	-168238.62800000003
opz35o	1991	33	n	479068	19	tosztem	TRUE	5544	892650.628	-168238.62800000003
opz35o	1991	33	n	479068	20	rojett	FALSE	5237	892650.628	-168238.62800000003
opz35o	1991	33	n	479068	21	vódett	FALSE	4310	892650.628	-168238.62800000003
opz35o	1991	33	n	479068	22	bralek	TRUE	2640	892650.628	-168238.62800000003
opz35o	1991	33	n	479068	23	kranel	TRUE	3192	892650.628	-168238.62800000003
opz35o	1991	33	n	479068	24	plosztem	FALSE	5077	892650.628	-168238.62800000003
opz35o	1991	33	n	479068	25	kajler	TRUE	4112	892650.628	-168238.62800000003
opz35o	1991	33	n	479068	26	tosztem	FALSE	4984	892650.628	-168238.62800000003
opz35o	1991	33	n	479068	27	hókens	FALSE	12083	892650.628	-168238.62800000003
opz35o	1991	33	n	479068	28	próngem	FALSE	4220	892650.628	-168238.62800000003
opz35o	1991	33	n	479068	29	szláken	TRUE	5207	892650.628	-168238.62800000003
opz35o	1991	33	n	479068	30	ojett	FALSE	5341	892650.628	-168238.62800000003
opz35o	1991	33	n	479068	31	dubex	FALSE	3644	892650.628	-168238.62800000003
opz35o	1991	33	n	479068	32	trumlex	TRUE	3422	892650.628	-168238.62800000003
opz35o	1991	33	n	479068	33	kajler	FALSE	10394	892650.628	-168238.62800000003
opz35o	1991	33	n	479068	34	rojett	FALSE	5509	892650.628	-168238.62800000003
opz35o	1991	33	n	479068	35	hodel	TRUE	3061	892650.628	-168238.62800000003
opz35o	1991	33	n	479068	36	bachesz	TRUE	2278	892650.628	-168238.62800000003
opz35o	1991	33	n	479068	37	kojex	FALSE	4157	892650.628	-168238.62800000003
opz35o	1991	33	n	479068	38	bralek	FALSE	16281	892650.628	-168238.62800000003
opz35o	1991	33	n	479068	39	pámen	FALSE	3372	892650.628	-168238.62800000003
opz35o	1991	33	n	479068	40	kacsek	FALSE	3798	892650.628	-168238.62800000003
opz35o	1991	33	n	479068	41	kojex	FALSE	2061	892650.628	-168238.62800000003
opz35o	1991	33	n	479068	42	laben	TRUE	3901	892650.628	-168238.62800000003
opz35o	1991	33	n	479068	43	slotens	FALSE	3744	892650.628	-168238.62800000003
opz35o	1991	33	n	479068	44	bórcer	FALSE	9122	892650.628	-168238.62800000003
opz35o	1991	33	n	479068	45	daken	FALSE	2707	892650.628	-168238.62800000003
opz35o	1991	33	n	479068	46	pratec	FALSE	6482	892650.628	-168238.62800000003
opz35o	1991	33	n	479068	47	mojem	FALSE	6703	892650.628	-168238.62800000003
opz35o	1991	33	n	479068	48	hacel	FALSE	2642	892650.628	-168238.62800000003
opz35o	1991	33	n	479068	49	ojett	FALSE	3787	892650.628	-168238.62800000003
opz35o	1991	33	n	479068	50	pámen	FALSE	2817	892650.628	-168238.62800000003
opz35o	1991	33	n	479068	51	forrel	FALSE	3390	892650.628	-168238.62800000003
opz35o	1991	33	n	479068	52	pódens	FALSE	2181	892650.628	-168238.62800000003
opz35o	1991	33	n	479068	53	takkesz	FALSE	4533	892650.628	-168238.62800000003
opz35o	1991	33	n	479068	54	bachesz	TRUE	8332	892650.628	-168238.62800000003
opz35o	1991	33	n	479068	55	kranel	FALSE	4539	892650.628	-168238.62800000003
opz35o	1991	33	n	479068	56	tokex	FALSE	2425	892650.628	-168238.62800000003
opz35o	1991	33	n	479068	57	kamesz	FALSE	10405	892650.628	-168238.62800000003
opz35o	1991	33	n	479068	58	baktec	FALSE	4403	892650.628	-168238.62800000003
opz35o	1991	33	n	479068	59	sapec	FALSE	7321	892650.628	-168238.62800000003
opz35o	1991	33	n	479068	60	saklek	FALSE	4645	892650.628	-168238.62800000003
opz35o	1991	33	n	479068	61	ubrem	FALSE	3789	892650.628	-168238.62800000003
opz35o	1991	33	n	479068	62	tokex	FALSE	2207	892650.628	-168238.62800000003
opz35o	1991	33	n	479068	63	sapec	TRUE	4713	892650.628	-168238.62800000003
opz35o	1991	33	n	479068	64	szkatyec	FALSE	13598	892650.628	-168238.62800000003
opz35o	1991	33	n	479068	65	suter	FALSE	2496	892650.628	-168238.62800000003
opz35o	1991	33	n	479068	66	sudel	FALSE	3400	892650.628	-168238.62800000003
opz35o	1991	33	n	479068	67	stokler	TRUE	7605	892650.628	-168238.62800000003
opz35o	1991	33	n	479068	68	loftvens	FALSE	2694	892650.628	-168238.62800000003
opz35o	1991	33	n	479068	69	szláken	FALSE	2106	892650.628	-168238.62800000003
opz35o	1991	33	n	479068	70	bondett	FALSE	4569	892650.628	-168238.62800000003
opz35o	1991	33	n	479068	71	kokker	FALSE	1862	892650.628	-168238.62800000003
opz35o	1991	33	n	479068	72	hókens	FALSE	2322	892650.628	-168238.62800000003
opz35o	1991	33	n	479068	73	bórcer	FALSE	2568	892650.628	-168238.62800000003
opz35o	1991	33	n	479068	74	plosztem	FALSE	4737	892650.628	-168238.62800000003
opz35o	1991	33	n	479068	75	laben	TRUE	3848	892650.628	-168238.62800000003
opz35o	1991	33	n	479068	76	bálen	FALSE	2957	892650.628	-168238.62800000003
opz35o	1991	33	n	479068	77	stokler	FALSE	3649	892650.628	-168238.62800000003
opz35o	1991	33	n	479068	78	pofszett	FALSE	2476	892650.628	-168238.62800000003
opz35o	1991	33	n	479068	79	moplec	FALSE	2400	892650.628	-168238.62800000003
opz35o	1991	33	n	479068	80	pofszett	FALSE	2454	892650.628	-168238.62800000003
opz35o	1991	33	n	479068	81	voglens	FALSE	2744	892650.628	-168238.62800000003
opz35o	1991	33	n	479068	82	sudel	FALSE	2026	892650.628	-168238.62800000003
opz35o	1991	33	n	479068	83	hodel	FALSE	2509	892650.628	-168238.62800000003
opz35o	1991	33	n	479068	84	próngem	FALSE	3261	892650.628	-168238.62800000003
opz35o	1991	33	n	479068	85	suter	FALSE	1736	892650.628	-168238.62800000003
opz35o	1991	33	n	479068	86	loftvens	FALSE	1904	892650.628	-168238.62800000003
opz35o	1991	33	n	479068	87	kampesz	TRUE	2909	892650.628	-168238.62800000003
opz35o	1991	33	n	479068	88	bojex	FALSE	2356	892650.628	-168238.62800000003
opz35o	1991	33	n	479068	89	forrel	FALSE	3367	892650.628	-168238.62800000003
opz35o	1991	33	n	479068	90	hacel	FALSE	6587	892650.628	-168238.62800000003
opz35o	1991	33	n	479068	91	pratec	FALSE	1808	892650.628	-168238.62800000003
opz35o	1991	33	n	479068	92	bálen	FALSE	3528	892650.628	-168238.62800000003
opz35o	1991	33	n	479068	93	dubex	FALSE	1421	892650.628	-168238.62800000003
opz35o	1991	33	n	479068	94	szkatyec	FALSE	2669	892650.628	-168238.62800000003
opz35o	1991	33	n	479068	95	kamesz	TRUE	5753	892650.628	-168238.62800000003
opz35o	1991	33	n	479068	96	mojem	TRUE	5430	892650.628	-168238.62800000003
opz35o	1991	33	n	479068	97	bojex	FALSE	2672	892650.628	-168238.62800000003
opz35o	1991	33	n	479068	98	flotek	FALSE	1799	892650.628	-168238.62800000003
opz35o	1991	33	n	479068	99	kumek	FALSE	3537	892650.628	-168238.62800000003
opz35o	1991	33	n	479068	100	kacsek	TRUE	7513	892650.628	-168238.62800000003
POGIKA	1988	36	n	1092321	1	kojex	FALSE	7961	892650.628	-168238.62800000003
POGIKA	1988	36	n	1092321	2	pofszett	FALSE	7729	892650.628	-168238.62800000003
POGIKA	1988	36	n	1092321	3	vódett	FALSE	9512	892650.628	-168238.62800000003
POGIKA	1988	36	n	1092321	4	kampesz	FALSE	14391	892650.628	-168238.62800000003
POGIKA	1988	36	n	1092321	5	laben	FALSE	5940	892650.628	-168238.62800000003
POGIKA	1988	36	n	1092321	6	bojex	FALSE	5677	892650.628	-168238.62800000003
POGIKA	1988	36	n	1092321	7	szláken	FALSE	10584	892650.628	-168238.62800000003
POGIKA	1988	36	n	1092321	8	sapec	FALSE	34731	892650.628	-168238.62800000003
POGIKA	1988	36	n	1092321	9	slotens	FALSE	7873	892650.628	-168238.62800000003
POGIKA	1988	36	n	1092321	10	hodel	FALSE	20397	892650.628	-168238.62800000003
POGIKA	1988	36	n	1092321	11	forrel	FALSE	13434	892650.628	-168238.62800000003
POGIKA	1988	36	n	1092321	12	pámen	FALSE	21262	892650.628	-168238.62800000003
POGIKA	1988	36	n	1092321	13	stokler	FALSE	5315	892650.628	-168238.62800000003
POGIKA	1988	36	n	1092321	14	saklek	FALSE	16878	892650.628	-168238.62800000003
POGIKA	1988	36	n	1092321	15	flotek	FALSE	4647	892650.628	-168238.62800000003
POGIKA	1988	36	n	1092321	16	vódett	FALSE	6121	892650.628	-168238.62800000003
POGIKA	1988	36	n	1092321	17	kacsek	FALSE	4515	892650.628	-168238.62800000003
POGIKA	1988	36	n	1092321	18	baktec	FALSE	8763	892650.628	-168238.62800000003
POGIKA	1988	36	n	1092321	19	kacsek	FALSE	4651	892650.628	-168238.62800000003
POGIKA	1988	36	n	1092321	20	bálen	FALSE	4216	892650.628	-168238.62800000003
POGIKA	1988	36	n	1092321	21	plosztem	FALSE	3848	892650.628	-168238.62800000003
POGIKA	1988	36	n	1092321	22	daken	FALSE	40085	892650.628	-168238.62800000003
POGIKA	1988	36	n	1092321	23	moplec	FALSE	5741	892650.628	-168238.62800000003
POGIKA	1988	36	n	1092321	24	pámen	FALSE	4977	892650.628	-168238.62800000003
POGIKA	1988	36	n	1092321	25	daken	FALSE	9924	892650.628	-168238.62800000003
POGIKA	1988	36	n	1092321	26	kokker	FALSE	3247	892650.628	-168238.62800000003
POGIKA	1988	36	n	1092321	27	kajler	FALSE	3259	892650.628	-168238.62800000003
POGIKA	1988	36	n	1092321	28	hókens	FALSE	2618	892650.628	-168238.62800000003
POGIKA	1988	36	n	1092321	29	pofszett	FALSE	2837	892650.628	-168238.62800000003
POGIKA	1988	36	n	1092321	30	trumlex	FALSE	4652	892650.628	-168238.62800000003
POGIKA	1988	36	n	1092321	31	laben	FALSE	3167	892650.628	-168238.62800000003
POGIKA	1988	36	n	1092321	32	dubex	FALSE	4077	892650.628	-168238.62800000003
POGIKA	1988	36	n	1092321	33	plosztem	FALSE	2378	892650.628	-168238.62800000003
POGIKA	1988	36	n	1092321	34	voglens	FALSE	2658	892650.628	-168238.62800000003
POGIKA	1988	36	n	1092321	35	mojem	TRUE	70108	892650.628	-168238.62800000003
POGIKA	1988	36	n	1092321	36	hacel	FALSE	13206	892650.628	-168238.62800000003
POGIKA	1988	36	n	1092321	37	bojex	FALSE	3186	892650.628	-168238.62800000003
POGIKA	1988	36	n	1092321	38	pódens	FALSE	3463	892650.628	-168238.62800000003
POGIKA	1988	36	n	1092321	39	takkesz	TRUE	16989	892650.628	-168238.62800000003
POGIKA	1988	36	n	1092321	40	kampesz	FALSE	21011	892650.628	-168238.62800000003
POGIKA	1988	36	n	1092321	41	mojem	FALSE	38082	892650.628	-168238.62800000003
POGIKA	1988	36	n	1092321	42	bondett	FALSE	4829	892650.628	-168238.62800000003
POGIKA	1988	36	n	1092321	43	bachesz	TRUE	30793	892650.628	-168238.62800000003
POGIKA	1988	36	n	1092321	44	ubrem	FALSE	6842	892650.628	-168238.62800000003
POGIKA	1988	36	n	1092321	45	stokler	FALSE	5515	892650.628	-168238.62800000003
POGIKA	1988	36	n	1092321	46	tosztem	FALSE	3758	892650.628	-168238.62800000003
POGIKA	1988	36	n	1092321	47	bálen	FALSE	11014	892650.628	-168238.62800000003
POGIKA	1988	36	n	1092321	48	loftvens	FALSE	3283	892650.628	-168238.62800000003
POGIKA	1988	36	n	1092321	49	moplec	FALSE	96987	892650.628	-168238.62800000003
POGIKA	1988	36	n	1092321	50	bondett	FALSE	1958	892650.628	-168238.62800000003
POGIKA	1988	36	n	1092321	51	takkesz	FALSE	3807	892650.628	-168238.62800000003
POGIKA	1988	36	n	1092321	52	kamesz	TRUE	8883	892650.628	-168238.62800000003
POGIKA	1988	36	n	1092321	53	kumek	FALSE	15534	892650.628	-168238.62800000003
POGIKA	1988	36	n	1092321	54	tosztem	FALSE	3890	892650.628	-168238.62800000003
POGIKA	1988	36	n	1092321	55	sapec	FALSE	4583	892650.628	-168238.62800000003
POGIKA	1988	36	n	1092321	56	hókens	FALSE	3892	892650.628	-168238.62800000003
POGIKA	1988	36	n	1092321	57	dubex	FALSE	1896	892650.628	-168238.62800000003
POGIKA	1988	36	n	1092321	58	pódens	FALSE	2725	892650.628	-168238.62800000003
POGIKA	1988	36	n	1092321	59	loftvens	FALSE	3924	892650.628	-168238.62800000003
POGIKA	1988	36	n	1092321	60	gortesz	TRUE	8342	892650.628	-168238.62800000003
POGIKA	1988	36	n	1092321	61	kajler	TRUE	11661	892650.628	-168238.62800000003
POGIKA	1988	36	n	1092321	62	kojex	FALSE	8434	892650.628	-168238.62800000003
POGIKA	1988	36	n	1092321	63	szkatyec	TRUE	11064	892650.628	-168238.62800000003
POGIKA	1988	36	n	1092321	64	rojett	TRUE	20338	892650.628	-168238.62800000003
POGIKA	1988	36	n	1092321	65	kranel	TRUE	3897	892650.628	-168238.62800000003
POGIKA	1988	36	n	1092321	66	flotek	TRUE	20820	892650.628	-168238.62800000003
POGIKA	1988	36	n	1092321	67	hodel	FALSE	10291	892650.628	-168238.62800000003
POGIKA	1988	36	n	1092321	68	rojett	TRUE	4855	892650.628	-168238.62800000003
POGIKA	1988	36	n	1092321	69	ojett	TRUE	4761	892650.628	-168238.62800000003
POGIKA	1988	36	n	1092321	70	ubrem	TRUE	10327	892650.628	-168238.62800000003
POGIKA	1988	36	n	1092321	71	bachesz	TRUE	4328	892650.628	-168238.62800000003
POGIKA	1988	36	n	1092321	72	bralek	TRUE	3441	892650.628	-168238.62800000003
POGIKA	1988	36	n	1092321	73	kamesz	TRUE	11578	892650.628	-168238.62800000003
POGIKA	1988	36	n	1092321	74	bórcer	TRUE	12170	892650.628	-168238.62800000003
POGIKA	1988	36	n	1092321	75	hacel	TRUE	3831	892650.628	-168238.62800000003
POGIKA	1988	36	n	1092321	76	kranel	TRUE	9872	892650.628	-168238.62800000003
POGIKA	1988	36	n	1092321	77	trumlex	FALSE	15631	892650.628	-168238.62800000003
POGIKA	1988	36	n	1092321	78	próngem	FALSE	9469	892650.628	-168238.62800000003
POGIKA	1988	36	n	1092321	79	gortesz	FALSE	20375	892650.628	-168238.62800000003
POGIKA	1988	36	n	1092321	80	saklek	FALSE	25995	892650.628	-168238.62800000003
POGIKA	1988	36	n	1092321	81	forrel	FALSE	63361	892650.628	-168238.62800000003
POGIKA	1988	36	n	1092321	82	suter	TRUE	7742	892650.628	-168238.62800000003
POGIKA	1988	36	n	1092321	83	szkatyec	TRUE	7033	892650.628	-168238.62800000003
POGIKA	1988	36	n	1092321	84	szláken	TRUE	3865	892650.628	-168238.62800000003
POGIKA	1988	36	n	1092321	85	voglens	FALSE	9364	892650.628	-168238.62800000003
POGIKA	1988	36	n	1092321	86	slotens	TRUE	4314	892650.628	-168238.62800000003
POGIKA	1988	36	n	1092321	87	sudel	TRUE	8797	892650.628	-168238.62800000003
POGIKA	1988	36	n	1092321	88	kokker	TRUE	4578	892650.628	-168238.62800000003
POGIKA	1988	36	n	1092321	89	suter	TRUE	2331	892650.628	-168238.62800000003
POGIKA	1988	36	n	1092321	90	próngem	TRUE	20505	892650.628	-168238.62800000003
POGIKA	1988	36	n	1092321	91	baktec	TRUE	2634	892650.628	-168238.62800000003
POGIKA	1988	36	n	1092321	92	pratec	TRUE	1539	892650.628	-168238.62800000003
POGIKA	1988	36	n	1092321	93	tokex	TRUE	2716	892650.628	-168238.62800000003
POGIKA	1988	36	n	1092321	94	sudel	TRUE	9474	892650.628	-168238.62800000003
POGIKA	1988	36	n	1092321	95	bórcer	TRUE	3301	892650.628	-168238.62800000003
POGIKA	1988	36	n	1092321	96	ojett	FALSE	6554	892650.628	-168238.62800000003
POGIKA	1988	36	n	1092321	97	bralek	TRUE	2783	892650.628	-168238.62800000003
POGIKA	1988	36	n	1092321	98	kumek	TRUE	2215	892650.628	-168238.62800000003
POGIKA	1988	36	n	1092321	99	pratec	TRUE	3261	892650.628	-168238.62800000003
POGIKA	1988	36	n	1092321	100	tokex	FALSE	6251	892650.628	-168238.62800000003
IEFSLA	2003	21	f	265924	1	kacsek	FALSE	7276	892650.628	-168238.62800000003
IEFSLA	2003	21	f	265924	2	próngem	TRUE	15119	892650.628	-168238.62800000003
IEFSLA	2003	21	f	265924	3	trumlex	TRUE	25279	892650.628	-168238.62800000003
IEFSLA	2003	21	f	265924	4	slotens	FALSE	8235	892650.628	-168238.62800000003
IEFSLA	2003	21	f	265924	5	bórcer	TRUE	3900	892650.628	-168238.62800000003
IEFSLA	2003	21	f	265924	6	hacel	FALSE	6281	892650.628	-168238.62800000003
IEFSLA	2003	21	f	265924	7	loftvens	FALSE	3978	892650.628	-168238.62800000003
IEFSLA	2003	21	f	265924	8	próngem	TRUE	3624	892650.628	-168238.62800000003
IEFSLA	2003	21	f	265924	9	tosztem	FALSE	10878	892650.628	-168238.62800000003
IEFSLA	2003	21	f	265924	10	sapec	TRUE	3110	892650.628	-168238.62800000003
IEFSLA	2003	21	f	265924	11	pratec	TRUE	2365	892650.628	-168238.62800000003
IEFSLA	2003	21	f	265924	12	dubex	FALSE	2096	892650.628	-168238.62800000003
IEFSLA	2003	21	f	265924	13	rojett	TRUE	1718	892650.628	-168238.62800000003
IEFSLA	2003	21	f	265924	14	stokler	TRUE	4038	892650.628	-168238.62800000003
IEFSLA	2003	21	f	265924	15	bachesz	FALSE	2164	892650.628	-168238.62800000003
IEFSLA	2003	21	f	265924	16	gortesz	FALSE	2231	892650.628	-168238.62800000003
IEFSLA	2003	21	f	265924	17	moplec	FALSE	2778	892650.628	-168238.62800000003
IEFSLA	2003	21	f	265924	18	pódens	FALSE	2802	892650.628	-168238.62800000003
IEFSLA	2003	21	f	265924	19	voglens	FALSE	1738	892650.628	-168238.62800000003
IEFSLA	2003	21	f	265924	20	pofszett	FALSE	4598	892650.628	-168238.62800000003
IEFSLA	2003	21	f	265924	21	ubrem	FALSE	5242	892650.628	-168238.62800000003
IEFSLA	2003	21	f	265924	22	kampesz	TRUE	1670	892650.628	-168238.62800000003
IEFSLA	2003	21	f	265924	23	loftvens	FALSE	3498	892650.628	-168238.62800000003
IEFSLA	2003	21	f	265924	24	kumek	TRUE	5017	892650.628	-168238.62800000003
IEFSLA	2003	21	f	265924	25	plosztem	FALSE	3743	892650.628	-168238.62800000003
IEFSLA	2003	21	f	265924	26	bálen	TRUE	1826	892650.628	-168238.62800000003
IEFSLA	2003	21	f	265924	27	tokex	FALSE	2073	892650.628	-168238.62800000003
IEFSLA	2003	21	f	265924	28	bralek	FALSE	2294	892650.628	-168238.62800000003
IEFSLA	2003	21	f	265924	29	kojex	TRUE	1599	892650.628	-168238.62800000003
IEFSLA	2003	21	f	265924	30	bralek	TRUE	1185	892650.628	-168238.62800000003
IEFSLA	2003	21	f	265924	31	pofszett	TRUE	2064	892650.628	-168238.62800000003
IEFSLA	2003	21	f	265924	32	ojett	FALSE	1751	892650.628	-168238.62800000003
IEFSLA	2003	21	f	265924	33	szláken	FALSE	2401	892650.628	-168238.62800000003
IEFSLA	2003	21	f	265924	34	pámen	TRUE	2567	892650.628	-168238.62800000003
IEFSLA	2003	21	f	265924	35	suter	FALSE	3128	892650.628	-168238.62800000003
IEFSLA	2003	21	f	265924	36	bálen	FALSE	1885	892650.628	-168238.62800000003
IEFSLA	2003	21	f	265924	37	dubex	FALSE	1835	892650.628	-168238.62800000003
IEFSLA	2003	21	f	265924	38	suter	TRUE	1460	892650.628	-168238.62800000003
IEFSLA	2003	21	f	265924	39	kampesz	TRUE	1822	892650.628	-168238.62800000003
IEFSLA	2003	21	f	265924	40	kajler	FALSE	1282	892650.628	-168238.62800000003
IEFSLA	2003	21	f	265924	41	kranel	FALSE	1948	892650.628	-168238.62800000003
IEFSLA	2003	21	f	265924	42	voglens	TRUE	2595	892650.628	-168238.62800000003
IEFSLA	2003	21	f	265924	43	sudel	TRUE	1991	892650.628	-168238.62800000003
IEFSLA	2003	21	f	265924	44	pratec	TRUE	6397	892650.628	-168238.62800000003
IEFSLA	2003	21	f	265924	45	bondett	TRUE	2180	892650.628	-168238.62800000003
IEFSLA	2003	21	f	265924	46	vódett	TRUE	1830	892650.628	-168238.62800000003
IEFSLA	2003	21	f	265924	47	kokker	TRUE	3282	892650.628	-168238.62800000003
IEFSLA	2003	21	f	265924	48	kacsek	TRUE	1797	892650.628	-168238.62800000003
IEFSLA	2003	21	f	265924	49	kamesz	TRUE	2819	892650.628	-168238.62800000003
IEFSLA	2003	21	f	265924	50	kokker	TRUE	1517	892650.628	-168238.62800000003
IEFSLA	2003	21	f	265924	51	baktec	FALSE	1476	892650.628	-168238.62800000003
IEFSLA	2003	21	f	265924	52	slotens	TRUE	2818	892650.628	-168238.62800000003
IEFSLA	2003	21	f	265924	53	hókens	TRUE	1605	892650.628	-168238.62800000003
IEFSLA	2003	21	f	265924	54	sudel	TRUE	1516	892650.628	-168238.62800000003
IEFSLA	2003	21	f	265924	55	bachesz	TRUE	1364	892650.628	-168238.62800000003
IEFSLA	2003	21	f	265924	56	szkatyec	TRUE	2120	892650.628	-168238.62800000003
IEFSLA	2003	21	f	265924	57	kranel	TRUE	1118	892650.628	-168238.62800000003
IEFSLA	2003	21	f	265924	58	bondett	FALSE	921	892650.628	-168238.62800000003
IEFSLA	2003	21	f	265924	59	tosztem	TRUE	1004	892650.628	-168238.62800000003
IEFSLA	2003	21	f	265924	60	sapec	FALSE	2278	892650.628	-168238.62800000003
IEFSLA	2003	21	f	265924	61	plosztem	FALSE	641	892650.628	-168238.62800000003
IEFSLA	2003	21	f	265924	62	vódett	TRUE	1867	892650.628	-168238.62800000003
IEFSLA	2003	21	f	265924	63	ubrem	FALSE	2617	892650.628	-168238.62800000003
IEFSLA	2003	21	f	265924	64	flotek	TRUE	2579	892650.628	-168238.62800000003
IEFSLA	2003	21	f	265924	65	takkesz	TRUE	1689	892650.628	-168238.62800000003
IEFSLA	2003	21	f	265924	66	baktec	TRUE	1301	892650.628	-168238.62800000003
IEFSLA	2003	21	f	265924	67	saklek	TRUE	1180	892650.628	-168238.62800000003
IEFSLA	2003	21	f	265924	68	laben	TRUE	1188	892650.628	-168238.62800000003
IEFSLA	2003	21	f	265924	69	kajler	TRUE	1006	892650.628	-168238.62800000003
IEFSLA	2003	21	f	265924	70	kumek	TRUE	1219	892650.628	-168238.62800000003
IEFSLA	2003	21	f	265924	71	pódens	TRUE	1146	892650.628	-168238.62800000003
IEFSLA	2003	21	f	265924	72	hókens	TRUE	1248	892650.628	-168238.62800000003
IEFSLA	2003	21	f	265924	73	kamesz	TRUE	1226	892650.628	-168238.62800000003
IEFSLA	2003	21	f	265924	74	daken	TRUE	956	892650.628	-168238.62800000003
IEFSLA	2003	21	f	265924	75	stokler	TRUE	1017	892650.628	-168238.62800000003
IEFSLA	2003	21	f	265924	76	hacel	TRUE	1141	892650.628	-168238.62800000003
IEFSLA	2003	21	f	265924	77	hodel	TRUE	1180	892650.628	-168238.62800000003
IEFSLA	2003	21	f	265924	78	szláken	TRUE	1231	892650.628	-168238.62800000003
IEFSLA	2003	21	f	265924	79	moplec	TRUE	1529	892650.628	-168238.62800000003
IEFSLA	2003	21	f	265924	80	daken	TRUE	1768	892650.628	-168238.62800000003
IEFSLA	2003	21	f	265924	81	gortesz	TRUE	1005	892650.628	-168238.62800000003
IEFSLA	2003	21	f	265924	82	bojex	TRUE	1183	892650.628	-168238.62800000003
IEFSLA	2003	21	f	265924	83	forrel	TRUE	729	892650.628	-168238.62800000003
IEFSLA	2003	21	f	265924	84	ojett	TRUE	762	892650.628	-168238.62800000003
IEFSLA	2003	21	f	265924	85	laben	TRUE	1602	892650.628	-168238.62800000003
IEFSLA	2003	21	f	265924	86	bórcer	TRUE	1017	892650.628	-168238.62800000003
IEFSLA	2003	21	f	265924	87	bojex	TRUE	816	892650.628	-168238.62800000003
IEFSLA	2003	21	f	265924	88	pámen	TRUE	1607	892650.628	-168238.62800000003
IEFSLA	2003	21	f	265924	89	mojem	TRUE	1765	892650.628	-168238.62800000003
IEFSLA	2003	21	f	265924	90	hodel	TRUE	1486	892650.628	-168238.62800000003
IEFSLA	2003	21	f	265924	91	mojem	TRUE	1340	892650.628	-168238.62800000003
IEFSLA	2003	21	f	265924	92	saklek	TRUE	2589	892650.628	-168238.62800000003
IEFSLA	2003	21	f	265924	93	tokex	TRUE	2792	892650.628	-168238.62800000003
IEFSLA	2003	21	f	265924	94	rojett	TRUE	980	892650.628	-168238.62800000003
IEFSLA	2003	21	f	265924	95	forrel	TRUE	889	892650.628	-168238.62800000003
IEFSLA	2003	21	f	265924	96	szkatyec	FALSE	5041	892650.628	-168238.62800000003
IEFSLA	2003	21	f	265924	97	flotek	TRUE	3325	892650.628	-168238.62800000003
IEFSLA	2003	21	f	265924	98	takkesz	TRUE	1339	892650.628	-168238.62800000003
IEFSLA	2003	21	f	265924	99	kojex	TRUE	1304	892650.628	-168238.62800000003
IEFSLA	2003	21	f	265924	100	trumlex	FALSE	1498	892650.628	-168238.62800000003
I96K3F	2003	21	nő	558269	1	szkatyec	TRUE	6691	892650.628	-168238.62800000003
I96K3F	2003	21	nő	558269	2	sapec	TRUE	6483	892650.628	-168238.62800000003
I96K3F	2003	21	nő	558269	3	slotens	TRUE	7111	892650.628	-168238.62800000003
I96K3F	2003	21	nő	558269	4	mojem	TRUE	20624	892650.628	-168238.62800000003
I96K3F	2003	21	nő	558269	5	hodel	TRUE	7548	892650.628	-168238.62800000003
I96K3F	2003	21	nő	558269	6	kranel	TRUE	6993	892650.628	-168238.62800000003
I96K3F	2003	21	nő	558269	7	kampesz	TRUE	8601	892650.628	-168238.62800000003
I96K3F	2003	21	nő	558269	8	moplec	TRUE	7730	892650.628	-168238.62800000003
I96K3F	2003	21	nő	558269	9	kamesz	FALSE	10428	892650.628	-168238.62800000003
I96K3F	2003	21	nő	558269	10	ubrem	FALSE	13402	892650.628	-168238.62800000003
I96K3F	2003	21	nő	558269	11	próngem	FALSE	6055	892650.628	-168238.62800000003
I96K3F	2003	21	nő	558269	12	vódett	FALSE	5429	892650.628	-168238.62800000003
I96K3F	2003	21	nő	558269	13	pratec	TRUE	8625	892650.628	-168238.62800000003
I96K3F	2003	21	nő	558269	14	stokler	TRUE	5689	892650.628	-168238.62800000003
I96K3F	2003	21	nő	558269	15	pratec	TRUE	6985	892650.628	-168238.62800000003
I96K3F	2003	21	nő	558269	16	bojex	FALSE	9309	892650.628	-168238.62800000003
I96K3F	2003	21	nő	558269	17	kacsek	FALSE	8854	892650.628	-168238.62800000003
I96K3F	2003	21	nő	558269	18	tosztem	TRUE	16414	892650.628	-168238.62800000003
I96K3F	2003	21	nő	558269	19	flotek	TRUE	5595	892650.628	-168238.62800000003
I96K3F	2003	21	nő	558269	20	bálen	FALSE	9221	892650.628	-168238.62800000003
I96K3F	2003	21	nő	558269	21	kamesz	TRUE	4802	892650.628	-168238.62800000003
I96K3F	2003	21	nő	558269	22	hodel	TRUE	5368	892650.628	-168238.62800000003
I96K3F	2003	21	nő	558269	23	moplec	FALSE	7081	892650.628	-168238.62800000003
I96K3F	2003	21	nő	558269	24	tokex	FALSE	3718	892650.628	-168238.62800000003
I96K3F	2003	21	nő	558269	25	ojett	FALSE	4260	892650.628	-168238.62800000003
I96K3F	2003	21	nő	558269	26	laben	TRUE	7050	892650.628	-168238.62800000003
I96K3F	2003	21	nő	558269	27	kumek	TRUE	7030	892650.628	-168238.62800000003
I96K3F	2003	21	nő	558269	28	gortesz	TRUE	3241	892650.628	-168238.62800000003
I96K3F	2003	21	nő	558269	29	bondett	FALSE	9034	892650.628	-168238.62800000003
I96K3F	2003	21	nő	558269	30	vódett	FALSE	4451	892650.628	-168238.62800000003
I96K3F	2003	21	nő	558269	31	szláken	FALSE	5809	892650.628	-168238.62800000003
I96K3F	2003	21	nő	558269	32	kojex	FALSE	5116	892650.628	-168238.62800000003
I96K3F	2003	21	nő	558269	33	saklek	TRUE	3980	892650.628	-168238.62800000003
I96K3F	2003	21	nő	558269	34	daken	FALSE	3580	892650.628	-168238.62800000003
I96K3F	2003	21	nő	558269	35	kokker	FALSE	3650	892650.628	-168238.62800000003
I96K3F	2003	21	nő	558269	36	daken	TRUE	3383	892650.628	-168238.62800000003
I96K3F	2003	21	nő	558269	37	bórcer	FALSE	10295	892650.628	-168238.62800000003
I96K3F	2003	21	nő	558269	38	forrel	FALSE	3340	892650.628	-168238.62800000003
I96K3F	2003	21	nő	558269	39	kokker	FALSE	4272	892650.628	-168238.62800000003
I96K3F	2003	21	nő	558269	40	takkesz	FALSE	3069	892650.628	-168238.62800000003
I96K3F	2003	21	nő	558269	41	baktec	FALSE	4114	892650.628	-168238.62800000003
I96K3F	2003	21	nő	558269	42	pofszett	FALSE	5555	892650.628	-168238.62800000003
I96K3F	2003	21	nő	558269	43	trumlex	FALSE	4258	892650.628	-168238.62800000003
I96K3F	2003	21	nő	558269	44	bachesz	FALSE	3982	892650.628	-168238.62800000003
I96K3F	2003	21	nő	558269	45	bórcer	FALSE	3659	892650.628	-168238.62800000003
I96K3F	2003	21	nő	558269	46	plosztem	FALSE	3474	892650.628	-168238.62800000003
I96K3F	2003	21	nő	558269	47	pámen	FALSE	2662	892650.628	-168238.62800000003
I96K3F	2003	21	nő	558269	48	kojex	FALSE	2926	892650.628	-168238.62800000003
I96K3F	2003	21	nő	558269	49	suter	TRUE	7180	892650.628	-168238.62800000003
I96K3F	2003	21	nő	558269	50	szláken	FALSE	4563	892650.628	-168238.62800000003
I96K3F	2003	21	nő	558269	51	forrel	FALSE	6746	892650.628	-168238.62800000003
I96K3F	2003	21	nő	558269	52	voglens	FALSE	3138	892650.628	-168238.62800000003
I96K3F	2003	21	nő	558269	53	mojem	TRUE	2734	892650.628	-168238.62800000003
I96K3F	2003	21	nő	558269	54	bálen	FALSE	8499	892650.628	-168238.62800000003
I96K3F	2003	21	nő	558269	55	kumek	FALSE	6224	892650.628	-168238.62800000003
I96K3F	2003	21	nő	558269	56	bralek	FALSE	3728	892650.628	-168238.62800000003
I96K3F	2003	21	nő	558269	57	rojett	FALSE	5527	892650.628	-168238.62800000003
I96K3F	2003	21	nő	558269	58	ojett	FALSE	2840	892650.628	-168238.62800000003
I96K3F	2003	21	nő	558269	59	plosztem	FALSE	6499	892650.628	-168238.62800000003
I96K3F	2003	21	nő	558269	60	tokex	FALSE	5344	892650.628	-168238.62800000003
I96K3F	2003	21	nő	558269	61	bondett	FALSE	7056	892650.628	-168238.62800000003
I96K3F	2003	21	nő	558269	62	kampesz	TRUE	2474	892650.628	-168238.62800000003
I96K3F	2003	21	nő	558269	63	ubrem	FALSE	7146	892650.628	-168238.62800000003
I96K3F	2003	21	nő	558269	64	voglens	FALSE	4879	892650.628	-168238.62800000003
I96K3F	2003	21	nő	558269	65	gortesz	TRUE	2065	892650.628	-168238.62800000003
I96K3F	2003	21	nő	558269	66	rojett	TRUE	5291	892650.628	-168238.62800000003
I96K3F	2003	21	nő	558269	67	bachesz	FALSE	6222	892650.628	-168238.62800000003
I96K3F	2003	21	nő	558269	68	suter	TRUE	5024	892650.628	-168238.62800000003
I96K3F	2003	21	nő	558269	69	dubex	FALSE	4296	892650.628	-168238.62800000003
I96K3F	2003	21	nő	558269	70	sudel	TRUE	3309	892650.628	-168238.62800000003
I96K3F	2003	21	nő	558269	71	hókens	FALSE	4630	892650.628	-168238.62800000003
I96K3F	2003	21	nő	558269	72	hacel	TRUE	2530	892650.628	-168238.62800000003
I96K3F	2003	21	nő	558269	73	kacsek	TRUE	2001	892650.628	-168238.62800000003
I96K3F	2003	21	nő	558269	74	trumlex	TRUE	8232	892650.628	-168238.62800000003
I96K3F	2003	21	nő	558269	75	tosztem	FALSE	6621	892650.628	-168238.62800000003
I96K3F	2003	21	nő	558269	76	loftvens	TRUE	4959	892650.628	-168238.62800000003
I96K3F	2003	21	nő	558269	77	hacel	FALSE	2923	892650.628	-168238.62800000003
I96K3F	2003	21	nő	558269	78	pofszett	FALSE	4320	892650.628	-168238.62800000003
I96K3F	2003	21	nő	558269	79	flotek	TRUE	3570	892650.628	-168238.62800000003
I96K3F	2003	21	nő	558269	80	stokler	FALSE	3926	892650.628	-168238.62800000003
I96K3F	2003	21	nő	558269	81	slotens	FALSE	5460	892650.628	-168238.62800000003
I96K3F	2003	21	nő	558269	82	baktec	TRUE	6329	892650.628	-168238.62800000003
I96K3F	2003	21	nő	558269	83	hókens	TRUE	3589	892650.628	-168238.62800000003
I96K3F	2003	21	nő	558269	84	szkatyec	TRUE	9966	892650.628	-168238.62800000003
I96K3F	2003	21	nő	558269	85	pódens	FALSE	2985	892650.628	-168238.62800000003
I96K3F	2003	21	nő	558269	86	laben	TRUE	4959	892650.628	-168238.62800000003
I96K3F	2003	21	nő	558269	87	bojex	TRUE	2948	892650.628	-168238.62800000003
I96K3F	2003	21	nő	558269	88	dubex	TRUE	1424	892650.628	-168238.62800000003
I96K3F	2003	21	nő	558269	89	pódens	FALSE	4434	892650.628	-168238.62800000003
I96K3F	2003	21	nő	558269	90	pámen	TRUE	2809	892650.628	-168238.62800000003
I96K3F	2003	21	nő	558269	91	bralek	TRUE	3956	892650.628	-168238.62800000003
I96K3F	2003	21	nő	558269	92	saklek	TRUE	3696	892650.628	-168238.62800000003
I96K3F	2003	21	nő	558269	93	próngem	FALSE	7417	892650.628	-168238.62800000003
I96K3F	2003	21	nő	558269	94	kranel	TRUE	2691	892650.628	-168238.62800000003
I96K3F	2003	21	nő	558269	95	sudel	FALSE	5029	892650.628	-168238.62800000003
I96K3F	2003	21	nő	558269	96	kajler	FALSE	2499	892650.628	-168238.62800000003
I96K3F	2003	21	nő	558269	97	loftvens	TRUE	3517	892650.628	-168238.62800000003
I96K3F	2003	21	nő	558269	98	kajler	FALSE	8391	892650.628	-168238.62800000003
I96K3F	2003	21	nő	558269	99	takkesz	FALSE	5613	892650.628	-168238.62800000003
I96K3F	2003	21	nő	558269	100	sapec	TRUE	5115	892650.628	-168238.62800000003
I6IZ8N	2006	18	n	242946	1	kajler	FALSE	6249	892650.628	-168238.62800000003
I6IZ8N	2006	18	n	242946	2	pratec	FALSE	2584	892650.628	-168238.62800000003
I6IZ8N	2006	18	n	242946	3	mojem	FALSE	2567	892650.628	-168238.62800000003
I6IZ8N	2006	18	n	242946	4	plosztem	FALSE	3258	892650.628	-168238.62800000003
I6IZ8N	2006	18	n	242946	5	tokex	FALSE	3204	892650.628	-168238.62800000003
I6IZ8N	2006	18	n	242946	6	sapec	FALSE	3649	892650.628	-168238.62800000003
I6IZ8N	2006	18	n	242946	7	flotek	FALSE	3187	892650.628	-168238.62800000003
I6IZ8N	2006	18	n	242946	8	dubex	FALSE	2112	892650.628	-168238.62800000003
I6IZ8N	2006	18	n	242946	9	kampesz	FALSE	3361	892650.628	-168238.62800000003
I6IZ8N	2006	18	n	242946	10	bachesz	FALSE	2810	892650.628	-168238.62800000003
I6IZ8N	2006	18	n	242946	11	loftvens	FALSE	2489	892650.628	-168238.62800000003
I6IZ8N	2006	18	n	242946	12	flotek	FALSE	2169	892650.628	-168238.62800000003
I6IZ8N	2006	18	n	242946	13	hodel	FALSE	3601	892650.628	-168238.62800000003
I6IZ8N	2006	18	n	242946	14	kacsek	FALSE	4202	892650.628	-168238.62800000003
I6IZ8N	2006	18	n	242946	15	bachesz	FALSE	1570	892650.628	-168238.62800000003
I6IZ8N	2006	18	n	242946	16	sudel	FALSE	2050	892650.628	-168238.62800000003
I6IZ8N	2006	18	n	242946	17	baktec	FALSE	6626	892650.628	-168238.62800000003
I6IZ8N	2006	18	n	242946	18	tosztem	FALSE	4568	892650.628	-168238.62800000003
I6IZ8N	2006	18	n	242946	19	laben	FALSE	2724	892650.628	-168238.62800000003
I6IZ8N	2006	18	n	242946	20	hodel	FALSE	1356	892650.628	-168238.62800000003
I6IZ8N	2006	18	n	242946	21	kokker	FALSE	3568	892650.628	-168238.62800000003
I6IZ8N	2006	18	n	242946	22	laben	FALSE	1579	892650.628	-168238.62800000003
I6IZ8N	2006	18	n	242946	23	hókens	FALSE	2346	892650.628	-168238.62800000003
I6IZ8N	2006	18	n	242946	24	kranel	FALSE	2425	892650.628	-168238.62800000003
I6IZ8N	2006	18	n	242946	25	pratec	FALSE	1246	892650.628	-168238.62800000003
I6IZ8N	2006	18	n	242946	26	moplec	FALSE	2344	892650.628	-168238.62800000003
I6IZ8N	2006	18	n	242946	27	trumlex	FALSE	1813	892650.628	-168238.62800000003
I6IZ8N	2006	18	n	242946	28	loftvens	FALSE	2466	892650.628	-168238.62800000003
I6IZ8N	2006	18	n	242946	29	saklek	FALSE	3043	892650.628	-168238.62800000003
I6IZ8N	2006	18	n	242946	30	bondett	FALSE	2011	892650.628	-168238.62800000003
I6IZ8N	2006	18	n	242946	31	ubrem	FALSE	1254	892650.628	-168238.62800000003
I6IZ8N	2006	18	n	242946	32	pámen	FALSE	2185	892650.628	-168238.62800000003
I6IZ8N	2006	18	n	242946	33	forrel	FALSE	4183	892650.628	-168238.62800000003
I6IZ8N	2006	18	n	242946	34	bálen	FALSE	2179	892650.628	-168238.62800000003
I6IZ8N	2006	18	n	242946	35	próngem	FALSE	3761	892650.628	-168238.62800000003
I6IZ8N	2006	18	n	242946	36	saklek	FALSE	973	892650.628	-168238.62800000003
I6IZ8N	2006	18	n	242946	37	tokex	FALSE	1875	892650.628	-168238.62800000003
I6IZ8N	2006	18	n	242946	38	bálen	FALSE	1721	892650.628	-168238.62800000003
I6IZ8N	2006	18	n	242946	39	szláken	FALSE	2895	892650.628	-168238.62800000003
I6IZ8N	2006	18	n	242946	40	kojex	FALSE	4023	892650.628	-168238.62800000003
I6IZ8N	2006	18	n	242946	41	gortesz	FALSE	2074	892650.628	-168238.62800000003
I6IZ8N	2006	18	n	242946	42	pofszett	FALSE	4195	892650.628	-168238.62800000003
I6IZ8N	2006	18	n	242946	43	próngem	FALSE	2561	892650.628	-168238.62800000003
I6IZ8N	2006	18	n	242946	44	bralek	FALSE	3291	892650.628	-168238.62800000003
I6IZ8N	2006	18	n	242946	45	szkatyec	FALSE	5925	892650.628	-168238.62800000003
I6IZ8N	2006	18	n	242946	46	forrel	FALSE	3578	892650.628	-168238.62800000003
I6IZ8N	2006	18	n	242946	47	slotens	FALSE	2039	892650.628	-168238.62800000003
I6IZ8N	2006	18	n	242946	48	pódens	FALSE	3987	892650.628	-168238.62800000003
I6IZ8N	2006	18	n	242946	49	szkatyec	FALSE	2988	892650.628	-168238.62800000003
I6IZ8N	2006	18	n	242946	50	slotens	FALSE	2370	892650.628	-168238.62800000003
I6IZ8N	2006	18	n	242946	51	kajler	FALSE	1797	892650.628	-168238.62800000003
I6IZ8N	2006	18	n	242946	52	dubex	FALSE	1555	892650.628	-168238.62800000003
I6IZ8N	2006	18	n	242946	53	gortesz	FALSE	2098	892650.628	-168238.62800000003
I6IZ8N	2006	18	n	242946	54	rojett	FALSE	2582	892650.628	-168238.62800000003
I6IZ8N	2006	18	n	242946	55	hacel	FALSE	2787	892650.628	-168238.62800000003
I6IZ8N	2006	18	n	242946	56	kamesz	FALSE	2522	892650.628	-168238.62800000003
I6IZ8N	2006	18	n	242946	57	suter	FALSE	4378	892650.628	-168238.62800000003
I6IZ8N	2006	18	n	242946	58	szláken	FALSE	1727	892650.628	-168238.62800000003
I6IZ8N	2006	18	n	242946	59	ojett	FALSE	2324	892650.628	-168238.62800000003
I6IZ8N	2006	18	n	242946	60	plosztem	FALSE	2705	892650.628	-168238.62800000003
I6IZ8N	2006	18	n	242946	61	suter	FALSE	1251	892650.628	-168238.62800000003
I6IZ8N	2006	18	n	242946	62	kumek	FALSE	1116	892650.628	-168238.62800000003
I6IZ8N	2006	18	n	242946	63	pámen	FALSE	2965	892650.628	-168238.62800000003
I6IZ8N	2006	18	n	242946	64	kampesz	FALSE	3906	892650.628	-168238.62800000003
I6IZ8N	2006	18	n	242946	65	bondett	FALSE	1856	892650.628	-168238.62800000003
I6IZ8N	2006	18	n	242946	66	kamesz	FALSE	3240	892650.628	-168238.62800000003
I6IZ8N	2006	18	n	242946	67	bralek	FALSE	1574	892650.628	-168238.62800000003
I6IZ8N	2006	18	n	242946	68	pofszett	FALSE	1335	892650.628	-168238.62800000003
I6IZ8N	2006	18	n	242946	69	pódens	FALSE	1019	892650.628	-168238.62800000003
I6IZ8N	2006	18	n	242946	70	vódett	FALSE	5108	892650.628	-168238.62800000003
I6IZ8N	2006	18	n	242946	71	daken	FALSE	2423	892650.628	-168238.62800000003
I6IZ8N	2006	18	n	242946	72	bórcer	FALSE	2797	892650.628	-168238.62800000003
I6IZ8N	2006	18	n	242946	73	kranel	FALSE	892	892650.628	-168238.62800000003
I6IZ8N	2006	18	n	242946	74	baktec	FALSE	3216	892650.628	-168238.62800000003
I6IZ8N	2006	18	n	242946	75	kacsek	FALSE	2923	892650.628	-168238.62800000003
I6IZ8N	2006	18	n	242946	76	ubrem	FALSE	1160	892650.628	-168238.62800000003
I6IZ8N	2006	18	n	242946	77	rojett	FALSE	1015	892650.628	-168238.62800000003
I6IZ8N	2006	18	n	242946	78	kumek	FALSE	744	892650.628	-168238.62800000003
I6IZ8N	2006	18	n	242946	79	moplec	FALSE	1404	892650.628	-168238.62800000003
I6IZ8N	2006	18	n	242946	80	hacel	FALSE	1352	892650.628	-168238.62800000003
I6IZ8N	2006	18	n	242946	81	stokler	FALSE	2089	892650.628	-168238.62800000003
I6IZ8N	2006	18	n	242946	82	ojett	FALSE	1082	892650.628	-168238.62800000003
I6IZ8N	2006	18	n	242946	83	bojex	FALSE	841	892650.628	-168238.62800000003
I6IZ8N	2006	18	n	242946	84	tosztem	FALSE	2425	892650.628	-168238.62800000003
I6IZ8N	2006	18	n	242946	85	stokler	FALSE	1382	892650.628	-168238.62800000003
I6IZ8N	2006	18	n	242946	86	hókens	FALSE	1169	892650.628	-168238.62800000003
I6IZ8N	2006	18	n	242946	87	voglens	FALSE	2626	892650.628	-168238.62800000003
I6IZ8N	2006	18	n	242946	88	vódett	FALSE	1245	892650.628	-168238.62800000003
I6IZ8N	2006	18	n	242946	89	daken	FALSE	1150	892650.628	-168238.62800000003
I6IZ8N	2006	18	n	242946	90	sapec	FALSE	1981	892650.628	-168238.62800000003
I6IZ8N	2006	18	n	242946	91	takkesz	FALSE	1364	892650.628	-168238.62800000003
I6IZ8N	2006	18	n	242946	92	voglens	FALSE	2219	892650.628	-168238.62800000003
I6IZ8N	2006	18	n	242946	93	bojex	FALSE	3077	892650.628	-168238.62800000003
I6IZ8N	2006	18	n	242946	94	takkesz	FALSE	955	892650.628	-168238.62800000003
I6IZ8N	2006	18	n	242946	95	mojem	FALSE	977	892650.628	-168238.62800000003
I6IZ8N	2006	18	n	242946	96	kokker	FALSE	1302	892650.628	-168238.62800000003
I6IZ8N	2006	18	n	242946	97	kojex	FALSE	776	892650.628	-168238.62800000003
I6IZ8N	2006	18	n	242946	98	bórcer	FALSE	1325	892650.628	-168238.62800000003
I6IZ8N	2006	18	n	242946	99	sudel	FALSE	1890	892650.628	-168238.62800000003
I6IZ8N	2006	18	n	242946	100	trumlex	FALSE	2066	892650.628	-168238.62800000003
DRY8K8	2004	20	nő	260381	1	kumek	FALSE	1704	892650.628	-168238.62800000003
DRY8K8	2004	20	nő	260381	2	trumlex	FALSE	2071	892650.628	-168238.62800000003
DRY8K8	2004	20	nő	260381	3	bojex	FALSE	1783	892650.628	-168238.62800000003
DRY8K8	2004	20	nő	260381	4	szkatyec	FALSE	2556	892650.628	-168238.62800000003
DRY8K8	2004	20	nő	260381	5	pámen	FALSE	4321	892650.628	-168238.62800000003
DRY8K8	2004	20	nő	260381	6	vódett	FALSE	3670	892650.628	-168238.62800000003
DRY8K8	2004	20	nő	260381	7	laben	TRUE	3533	892650.628	-168238.62800000003
DRY8K8	2004	20	nő	260381	8	moplec	TRUE	3093	892650.628	-168238.62800000003
DRY8K8	2004	20	nő	260381	9	ojett	TRUE	2864	892650.628	-168238.62800000003
DRY8K8	2004	20	nő	260381	10	flotek	TRUE	3182	892650.628	-168238.62800000003
DRY8K8	2004	20	nő	260381	11	kampesz	TRUE	4054	892650.628	-168238.62800000003
DRY8K8	2004	20	nő	260381	12	plosztem	FALSE	5707	892650.628	-168238.62800000003
DRY8K8	2004	20	nő	260381	13	szláken	FALSE	6280	892650.628	-168238.62800000003
DRY8K8	2004	20	nő	260381	14	forrel	TRUE	4187	892650.628	-168238.62800000003
DRY8K8	2004	20	nő	260381	15	kojex	TRUE	3793	892650.628	-168238.62800000003
DRY8K8	2004	20	nő	260381	16	bralek	FALSE	3120	892650.628	-168238.62800000003
DRY8K8	2004	20	nő	260381	17	plosztem	FALSE	2647	892650.628	-168238.62800000003
DRY8K8	2004	20	nő	260381	18	kokker	TRUE	6754	892650.628	-168238.62800000003
DRY8K8	2004	20	nő	260381	19	kajler	TRUE	1570	892650.628	-168238.62800000003
DRY8K8	2004	20	nő	260381	20	daken	TRUE	1230	892650.628	-168238.62800000003
DRY8K8	2004	20	nő	260381	21	hókens	FALSE	1952	892650.628	-168238.62800000003
DRY8K8	2004	20	nő	260381	22	sapec	TRUE	1696	892650.628	-168238.62800000003
DRY8K8	2004	20	nő	260381	23	tokex	FALSE	2244	892650.628	-168238.62800000003
DRY8K8	2004	20	nő	260381	24	kajler	TRUE	4750	892650.628	-168238.62800000003
DRY8K8	2004	20	nő	260381	25	kokker	FALSE	1761	892650.628	-168238.62800000003
DRY8K8	2004	20	nő	260381	26	pódens	FALSE	4954	892650.628	-168238.62800000003
DRY8K8	2004	20	nő	260381	27	ojett	FALSE	3590	892650.628	-168238.62800000003
DRY8K8	2004	20	nő	260381	28	bórcer	FALSE	3926	892650.628	-168238.62800000003
DRY8K8	2004	20	nő	260381	29	bórcer	TRUE	2093	892650.628	-168238.62800000003
DRY8K8	2004	20	nő	260381	30	hacel	FALSE	3517	892650.628	-168238.62800000003
DRY8K8	2004	20	nő	260381	31	pámen	TRUE	1390	892650.628	-168238.62800000003
DRY8K8	2004	20	nő	260381	32	hodel	TRUE	1343	892650.628	-168238.62800000003
DRY8K8	2004	20	nő	260381	33	suter	TRUE	1104	892650.628	-168238.62800000003
DRY8K8	2004	20	nő	260381	34	forrel	TRUE	1044	892650.628	-168238.62800000003
DRY8K8	2004	20	nő	260381	35	stokler	TRUE	1734	892650.628	-168238.62800000003
DRY8K8	2004	20	nő	260381	36	bachesz	FALSE	3558	892650.628	-168238.62800000003
DRY8K8	2004	20	nő	260381	37	gortesz	FALSE	2040	892650.628	-168238.62800000003
DRY8K8	2004	20	nő	260381	38	bálen	FALSE	3219	892650.628	-168238.62800000003
DRY8K8	2004	20	nő	260381	39	takkesz	FALSE	5110	892650.628	-168238.62800000003
DRY8K8	2004	20	nő	260381	40	pofszett	FALSE	3602	892650.628	-168238.62800000003
DRY8K8	2004	20	nő	260381	41	hókens	FALSE	3332	892650.628	-168238.62800000003
DRY8K8	2004	20	nő	260381	42	szkatyec	FALSE	4502	892650.628	-168238.62800000003
DRY8K8	2004	20	nő	260381	43	bachesz	TRUE	1875	892650.628	-168238.62800000003
DRY8K8	2004	20	nő	260381	44	hodel	FALSE	2247	892650.628	-168238.62800000003
DRY8K8	2004	20	nő	260381	45	bálen	FALSE	2061	892650.628	-168238.62800000003
DRY8K8	2004	20	nő	260381	46	suter	FALSE	1655	892650.628	-168238.62800000003
DRY8K8	2004	20	nő	260381	47	voglens	FALSE	1805	892650.628	-168238.62800000003
DRY8K8	2004	20	nő	260381	48	tosztem	FALSE	2912	892650.628	-168238.62800000003
DRY8K8	2004	20	nő	260381	49	daken	FALSE	2175	892650.628	-168238.62800000003
DRY8K8	2004	20	nő	260381	50	kumek	FALSE	3243	892650.628	-168238.62800000003
DRY8K8	2004	20	nő	260381	51	bralek	TRUE	4091	892650.628	-168238.62800000003
DRY8K8	2004	20	nő	260381	52	loftvens	FALSE	5826	892650.628	-168238.62800000003
DRY8K8	2004	20	nő	260381	53	sudel	FALSE	1836	892650.628	-168238.62800000003
DRY8K8	2004	20	nő	260381	54	sapec	TRUE	1606	892650.628	-168238.62800000003
DRY8K8	2004	20	nő	260381	55	bondett	FALSE	2569	892650.628	-168238.62800000003
DRY8K8	2004	20	nő	260381	56	baktec	FALSE	7671	892650.628	-168238.62800000003
DRY8K8	2004	20	nő	260381	57	pofszett	FALSE	1784	892650.628	-168238.62800000003
DRY8K8	2004	20	nő	260381	58	bondett	FALSE	1291	892650.628	-168238.62800000003
DRY8K8	2004	20	nő	260381	59	ubrem	FALSE	2206	892650.628	-168238.62800000003
DRY8K8	2004	20	nő	260381	60	kamesz	FALSE	1692	892650.628	-168238.62800000003
DRY8K8	2004	20	nő	260381	61	takkesz	FALSE	1419	892650.628	-168238.62800000003
DRY8K8	2004	20	nő	260381	62	vódett	FALSE	1343	892650.628	-168238.62800000003
DRY8K8	2004	20	nő	260381	63	szláken	FALSE	2192	892650.628	-168238.62800000003
DRY8K8	2004	20	nő	260381	64	kamesz	FALSE	2142	892650.628	-168238.62800000003
DRY8K8	2004	20	nő	260381	65	mojem	FALSE	1545	892650.628	-168238.62800000003
DRY8K8	2004	20	nő	260381	66	kacsek	FALSE	3249	892650.628	-168238.62800000003
DRY8K8	2004	20	nő	260381	67	voglens	FALSE	2660	892650.628	-168238.62800000003
DRY8K8	2004	20	nő	260381	68	kranel	FALSE	5038	892650.628	-168238.62800000003
DRY8K8	2004	20	nő	260381	69	baktec	FALSE	1218	892650.628	-168238.62800000003
DRY8K8	2004	20	nő	260381	70	dubex	FALSE	1531	892650.628	-168238.62800000003
DRY8K8	2004	20	nő	260381	71	flotek	FALSE	2828	892650.628	-168238.62800000003
DRY8K8	2004	20	nő	260381	72	hacel	FALSE	2303	892650.628	-168238.62800000003
DRY8K8	2004	20	nő	260381	73	kranel	FALSE	1904	892650.628	-168238.62800000003
DRY8K8	2004	20	nő	260381	74	moplec	FALSE	2105	892650.628	-168238.62800000003
DRY8K8	2004	20	nő	260381	75	trumlex	FALSE	2101	892650.628	-168238.62800000003
DRY8K8	2004	20	nő	260381	76	pratec	FALSE	1507	892650.628	-168238.62800000003
DRY8K8	2004	20	nő	260381	77	loftvens	FALSE	2134	892650.628	-168238.62800000003
DRY8K8	2004	20	nő	260381	78	gortesz	FALSE	1965	892650.628	-168238.62800000003
DRY8K8	2004	20	nő	260381	79	laben	FALSE	1937	892650.628	-168238.62800000003
DRY8K8	2004	20	nő	260381	80	kampesz	FALSE	3316	892650.628	-168238.62800000003
DRY8K8	2004	20	nő	260381	81	dubex	FALSE	1729	892650.628	-168238.62800000003
DRY8K8	2004	20	nő	260381	82	pódens	FALSE	1631	892650.628	-168238.62800000003
DRY8K8	2004	20	nő	260381	83	próngem	FALSE	2047	892650.628	-168238.62800000003
DRY8K8	2004	20	nő	260381	84	rojett	FALSE	1398	892650.628	-168238.62800000003
DRY8K8	2004	20	nő	260381	85	saklek	FALSE	2110	892650.628	-168238.62800000003
DRY8K8	2004	20	nő	260381	86	mojem	FALSE	2007	892650.628	-168238.62800000003
DRY8K8	2004	20	nő	260381	87	sudel	FALSE	3302	892650.628	-168238.62800000003
DRY8K8	2004	20	nő	260381	88	stokler	FALSE	2870	892650.628	-168238.62800000003
DRY8K8	2004	20	nő	260381	89	saklek	FALSE	1919	892650.628	-168238.62800000003
DRY8K8	2004	20	nő	260381	90	tokex	FALSE	2867	892650.628	-168238.62800000003
DRY8K8	2004	20	nő	260381	91	tosztem	FALSE	2016	892650.628	-168238.62800000003
DRY8K8	2004	20	nő	260381	92	bojex	FALSE	1195	892650.628	-168238.62800000003
DRY8K8	2004	20	nő	260381	93	pratec	FALSE	2009	892650.628	-168238.62800000003
DRY8K8	2004	20	nő	260381	94	próngem	FALSE	1662	892650.628	-168238.62800000003
DRY8K8	2004	20	nő	260381	95	ubrem	FALSE	1214	892650.628	-168238.62800000003
DRY8K8	2004	20	nő	260381	96	kojex	FALSE	1155	892650.628	-168238.62800000003
DRY8K8	2004	20	nő	260381	97	slotens	FALSE	1306	892650.628	-168238.62800000003
DRY8K8	2004	20	nő	260381	98	slotens	FALSE	2201	892650.628	-168238.62800000003
DRY8K8	2004	20	nő	260381	99	rojett	FALSE	932	892650.628	-168238.62800000003
DRY8K8	2004	20	nő	260381	100	kacsek	FALSE	1249	892650.628	-168238.62800000003
J8UG1R	2005	19	n	247281	1	pódens	FALSE	2145	892650.628	-168238.62800000003
J8UG1R	2005	19	n	247281	2	hodel	FALSE	1382	892650.628	-168238.62800000003
J8UG1R	2005	19	n	247281	3	bachesz	FALSE	3000	892650.628	-168238.62800000003
J8UG1R	2005	19	n	247281	4	próngem	TRUE	1970	892650.628	-168238.62800000003
J8UG1R	2005	19	n	247281	5	ojett	TRUE	2246	892650.628	-168238.62800000003
J8UG1R	2005	19	n	247281	6	kampesz	TRUE	2572	892650.628	-168238.62800000003
J8UG1R	2005	19	n	247281	7	gortesz	FALSE	2555	892650.628	-168238.62800000003
J8UG1R	2005	19	n	247281	8	flotek	TRUE	3323	892650.628	-168238.62800000003
J8UG1R	2005	19	n	247281	9	kranel	FALSE	3336	892650.628	-168238.62800000003
J8UG1R	2005	19	n	247281	10	bórcer	FALSE	3389	892650.628	-168238.62800000003
J8UG1R	2005	19	n	247281	11	voglens	FALSE	2832	892650.628	-168238.62800000003
J8UG1R	2005	19	n	247281	12	moplec	TRUE	1608	892650.628	-168238.62800000003
J8UG1R	2005	19	n	247281	13	sudel	TRUE	1905	892650.628	-168238.62800000003
J8UG1R	2005	19	n	247281	14	bojex	TRUE	3218	892650.628	-168238.62800000003
J8UG1R	2005	19	n	247281	15	suter	TRUE	2374	892650.628	-168238.62800000003
J8UG1R	2005	19	n	247281	16	pámen	FALSE	1741	892650.628	-168238.62800000003
J8UG1R	2005	19	n	247281	17	ubrem	FALSE	1723	892650.628	-168238.62800000003
J8UG1R	2005	19	n	247281	18	tosztem	TRUE	1937	892650.628	-168238.62800000003
J8UG1R	2005	19	n	247281	19	flotek	FALSE	1318	892650.628	-168238.62800000003
J8UG1R	2005	19	n	247281	20	ubrem	TRUE	1024	892650.628	-168238.62800000003
J8UG1R	2005	19	n	247281	21	kokker	FALSE	1329	892650.628	-168238.62800000003
J8UG1R	2005	19	n	247281	22	kajler	FALSE	1941	892650.628	-168238.62800000003
J8UG1R	2005	19	n	247281	23	slotens	TRUE	2304	892650.628	-168238.62800000003
J8UG1R	2005	19	n	247281	24	daken	TRUE	1352	892650.628	-168238.62800000003
J8UG1R	2005	19	n	247281	25	kojex	FALSE	1453	892650.628	-168238.62800000003
J8UG1R	2005	19	n	247281	26	baktec	TRUE	2126	892650.628	-168238.62800000003
J8UG1R	2005	19	n	247281	27	rojett	TRUE	1569	892650.628	-168238.62800000003
J8UG1R	2005	19	n	247281	28	szláken	TRUE	4698	892650.628	-168238.62800000003
J8UG1R	2005	19	n	247281	29	tokex	FALSE	4366	892650.628	-168238.62800000003
J8UG1R	2005	19	n	247281	30	hodel	FALSE	2966	892650.628	-168238.62800000003
J8UG1R	2005	19	n	247281	31	plosztem	TRUE	1385	892650.628	-168238.62800000003
J8UG1R	2005	19	n	247281	32	moplec	TRUE	1594	892650.628	-168238.62800000003
J8UG1R	2005	19	n	247281	33	rojett	TRUE	1888	892650.628	-168238.62800000003
J8UG1R	2005	19	n	247281	34	hókens	FALSE	1958	892650.628	-168238.62800000003
J8UG1R	2005	19	n	247281	35	vódett	TRUE	2237	892650.628	-168238.62800000003
J8UG1R	2005	19	n	247281	36	stokler	FALSE	1518	892650.628	-168238.62800000003
J8UG1R	2005	19	n	247281	37	loftvens	TRUE	2106	892650.628	-168238.62800000003
J8UG1R	2005	19	n	247281	38	bojex	FALSE	3304	892650.628	-168238.62800000003
J8UG1R	2005	19	n	247281	39	takkesz	FALSE	3357	892650.628	-168238.62800000003
J8UG1R	2005	19	n	247281	40	sudel	FALSE	2338	892650.628	-168238.62800000003
J8UG1R	2005	19	n	247281	41	pratec	FALSE	2744	892650.628	-168238.62800000003
J8UG1R	2005	19	n	247281	42	pódens	FALSE	2847	892650.628	-168238.62800000003
J8UG1R	2005	19	n	247281	43	szláken	FALSE	2840	892650.628	-168238.62800000003
J8UG1R	2005	19	n	247281	44	hacel	FALSE	3193	892650.628	-168238.62800000003
J8UG1R	2005	19	n	247281	45	sapec	TRUE	2838	892650.628	-168238.62800000003
J8UG1R	2005	19	n	247281	46	saklek	FALSE	1984	892650.628	-168238.62800000003
J8UG1R	2005	19	n	247281	47	forrel	TRUE	2044	892650.628	-168238.62800000003
J8UG1R	2005	19	n	247281	48	trumlex	TRUE	3874	892650.628	-168238.62800000003
J8UG1R	2005	19	n	247281	49	bálen	FALSE	118	892650.628	-168238.62800000003
J8UG1R	2005	19	n	247281	50	pámen	FALSE	2158	892650.628	-168238.62800000003
J8UG1R	2005	19	n	247281	51	kranel	TRUE	2065	892650.628	-168238.62800000003
J8UG1R	2005	19	n	247281	52	saklek	FALSE	2351	892650.628	-168238.62800000003
J8UG1R	2005	19	n	247281	53	kamesz	TRUE	1791	892650.628	-168238.62800000003
J8UG1R	2005	19	n	247281	54	stokler	FALSE	1928	892650.628	-168238.62800000003
J8UG1R	2005	19	n	247281	55	daken	TRUE	2072	892650.628	-168238.62800000003
J8UG1R	2005	19	n	247281	56	kacsek	TRUE	1390	892650.628	-168238.62800000003
J8UG1R	2005	19	n	247281	57	bórcer	FALSE	1907	892650.628	-168238.62800000003
J8UG1R	2005	19	n	247281	58	hókens	FALSE	1828	892650.628	-168238.62800000003
J8UG1R	2005	19	n	247281	59	kampesz	TRUE	1858	892650.628	-168238.62800000003
J8UG1R	2005	19	n	247281	60	kumek	TRUE	2117	892650.628	-168238.62800000003
J8UG1R	2005	19	n	247281	61	sapec	TRUE	4755	892650.628	-168238.62800000003
J8UG1R	2005	19	n	247281	62	kumek	TRUE	1825	892650.628	-168238.62800000003
J8UG1R	2005	19	n	247281	63	plosztem	FALSE	2080	892650.628	-168238.62800000003
J8UG1R	2005	19	n	247281	64	hacel	FALSE	11411	892650.628	-168238.62800000003
J8UG1R	2005	19	n	247281	65	loftvens	FALSE	3265	892650.628	-168238.62800000003
J8UG1R	2005	19	n	247281	66	tokex	FALSE	3564	892650.628	-168238.62800000003
J8UG1R	2005	19	n	247281	67	forrel	TRUE	1770	892650.628	-168238.62800000003
J8UG1R	2005	19	n	247281	68	tosztem	FALSE	1440	892650.628	-168238.62800000003
J8UG1R	2005	19	n	247281	69	kamesz	TRUE	954	892650.628	-168238.62800000003
J8UG1R	2005	19	n	247281	70	szkatyec	FALSE	1046	892650.628	-168238.62800000003
J8UG1R	2005	19	n	247281	71	pofszett	FALSE	2320	892650.628	-168238.62800000003
J8UG1R	2005	19	n	247281	72	szkatyec	FALSE	3092	892650.628	-168238.62800000003
J8UG1R	2005	19	n	247281	73	bondett	TRUE	1460	892650.628	-168238.62800000003
J8UG1R	2005	19	n	247281	74	mojem	FALSE	2153	892650.628	-168238.62800000003
J8UG1R	2005	19	n	247281	75	laben	FALSE	3525	892650.628	-168238.62800000003
J8UG1R	2005	19	n	247281	76	kojex	FALSE	1691	892650.628	-168238.62800000003
J8UG1R	2005	19	n	247281	77	kokker	TRUE	2089	892650.628	-168238.62800000003
J8UG1R	2005	19	n	247281	78	bálen	FALSE	3148	892650.628	-168238.62800000003
J8UG1R	2005	19	n	247281	79	ojett	FALSE	2871	892650.628	-168238.62800000003
J8UG1R	2005	19	n	247281	80	trumlex	FALSE	3101	892650.628	-168238.62800000003
J8UG1R	2005	19	n	247281	81	voglens	FALSE	3236	892650.628	-168238.62800000003
J8UG1R	2005	19	n	247281	82	suter	TRUE	4728	892650.628	-168238.62800000003
J8UG1R	2005	19	n	247281	83	vódett	FALSE	3667	892650.628	-168238.62800000003
J8UG1R	2005	19	n	247281	84	takkesz	FALSE	4207	892650.628	-168238.62800000003
J8UG1R	2005	19	n	247281	85	bralek	TRUE	2726	892650.628	-168238.62800000003
J8UG1R	2005	19	n	247281	86	próngem	FALSE	1915	892650.628	-168238.62800000003
J8UG1R	2005	19	n	247281	87	mojem	FALSE	2474	892650.628	-168238.62800000003
J8UG1R	2005	19	n	247281	88	gortesz	TRUE	2900	892650.628	-168238.62800000003
J8UG1R	2005	19	n	247281	89	kacsek	TRUE	2105	892650.628	-168238.62800000003
J8UG1R	2005	19	n	247281	90	pofszett	FALSE	3006	892650.628	-168238.62800000003
J8UG1R	2005	19	n	247281	91	bachesz	FALSE	1935	892650.628	-168238.62800000003
J8UG1R	2005	19	n	247281	92	pratec	FALSE	2771	892650.628	-168238.62800000003
J8UG1R	2005	19	n	247281	93	bondett	TRUE	2465	892650.628	-168238.62800000003
J8UG1R	2005	19	n	247281	94	slotens	FALSE	1927	892650.628	-168238.62800000003
J8UG1R	2005	19	n	247281	95	bralek	TRUE	2705	892650.628	-168238.62800000003
J8UG1R	2005	19	n	247281	96	laben	FALSE	2375	892650.628	-168238.62800000003
J8UG1R	2005	19	n	247281	97	dubex	TRUE	2740	892650.628	-168238.62800000003
J8UG1R	2005	19	n	247281	98	dubex	TRUE	2197	892650.628	-168238.62800000003
J8UG1R	2005	19	n	247281	99	kajler	TRUE	2408	892650.628	-168238.62800000003
J8UG1R	2005	19	n	247281	100	baktec	FALSE	1900	892650.628	-168238.62800000003
JPO85Z	2002	22	Férfi	121122	1	bórcer	FALSE	2886	892650.628	-168238.62800000003
JPO85Z	2002	22	Férfi	121122	2	kajler	FALSE	2844	892650.628	-168238.62800000003
JPO85Z	2002	22	Férfi	121122	3	bojex	FALSE	1997	892650.628	-168238.62800000003
JPO85Z	2002	22	Férfi	121122	4	slotens	FALSE	1335	892650.628	-168238.62800000003
JPO85Z	2002	22	Férfi	121122	5	pofszett	FALSE	1342	892650.628	-168238.62800000003
JPO85Z	2002	22	Férfi	121122	6	rojett	FALSE	938	892650.628	-168238.62800000003
JPO85Z	2002	22	Férfi	121122	7	pratec	FALSE	1042	892650.628	-168238.62800000003
JPO85Z	2002	22	Férfi	121122	8	sudel	FALSE	1511	892650.628	-168238.62800000003
JPO85Z	2002	22	Férfi	121122	9	gortesz	TRUE	1982	892650.628	-168238.62800000003
JPO85Z	2002	22	Férfi	121122	10	stokler	FALSE	1288	892650.628	-168238.62800000003
JPO85Z	2002	22	Férfi	121122	11	kamesz	FALSE	2501	892650.628	-168238.62800000003
JPO85Z	2002	22	Férfi	121122	12	trumlex	FALSE	1364	892650.628	-168238.62800000003
JPO85Z	2002	22	Férfi	121122	13	pámen	FALSE	1266	892650.628	-168238.62800000003
JPO85Z	2002	22	Férfi	121122	14	flotek	FALSE	1852	892650.628	-168238.62800000003
JPO85Z	2002	22	Férfi	121122	15	próngem	FALSE	3450	892650.628	-168238.62800000003
JPO85Z	2002	22	Férfi	121122	16	plosztem	FALSE	1025	892650.628	-168238.62800000003
JPO85Z	2002	22	Férfi	121122	17	kamesz	TRUE	2684	892650.628	-168238.62800000003
JPO85Z	2002	22	Férfi	121122	18	saklek	FALSE	2172	892650.628	-168238.62800000003
JPO85Z	2002	22	Férfi	121122	19	ojett	FALSE	1029	892650.628	-168238.62800000003
JPO85Z	2002	22	Férfi	121122	20	forrel	FALSE	1250	892650.628	-168238.62800000003
JPO85Z	2002	22	Férfi	121122	21	bondett	FALSE	1287	892650.628	-168238.62800000003
JPO85Z	2002	22	Férfi	121122	22	takkesz	FALSE	1263	892650.628	-168238.62800000003
JPO85Z	2002	22	Férfi	121122	23	ojett	FALSE	2175	892650.628	-168238.62800000003
JPO85Z	2002	22	Férfi	121122	24	loftvens	FALSE	1720	892650.628	-168238.62800000003
JPO85Z	2002	22	Férfi	121122	25	bórcer	FALSE	1459	892650.628	-168238.62800000003
JPO85Z	2002	22	Férfi	121122	26	szkatyec	FALSE	958	892650.628	-168238.62800000003
JPO85Z	2002	22	Férfi	121122	27	hodel	FALSE	1218	892650.628	-168238.62800000003
JPO85Z	2002	22	Férfi	121122	28	pódens	FALSE	1709	892650.628	-168238.62800000003
JPO85Z	2002	22	Férfi	121122	29	slotens	FALSE	1253	892650.628	-168238.62800000003
JPO85Z	2002	22	Férfi	121122	30	hókens	FALSE	1363	892650.628	-168238.62800000003
JPO85Z	2002	22	Férfi	121122	31	voglens	FALSE	1483	892650.628	-168238.62800000003
JPO85Z	2002	22	Férfi	121122	32	suter	FALSE	1656	892650.628	-168238.62800000003
JPO85Z	2002	22	Férfi	121122	33	dubex	FALSE	1003	892650.628	-168238.62800000003
JPO85Z	2002	22	Férfi	121122	34	mojem	FALSE	935	892650.628	-168238.62800000003
JPO85Z	2002	22	Férfi	121122	35	kampesz	TRUE	3174	892650.628	-168238.62800000003
JPO85Z	2002	22	Férfi	121122	36	pámen	FALSE	1054	892650.628	-168238.62800000003
JPO85Z	2002	22	Férfi	121122	37	kokker	TRUE	2784	892650.628	-168238.62800000003
JPO85Z	2002	22	Férfi	121122	38	bachesz	FALSE	908	892650.628	-168238.62800000003
JPO85Z	2002	22	Férfi	121122	39	sapec	FALSE	1585	892650.628	-168238.62800000003
JPO85Z	2002	22	Férfi	121122	40	gortesz	TRUE	2106	892650.628	-168238.62800000003
JPO85Z	2002	22	Férfi	121122	41	bralek	FALSE	904	892650.628	-168238.62800000003
JPO85Z	2002	22	Férfi	121122	42	loftvens	FALSE	1041	892650.628	-168238.62800000003
JPO85Z	2002	22	Férfi	121122	43	laben	FALSE	709	892650.628	-168238.62800000003
JPO85Z	2002	22	Férfi	121122	44	vódett	FALSE	853	892650.628	-168238.62800000003
JPO85Z	2002	22	Férfi	121122	45	próngem	FALSE	780	892650.628	-168238.62800000003
JPO85Z	2002	22	Férfi	121122	46	szkatyec	FALSE	700	892650.628	-168238.62800000003
JPO85Z	2002	22	Férfi	121122	47	laben	FALSE	631	892650.628	-168238.62800000003
JPO85Z	2002	22	Férfi	121122	48	tosztem	FALSE	610	892650.628	-168238.62800000003
JPO85Z	2002	22	Férfi	121122	49	flotek	FALSE	684	892650.628	-168238.62800000003
JPO85Z	2002	22	Férfi	121122	50	trumlex	FALSE	679	892650.628	-168238.62800000003
JPO85Z	2002	22	Férfi	121122	51	tokex	FALSE	1203	892650.628	-168238.62800000003
JPO85Z	2002	22	Férfi	121122	52	pofszett	FALSE	891	892650.628	-168238.62800000003
JPO85Z	2002	22	Férfi	121122	53	kranel	FALSE	543	892650.628	-168238.62800000003
JPO85Z	2002	22	Férfi	121122	54	moplec	FALSE	544	892650.628	-168238.62800000003
JPO85Z	2002	22	Férfi	121122	55	hodel	FALSE	643	892650.628	-168238.62800000003
JPO85Z	2002	22	Férfi	121122	56	pódens	FALSE	1039	892650.628	-168238.62800000003
JPO85Z	2002	22	Férfi	121122	57	bálen	FALSE	564	892650.628	-168238.62800000003
JPO85Z	2002	22	Férfi	121122	58	plosztem	FALSE	648	892650.628	-168238.62800000003
JPO85Z	2002	22	Férfi	121122	59	kacsek	FALSE	1292	892650.628	-168238.62800000003
JPO85Z	2002	22	Férfi	121122	60	sudel	FALSE	707	892650.628	-168238.62800000003
JPO85Z	2002	22	Férfi	121122	61	rojett	FALSE	750	892650.628	-168238.62800000003
JPO85Z	2002	22	Férfi	121122	62	bondett	FALSE	791	892650.628	-168238.62800000003
JPO85Z	2002	22	Férfi	121122	63	saklek	FALSE	870	892650.628	-168238.62800000003
JPO85Z	2002	22	Férfi	121122	64	takkesz	FALSE	685	892650.628	-168238.62800000003
JPO85Z	2002	22	Férfi	121122	65	pratec	FALSE	734	892650.628	-168238.62800000003
JPO85Z	2002	22	Férfi	121122	66	vódett	FALSE	769	892650.628	-168238.62800000003
JPO85Z	2002	22	Férfi	121122	67	kumek	FALSE	793	892650.628	-168238.62800000003
JPO85Z	2002	22	Férfi	121122	68	hókens	FALSE	1070	892650.628	-168238.62800000003
JPO85Z	2002	22	Férfi	121122	69	kajler	FALSE	609	892650.628	-168238.62800000003
JPO85Z	2002	22	Férfi	121122	70	mojem	FALSE	528	892650.628	-168238.62800000003
JPO85Z	2002	22	Férfi	121122	71	kacsek	TRUE	2722	892650.628	-168238.62800000003
JPO85Z	2002	22	Férfi	121122	72	sapec	FALSE	671	892650.628	-168238.62800000003
JPO85Z	2002	22	Férfi	121122	73	szláken	FALSE	915	892650.628	-168238.62800000003
JPO85Z	2002	22	Férfi	121122	74	kumek	FALSE	1000	892650.628	-168238.62800000003
JPO85Z	2002	22	Férfi	121122	75	kojex	FALSE	750	892650.628	-168238.62800000003
JPO85Z	2002	22	Férfi	121122	76	szláken	FALSE	775	892650.628	-168238.62800000003
JPO85Z	2002	22	Férfi	121122	77	kranel	FALSE	1463	892650.628	-168238.62800000003
JPO85Z	2002	22	Férfi	121122	78	hacel	FALSE	534	892650.628	-168238.62800000003
JPO85Z	2002	22	Férfi	121122	79	bálen	FALSE	633	892650.628	-168238.62800000003
JPO85Z	2002	22	Férfi	121122	80	kokker	TRUE	1396	892650.628	-168238.62800000003
JPO85Z	2002	22	Férfi	121122	81	bralek	FALSE	1292	892650.628	-168238.62800000003
JPO85Z	2002	22	Férfi	121122	82	bojex	FALSE	1257	892650.628	-168238.62800000003
JPO85Z	2002	22	Férfi	121122	83	ubrem	FALSE	800	892650.628	-168238.62800000003
JPO85Z	2002	22	Férfi	121122	84	moplec	FALSE	989	892650.628	-168238.62800000003
JPO85Z	2002	22	Férfi	121122	85	daken	FALSE	571	892650.628	-168238.62800000003
JPO85Z	2002	22	Férfi	121122	86	kampesz	TRUE	3278	892650.628	-168238.62800000003
JPO85Z	2002	22	Férfi	121122	87	baktec	FALSE	513	892650.628	-168238.62800000003
JPO85Z	2002	22	Férfi	121122	88	daken	FALSE	1094	892650.628	-168238.62800000003
JPO85Z	2002	22	Férfi	121122	89	tosztem	FALSE	2856	892650.628	-168238.62800000003
JPO85Z	2002	22	Férfi	121122	90	hacel	FALSE	591	892650.628	-168238.62800000003
JPO85Z	2002	22	Férfi	121122	91	bachesz	FALSE	580	892650.628	-168238.62800000003
JPO85Z	2002	22	Férfi	121122	92	stokler	FALSE	827	892650.628	-168238.62800000003
JPO85Z	2002	22	Férfi	121122	93	baktec	FALSE	578	892650.628	-168238.62800000003
JPO85Z	2002	22	Férfi	121122	94	forrel	FALSE	719	892650.628	-168238.62800000003
JPO85Z	2002	22	Férfi	121122	95	kojex	FALSE	559	892650.628	-168238.62800000003
JPO85Z	2002	22	Férfi	121122	96	suter	FALSE	765	892650.628	-168238.62800000003
JPO85Z	2002	22	Férfi	121122	97	voglens	FALSE	561	892650.628	-168238.62800000003
JPO85Z	2002	22	Férfi	121122	98	dubex	FALSE	778	892650.628	-168238.62800000003
JPO85Z	2002	22	Férfi	121122	99	ubrem	FALSE	765	892650.628	-168238.62800000003
JPO85Z	2002	22	Férfi	121122	100	tokex	FALSE	775	892650.628	-168238.62800000003
LP6AA5	2006	18	f	385118	1	vódett	FALSE	10930	892650.628	-168238.62800000003
LP6AA5	2006	18	f	385118	2	moplec	FALSE	10535	892650.628	-168238.62800000003
LP6AA5	2006	18	f	385118	3	flotek	FALSE	7525	892650.628	-168238.62800000003
LP6AA5	2006	18	f	385118	4	laben	FALSE	7655	892650.628	-168238.62800000003
LP6AA5	2006	18	f	385118	5	kajler	FALSE	8293	892650.628	-168238.62800000003
LP6AA5	2006	18	f	385118	6	kumek	FALSE	6861	892650.628	-168238.62800000003
LP6AA5	2006	18	f	385118	7	forrel	FALSE	8714	892650.628	-168238.62800000003
LP6AA5	2006	18	f	385118	8	pratec	FALSE	62053	892650.628	-168238.62800000003
LP6AA5	2006	18	f	385118	9	rojett	FALSE	4890	892650.628	-168238.62800000003
LP6AA5	2006	18	f	385118	10	takkesz	FALSE	3667	892650.628	-168238.62800000003
LP6AA5	2006	18	f	385118	11	ubrem	FALSE	2850	892650.628	-168238.62800000003
LP6AA5	2006	18	f	385118	12	suter	FALSE	2681	892650.628	-168238.62800000003
LP6AA5	2006	18	f	385118	13	slotens	FALSE	3358	892650.628	-168238.62800000003
LP6AA5	2006	18	f	385118	14	voglens	FALSE	2040	892650.628	-168238.62800000003
LP6AA5	2006	18	f	385118	15	bralek	FALSE	3234	892650.628	-168238.62800000003
LP6AA5	2006	18	f	385118	16	kranel	FALSE	5191	892650.628	-168238.62800000003
LP6AA5	2006	18	f	385118	17	szláken	FALSE	10156	892650.628	-168238.62800000003
LP6AA5	2006	18	f	385118	18	bálen	FALSE	5056	892650.628	-168238.62800000003
LP6AA5	2006	18	f	385118	19	trumlex	FALSE	5306	892650.628	-168238.62800000003
LP6AA5	2006	18	f	385118	20	sapec	FALSE	2766	892650.628	-168238.62800000003
LP6AA5	2006	18	f	385118	21	pofszett	FALSE	3561	892650.628	-168238.62800000003
LP6AA5	2006	18	f	385118	22	hacel	FALSE	1889	892650.628	-168238.62800000003
LP6AA5	2006	18	f	385118	23	loftvens	FALSE	1585	892650.628	-168238.62800000003
LP6AA5	2006	18	f	385118	24	bachesz	FALSE	1050	892650.628	-168238.62800000003
LP6AA5	2006	18	f	385118	25	slotens	FALSE	1954	892650.628	-168238.62800000003
LP6AA5	2006	18	f	385118	26	rojett	FALSE	910	892650.628	-168238.62800000003
LP6AA5	2006	18	f	385118	27	kacsek	FALSE	2222	892650.628	-168238.62800000003
LP6AA5	2006	18	f	385118	28	bórcer	FALSE	10880	892650.628	-168238.62800000003
LP6AA5	2006	18	f	385118	29	saklek	FALSE	1526	892650.628	-168238.62800000003
LP6AA5	2006	18	f	385118	30	stokler	FALSE	2090	892650.628	-168238.62800000003
LP6AA5	2006	18	f	385118	31	ojett	FALSE	1066	892650.628	-168238.62800000003
LP6AA5	2006	18	f	385118	32	hodel	FALSE	3741	892650.628	-168238.62800000003
LP6AA5	2006	18	f	385118	33	pámen	FALSE	2084	892650.628	-168238.62800000003
LP6AA5	2006	18	f	385118	34	takkesz	FALSE	7096	892650.628	-168238.62800000003
LP6AA5	2006	18	f	385118	35	baktec	FALSE	6388	892650.628	-168238.62800000003
LP6AA5	2006	18	f	385118	36	baktec	FALSE	4452	892650.628	-168238.62800000003
LP6AA5	2006	18	f	385118	37	kojex	FALSE	3313	892650.628	-168238.62800000003
LP6AA5	2006	18	f	385118	38	dubex	FALSE	3634	892650.628	-168238.62800000003
LP6AA5	2006	18	f	385118	39	loftvens	FALSE	3863	892650.628	-168238.62800000003
LP6AA5	2006	18	f	385118	40	gortesz	FALSE	3984	892650.628	-168238.62800000003
LP6AA5	2006	18	f	385118	41	trumlex	FALSE	3665	892650.628	-168238.62800000003
LP6AA5	2006	18	f	385118	42	ojett	FALSE	2442	892650.628	-168238.62800000003
LP6AA5	2006	18	f	385118	43	hacel	FALSE	5327	892650.628	-168238.62800000003
LP6AA5	2006	18	f	385118	44	bálen	FALSE	9764	892650.628	-168238.62800000003
LP6AA5	2006	18	f	385118	45	dubex	FALSE	2093	892650.628	-168238.62800000003
LP6AA5	2006	18	f	385118	46	mojem	FALSE	3489	892650.628	-168238.62800000003
LP6AA5	2006	18	f	385118	47	hodel	FALSE	3332	892650.628	-168238.62800000003
LP6AA5	2006	18	f	385118	48	kajler	FALSE	2866	892650.628	-168238.62800000003
LP6AA5	2006	18	f	385118	49	suter	FALSE	2561	892650.628	-168238.62800000003
LP6AA5	2006	18	f	385118	50	kokker	FALSE	2986	892650.628	-168238.62800000003
LP6AA5	2006	18	f	385118	51	kokker	FALSE	2320	892650.628	-168238.62800000003
LP6AA5	2006	18	f	385118	52	szkatyec	FALSE	4301	892650.628	-168238.62800000003
LP6AA5	2006	18	f	385118	53	mojem	FALSE	3623	892650.628	-168238.62800000003
LP6AA5	2006	18	f	385118	54	daken	FALSE	1377	892650.628	-168238.62800000003
LP6AA5	2006	18	f	385118	55	laben	FALSE	1942	892650.628	-168238.62800000003
LP6AA5	2006	18	f	385118	56	kacsek	FALSE	2515	892650.628	-168238.62800000003
LP6AA5	2006	18	f	385118	57	bondett	FALSE	4061	892650.628	-168238.62800000003
LP6AA5	2006	18	f	385118	58	bojex	FALSE	1925	892650.628	-168238.62800000003
LP6AA5	2006	18	f	385118	59	plosztem	FALSE	3557	892650.628	-168238.62800000003
LP6AA5	2006	18	f	385118	60	pódens	FALSE	2558	892650.628	-168238.62800000003
LP6AA5	2006	18	f	385118	61	bórcer	FALSE	3087	892650.628	-168238.62800000003
LP6AA5	2006	18	f	385118	62	bralek	FALSE	1515	892650.628	-168238.62800000003
LP6AA5	2006	18	f	385118	63	tokex	FALSE	662	892650.628	-168238.62800000003
LP6AA5	2006	18	f	385118	64	hókens	FALSE	2525	892650.628	-168238.62800000003
LP6AA5	2006	18	f	385118	65	daken	FALSE	6538	892650.628	-168238.62800000003
LP6AA5	2006	18	f	385118	66	bondett	FALSE	1521	892650.628	-168238.62800000003
LP6AA5	2006	18	f	385118	67	szkatyec	FALSE	4467	892650.628	-168238.62800000003
LP6AA5	2006	18	f	385118	68	tosztem	FALSE	8296	892650.628	-168238.62800000003
LP6AA5	2006	18	f	385118	69	pódens	FALSE	4223	892650.628	-168238.62800000003
LP6AA5	2006	18	f	385118	70	pámen	FALSE	4607	892650.628	-168238.62800000003
LP6AA5	2006	18	f	385118	71	pratec	FALSE	2798	892650.628	-168238.62800000003
LP6AA5	2006	18	f	385118	72	bojex	FALSE	2084	892650.628	-168238.62800000003
LP6AA5	2006	18	f	385118	73	sudel	FALSE	11107	892650.628	-168238.62800000003
LP6AA5	2006	18	f	385118	74	tokex	FALSE	2666	892650.628	-168238.62800000003
LP6AA5	2006	18	f	385118	75	kampesz	FALSE	2209	892650.628	-168238.62800000003
LP6AA5	2006	18	f	385118	76	voglens	FALSE	1743	892650.628	-168238.62800000003
LP6AA5	2006	18	f	385118	77	vódett	FALSE	905	892650.628	-168238.62800000003
LP6AA5	2006	18	f	385118	78	flotek	FALSE	1528	892650.628	-168238.62800000003
LP6AA5	2006	18	f	385118	79	kampesz	FALSE	663	892650.628	-168238.62800000003
LP6AA5	2006	18	f	385118	80	próngem	FALSE	631	892650.628	-168238.62800000003
LP6AA5	2006	18	f	385118	81	próngem	FALSE	1474	892650.628	-168238.62800000003
LP6AA5	2006	18	f	385118	82	kamesz	FALSE	947	892650.628	-168238.62800000003
LP6AA5	2006	18	f	385118	83	pofszett	FALSE	1031	892650.628	-168238.62800000003
LP6AA5	2006	18	f	385118	84	tosztem	FALSE	834	892650.628	-168238.62800000003
LP6AA5	2006	18	f	385118	85	sapec	FALSE	441	892650.628	-168238.62800000003
LP6AA5	2006	18	f	385118	86	moplec	FALSE	364	892650.628	-168238.62800000003
LP6AA5	2006	18	f	385118	87	sudel	FALSE	674	892650.628	-168238.62800000003
LP6AA5	2006	18	f	385118	88	ubrem	FALSE	848	892650.628	-168238.62800000003
LP6AA5	2006	18	f	385118	89	kamesz	FALSE	730	892650.628	-168238.62800000003
LP6AA5	2006	18	f	385118	90	stokler	FALSE	922	892650.628	-168238.62800000003
LP6AA5	2006	18	f	385118	91	kojex	FALSE	774	892650.628	-168238.62800000003
LP6AA5	2006	18	f	385118	92	plosztem	FALSE	581	892650.628	-168238.62800000003
LP6AA5	2006	18	f	385118	93	kumek	FALSE	621	892650.628	-168238.62800000003
LP6AA5	2006	18	f	385118	94	forrel	FALSE	624	892650.628	-168238.62800000003
LP6AA5	2006	18	f	385118	95	saklek	FALSE	651	892650.628	-168238.62800000003
LP6AA5	2006	18	f	385118	96	gortesz	FALSE	351	892650.628	-168238.62800000003
LP6AA5	2006	18	f	385118	97	bachesz	FALSE	303	892650.628	-168238.62800000003
LP6AA5	2006	18	f	385118	98	kranel	FALSE	739	892650.628	-168238.62800000003
LP6AA5	2006	18	f	385118	99	hókens	FALSE	349	892650.628	-168238.62800000003
LP6AA5	2006	18	f	385118	100	szláken	FALSE	332	892650.628	-168238.62800000003
B4NKWJ	2005	19	N	210438	1	dubex	TRUE	4447	892650.628	-168238.62800000003
B4NKWJ	2005	19	N	210438	2	moplec	TRUE	5526	892650.628	-168238.62800000003
B4NKWJ	2005	19	N	210438	3	saklek	TRUE	3853	892650.628	-168238.62800000003
B4NKWJ	2005	19	N	210438	4	kampesz	TRUE	2037	892650.628	-168238.62800000003
B4NKWJ	2005	19	N	210438	5	mojem	FALSE	1868	892650.628	-168238.62800000003
B4NKWJ	2005	19	N	210438	6	kranel	TRUE	5208	892650.628	-168238.62800000003
B4NKWJ	2005	19	N	210438	7	kajler	FALSE	6693	892650.628	-168238.62800000003
B4NKWJ	2005	19	N	210438	8	forrel	FALSE	3415	892650.628	-168238.62800000003
B4NKWJ	2005	19	N	210438	9	stokler	FALSE	5135	892650.628	-168238.62800000003
B4NKWJ	2005	19	N	210438	10	trumlex	FALSE	5042	892650.628	-168238.62800000003
B4NKWJ	2005	19	N	210438	11	tokex	FALSE	4301	892650.628	-168238.62800000003
B4NKWJ	2005	19	N	210438	12	suter	TRUE	1553	892650.628	-168238.62800000003
B4NKWJ	2005	19	N	210438	13	kampesz	FALSE	2081	892650.628	-168238.62800000003
B4NKWJ	2005	19	N	210438	14	szláken	TRUE	2751	892650.628	-168238.62800000003
B4NKWJ	2005	19	N	210438	15	hacel	FALSE	3230	892650.628	-168238.62800000003
B4NKWJ	2005	19	N	210438	16	szkatyec	TRUE	3201	892650.628	-168238.62800000003
B4NKWJ	2005	19	N	210438	17	pofszett	FALSE	5107	892650.628	-168238.62800000003
B4NKWJ	2005	19	N	210438	18	daken	FALSE	3087	892650.628	-168238.62800000003
B4NKWJ	2005	19	N	210438	19	hókens	TRUE	1803	892650.628	-168238.62800000003
B4NKWJ	2005	19	N	210438	20	kacsek	TRUE	4629	892650.628	-168238.62800000003
B4NKWJ	2005	19	N	210438	21	saklek	FALSE	2265	892650.628	-168238.62800000003
B4NKWJ	2005	19	N	210438	22	próngem	TRUE	1393	892650.628	-168238.62800000003
B4NKWJ	2005	19	N	210438	23	kacsek	TRUE	1817	892650.628	-168238.62800000003
B4NKWJ	2005	19	N	210438	24	pratec	FALSE	1950	892650.628	-168238.62800000003
B4NKWJ	2005	19	N	210438	25	bojex	FALSE	1444	892650.628	-168238.62800000003
B4NKWJ	2005	19	N	210438	26	moplec	TRUE	1583	892650.628	-168238.62800000003
B4NKWJ	2005	19	N	210438	27	loftvens	TRUE	1280	892650.628	-168238.62800000003
B4NKWJ	2005	19	N	210438	28	kokker	TRUE	1691	892650.628	-168238.62800000003
B4NKWJ	2005	19	N	210438	29	ojett	FALSE	2884	892650.628	-168238.62800000003
B4NKWJ	2005	19	N	210438	30	szláken	FALSE	3044	892650.628	-168238.62800000003
B4NKWJ	2005	19	N	210438	31	kojex	FALSE	926	892650.628	-168238.62800000003
B4NKWJ	2005	19	N	210438	32	takkesz	TRUE	2557	892650.628	-168238.62800000003
B4NKWJ	2005	19	N	210438	33	vódett	FALSE	1585	892650.628	-168238.62800000003
B4NKWJ	2005	19	N	210438	34	tokex	FALSE	694	892650.628	-168238.62800000003
B4NKWJ	2005	19	N	210438	35	bálen	TRUE	1973	892650.628	-168238.62800000003
B4NKWJ	2005	19	N	210438	36	kumek	FALSE	2511	892650.628	-168238.62800000003
B4NKWJ	2005	19	N	210438	37	gortesz	FALSE	13482	892650.628	-168238.62800000003
B4NKWJ	2005	19	N	210438	38	laben	TRUE	2308	892650.628	-168238.62800000003
B4NKWJ	2005	19	N	210438	39	stokler	TRUE	856	892650.628	-168238.62800000003
B4NKWJ	2005	19	N	210438	40	daken	FALSE	777	892650.628	-168238.62800000003
B4NKWJ	2005	19	N	210438	41	bondett	FALSE	1210	892650.628	-168238.62800000003
B4NKWJ	2005	19	N	210438	42	kokker	FALSE	869	892650.628	-168238.62800000003
B4NKWJ	2005	19	N	210438	43	loftvens	TRUE	1206	892650.628	-168238.62800000003
B4NKWJ	2005	19	N	210438	44	pofszett	FALSE	2828	892650.628	-168238.62800000003
B4NKWJ	2005	19	N	210438	45	bórcer	TRUE	2213	892650.628	-168238.62800000003
B4NKWJ	2005	19	N	210438	46	tosztem	FALSE	1519	892650.628	-168238.62800000003
B4NKWJ	2005	19	N	210438	47	sapec	TRUE	3515	892650.628	-168238.62800000003
B4NKWJ	2005	19	N	210438	48	flotek	TRUE	1032	892650.628	-168238.62800000003
B4NKWJ	2005	19	N	210438	49	voglens	FALSE	1433	892650.628	-168238.62800000003
B4NKWJ	2005	19	N	210438	50	bralek	TRUE	1829	892650.628	-168238.62800000003
B4NKWJ	2005	19	N	210438	51	kojex	FALSE	1825	892650.628	-168238.62800000003
B4NKWJ	2005	19	N	210438	52	plosztem	TRUE	5426	892650.628	-168238.62800000003
B4NKWJ	2005	19	N	210438	53	ojett	FALSE	1096	892650.628	-168238.62800000003
B4NKWJ	2005	19	N	210438	54	ubrem	TRUE	1336	892650.628	-168238.62800000003
B4NKWJ	2005	19	N	210438	55	rojett	TRUE	2002	892650.628	-168238.62800000003
B4NKWJ	2005	19	N	210438	56	laben	TRUE	1970	892650.628	-168238.62800000003
B4NKWJ	2005	19	N	210438	57	takkesz	TRUE	1458	892650.628	-168238.62800000003
B4NKWJ	2005	19	N	210438	58	slotens	FALSE	621	892650.628	-168238.62800000003
B4NKWJ	2005	19	N	210438	59	pratec	FALSE	599	892650.628	-168238.62800000003
B4NKWJ	2005	19	N	210438	60	kamesz	TRUE	856	892650.628	-168238.62800000003
B4NKWJ	2005	19	N	210438	61	baktec	TRUE	4673	892650.628	-168238.62800000003
B4NKWJ	2005	19	N	210438	62	bórcer	FALSE	1592	892650.628	-168238.62800000003
B4NKWJ	2005	19	N	210438	63	tosztem	TRUE	2571	892650.628	-168238.62800000003
B4NKWJ	2005	19	N	210438	64	bachesz	TRUE	2853	892650.628	-168238.62800000003
B4NKWJ	2005	19	N	210438	65	hókens	TRUE	1419	892650.628	-168238.62800000003
B4NKWJ	2005	19	N	210438	66	dubex	TRUE	879	892650.628	-168238.62800000003
B4NKWJ	2005	19	N	210438	67	vódett	FALSE	1905	892650.628	-168238.62800000003
B4NKWJ	2005	19	N	210438	68	bralek	TRUE	1461	892650.628	-168238.62800000003
B4NKWJ	2005	19	N	210438	69	voglens	TRUE	2775	892650.628	-168238.62800000003
B4NKWJ	2005	19	N	210438	70	rojett	FALSE	1528	892650.628	-168238.62800000003
B4NKWJ	2005	19	N	210438	71	pódens	TRUE	3334	892650.628	-168238.62800000003
B4NKWJ	2005	19	N	210438	72	forrel	FALSE	1009	892650.628	-168238.62800000003
B4NKWJ	2005	19	N	210438	73	bálen	TRUE	1221	892650.628	-168238.62800000003
B4NKWJ	2005	19	N	210438	74	hodel	TRUE	1516	892650.628	-168238.62800000003
B4NKWJ	2005	19	N	210438	75	kranel	TRUE	1436	892650.628	-168238.62800000003
B4NKWJ	2005	19	N	210438	76	próngem	FALSE	367	892650.628	-168238.62800000003
B4NKWJ	2005	19	N	210438	77	baktec	TRUE	1014	892650.628	-168238.62800000003
B4NKWJ	2005	19	N	210438	78	hodel	TRUE	1017	892650.628	-168238.62800000003
B4NKWJ	2005	19	N	210438	79	pódens	TRUE	994	892650.628	-168238.62800000003
B4NKWJ	2005	19	N	210438	80	kumek	FALSE	448	892650.628	-168238.62800000003
B4NKWJ	2005	19	N	210438	81	pámen	TRUE	1078	892650.628	-168238.62800000003
B4NKWJ	2005	19	N	210438	82	sudel	FALSE	843	892650.628	-168238.62800000003
B4NKWJ	2005	19	N	210438	83	bachesz	TRUE	1874	892650.628	-168238.62800000003
B4NKWJ	2005	19	N	210438	84	sapec	TRUE	1107	892650.628	-168238.62800000003
B4NKWJ	2005	19	N	210438	85	kajler	TRUE	812	892650.628	-168238.62800000003
B4NKWJ	2005	19	N	210438	86	trumlex	TRUE	388	892650.628	-168238.62800000003
B4NKWJ	2005	19	N	210438	87	kamesz	FALSE	895	892650.628	-168238.62800000003
B4NKWJ	2005	19	N	210438	88	ubrem	FALSE	528	892650.628	-168238.62800000003
B4NKWJ	2005	19	N	210438	89	sudel	TRUE	562	892650.628	-168238.62800000003
B4NKWJ	2005	19	N	210438	90	bojex	FALSE	592	892650.628	-168238.62800000003
B4NKWJ	2005	19	N	210438	91	plosztem	TRUE	826	892650.628	-168238.62800000003
B4NKWJ	2005	19	N	210438	92	szkatyec	TRUE	1449	892650.628	-168238.62800000003
B4NKWJ	2005	19	N	210438	93	flotek	TRUE	844	892650.628	-168238.62800000003
B4NKWJ	2005	19	N	210438	94	pámen	FALSE	856	892650.628	-168238.62800000003
B4NKWJ	2005	19	N	210438	95	gortesz	TRUE	1007	892650.628	-168238.62800000003
B4NKWJ	2005	19	N	210438	96	mojem	FALSE	1249	892650.628	-168238.62800000003
B4NKWJ	2005	19	N	210438	97	bondett	TRUE	1182	892650.628	-168238.62800000003
B4NKWJ	2005	19	N	210438	98	slotens	TRUE	1114	892650.628	-168238.62800000003
B4NKWJ	2005	19	N	210438	99	suter	TRUE	1164	892650.628	-168238.62800000003
B4NKWJ	2005	19	N	210438	100	hacel	TRUE	1226	892650.628	-168238.62800000003
